
build/debug/FC_Software.elf:     file format elf32-littlearm

Sections:
Idx Name          Size      VMA       LMA       File off  Algn
  0 .isr_vector   00000188  08000000  08000000  00001000  2**0
                  CONTENTS, ALLOC, LOAD, READONLY, DATA
  1 .text         00004628  08000188  08000188  00001188  2**2
                  CONTENTS, ALLOC, LOAD, READONLY, CODE
  2 .rodata       00000060  080047b0  080047b0  000057b0  2**2
                  CONTENTS, ALLOC, LOAD, READONLY, DATA
  3 .ARM.extab    00000000  08004810  08004810  000060f8  2**0
                  CONTENTS, READONLY
  4 .ARM          00000008  08004810  08004810  00005810  2**2
                  CONTENTS, ALLOC, LOAD, READONLY, DATA
  5 .preinit_array 00000000  08004818  08004818  000060f8  2**0
                  CONTENTS, ALLOC, LOAD, DATA
  6 .init_array   00000004  08004818  08004818  00005818  2**2
                  CONTENTS, ALLOC, LOAD, READONLY, DATA
  7 .fini_array   00000004  0800481c  0800481c  0000581c  2**2
                  CONTENTS, ALLOC, LOAD, READONLY, DATA
  8 .data         000000f8  20000000  08004820  00006000  2**2
                  CONTENTS, ALLOC, LOAD, DATA
  9 .ccmram       00000000  10000000  10000000  000060f8  2**0
                  CONTENTS
 10 .bss          00001e38  200000f8  200000f8  000060f8  2**2
                  ALLOC
 11 ._user_heap_stack 00000600  20001f30  20001f30  000060f8  2**0
                  ALLOC
 12 .ARM.attributes 00000030  00000000  00000000  000060f8  2**0
                  CONTENTS, READONLY
 13 .comment      00000026  00000000  00000000  00006128  2**0
                  CONTENTS, READONLY
 14 .debug_info   0001bdcf  00000000  00000000  0000614e  2**0
                  CONTENTS, READONLY, DEBUGGING, OCTETS
 15 .debug_abbrev 00003fae  00000000  00000000  00021f1d  2**0
                  CONTENTS, READONLY, DEBUGGING, OCTETS
 16 .debug_aranges 000012f8  00000000  00000000  00025ed0  2**3
                  CONTENTS, READONLY, DEBUGGING, OCTETS
 17 .debug_rnglists 00000e5b  00000000  00000000  000271c8  2**0
                  CONTENTS, READONLY, DEBUGGING, OCTETS
 18 .debug_line   00014a77  00000000  00000000  00028023  2**0
                  CONTENTS, READONLY, DEBUGGING, OCTETS
 19 .debug_str    00005ba9  00000000  00000000  0003ca9a  2**0
                  CONTENTS, READONLY, DEBUGGING, OCTETS
 20 .debug_frame  0000324c  00000000  00000000  00042644  2**2
                  CONTENTS, READONLY, DEBUGGING, OCTETS
 21 .debug_loclists 0000e74a  00000000  00000000  00045890  2**0
                  CONTENTS, READONLY, DEBUGGING, OCTETS
 22 .debug_line_str 000000fc  00000000  00000000  00053fda  2**0
                  CONTENTS, READONLY, DEBUGGING, OCTETS

Disassembly of section .text:

08000188 <deregister_tm_clones>:
 8000188:	4803      	ldr	r0, [pc, #12]	@ (8000198 <deregister_tm_clones+0x10>)
 800018a:	4b04      	ldr	r3, [pc, #16]	@ (800019c <deregister_tm_clones+0x14>)
 800018c:	4283      	cmp	r3, r0
 800018e:	d002      	beq.n	8000196 <deregister_tm_clones+0xe>
 8000190:	4b03      	ldr	r3, [pc, #12]	@ (80001a0 <deregister_tm_clones+0x18>)
 8000192:	b103      	cbz	r3, 8000196 <deregister_tm_clones+0xe>
 8000194:	4718      	bx	r3
 8000196:	4770      	bx	lr
 8000198:	200000f8 	.word	0x200000f8
 800019c:	200000f8 	.word	0x200000f8
 80001a0:	00000000 	.word	0x00000000

080001a4 <register_tm_clones>:
 80001a4:	4805      	ldr	r0, [pc, #20]	@ (80001bc <register_tm_clones+0x18>)
 80001a6:	4b06      	ldr	r3, [pc, #24]	@ (80001c0 <register_tm_clones+0x1c>)
 80001a8:	1a1b      	subs	r3, r3, r0
 80001aa:	0fd9      	lsrs	r1, r3, #31
 80001ac:	eb01 01a3 	add.w	r1, r1, r3, asr #2
 80001b0:	1049      	asrs	r1, r1, #1
 80001b2:	d002      	beq.n	80001ba <register_tm_clones+0x16>
 80001b4:	4b03      	ldr	r3, [pc, #12]	@ (80001c4 <register_tm_clones+0x20>)
 80001b6:	b103      	cbz	r3, 80001ba <register_tm_clones+0x16>
 80001b8:	4718      	bx	r3
 80001ba:	4770      	bx	lr
 80001bc:	200000f8 	.word	0x200000f8
 80001c0:	200000f8 	.word	0x200000f8
 80001c4:	00000000 	.word	0x00000000

080001c8 <__do_global_dtors_aux>:
 80001c8:	b510      	push	{r4, lr}
 80001ca:	4c06      	ldr	r4, [pc, #24]	@ (80001e4 <__do_global_dtors_aux+0x1c>)
 80001cc:	7823      	ldrb	r3, [r4, #0]
 80001ce:	b943      	cbnz	r3, 80001e2 <__do_global_dtors_aux+0x1a>
 80001d0:	f7ff ffda 	bl	8000188 <deregister_tm_clones>
 80001d4:	4b04      	ldr	r3, [pc, #16]	@ (80001e8 <__do_global_dtors_aux+0x20>)
 80001d6:	b113      	cbz	r3, 80001de <__do_global_dtors_aux+0x16>
 80001d8:	4804      	ldr	r0, [pc, #16]	@ (80001ec <__do_global_dtors_aux+0x24>)
 80001da:	f3af 8000 	nop.w
 80001de:	2301      	movs	r3, #1
 80001e0:	7023      	strb	r3, [r4, #0]
 80001e2:	bd10      	pop	{r4, pc}
 80001e4:	200000f8 	.word	0x200000f8
 80001e8:	00000000 	.word	0x00000000
 80001ec:	08004798 	.word	0x08004798

080001f0 <frame_dummy>:
 80001f0:	b508      	push	{r3, lr}
 80001f2:	4b04      	ldr	r3, [pc, #16]	@ (8000204 <frame_dummy+0x14>)
 80001f4:	b11b      	cbz	r3, 80001fe <frame_dummy+0xe>
 80001f6:	4904      	ldr	r1, [pc, #16]	@ (8000208 <frame_dummy+0x18>)
 80001f8:	4804      	ldr	r0, [pc, #16]	@ (800020c <frame_dummy+0x1c>)
 80001fa:	f3af 8000 	nop.w
 80001fe:	e8bd 4008 	ldmia.w	sp!, {r3, lr}
 8000202:	e7cf      	b.n	80001a4 <register_tm_clones>
 8000204:	00000000 	.word	0x00000000
 8000208:	200000fc 	.word	0x200000fc
 800020c:	08004798 	.word	0x08004798

08000210 <__libc_init_array>:
 8000210:	b570      	push	{r4, r5, r6, lr}
 8000212:	4b0f      	ldr	r3, [pc, #60]	@ (8000250 <__libc_init_array+0x40>)
 8000214:	4d0f      	ldr	r5, [pc, #60]	@ (8000254 <__libc_init_array+0x44>)
 8000216:	42ab      	cmp	r3, r5
 8000218:	eba3 0605 	sub.w	r6, r3, r5
 800021c:	d007      	beq.n	800022e <__libc_init_array+0x1e>
 800021e:	10b6      	asrs	r6, r6, #2
 8000220:	2400      	movs	r4, #0
 8000222:	f855 3b04 	ldr.w	r3, [r5], #4
 8000226:	3401      	adds	r4, #1
 8000228:	4798      	blx	r3
 800022a:	42a6      	cmp	r6, r4
 800022c:	d8f9      	bhi.n	8000222 <__libc_init_array+0x12>
 800022e:	f004 fab3 	bl	8004798 <_init>
 8000232:	4d09      	ldr	r5, [pc, #36]	@ (8000258 <__libc_init_array+0x48>)
 8000234:	4b09      	ldr	r3, [pc, #36]	@ (800025c <__libc_init_array+0x4c>)
 8000236:	1b5e      	subs	r6, r3, r5
 8000238:	42ab      	cmp	r3, r5
 800023a:	ea4f 06a6 	mov.w	r6, r6, asr #2
 800023e:	d006      	beq.n	800024e <__libc_init_array+0x3e>
 8000240:	2400      	movs	r4, #0
 8000242:	f855 3b04 	ldr.w	r3, [r5], #4
 8000246:	3401      	adds	r4, #1
 8000248:	4798      	blx	r3
 800024a:	42a6      	cmp	r6, r4
 800024c:	d8f9      	bhi.n	8000242 <__libc_init_array+0x32>
 800024e:	bd70      	pop	{r4, r5, r6, pc}
 8000250:	08004818 	.word	0x08004818
 8000254:	08004818 	.word	0x08004818
 8000258:	08004818 	.word	0x08004818
 800025c:	0800481c 	.word	0x0800481c

08000260 <memset>:
 8000260:	0783      	lsls	r3, r0, #30
 8000262:	b530      	push	{r4, r5, lr}
 8000264:	d047      	beq.n	80002f6 <memset+0x96>
 8000266:	1e54      	subs	r4, r2, #1
 8000268:	2a00      	cmp	r2, #0
 800026a:	d03e      	beq.n	80002ea <memset+0x8a>
 800026c:	b2ca      	uxtb	r2, r1
 800026e:	4603      	mov	r3, r0
 8000270:	e001      	b.n	8000276 <memset+0x16>
 8000272:	3c01      	subs	r4, #1
 8000274:	d339      	bcc.n	80002ea <memset+0x8a>
 8000276:	f803 2b01 	strb.w	r2, [r3], #1
 800027a:	079d      	lsls	r5, r3, #30
 800027c:	d1f9      	bne.n	8000272 <memset+0x12>
 800027e:	2c03      	cmp	r4, #3
 8000280:	d92c      	bls.n	80002dc <memset+0x7c>
 8000282:	b2cd      	uxtb	r5, r1
 8000284:	eb05 2505 	add.w	r5, r5, r5, lsl #8
 8000288:	2c0f      	cmp	r4, #15
 800028a:	eb05 4505 	add.w	r5, r5, r5, lsl #16
 800028e:	d935      	bls.n	80002fc <memset+0x9c>
 8000290:	f1a4 0210 	sub.w	r2, r4, #16
 8000294:	f022 0c0f 	bic.w	ip, r2, #15
 8000298:	f103 0e10 	add.w	lr, r3, #16
 800029c:	44e6      	add	lr, ip
 800029e:	ea4f 1c12 	mov.w	ip, r2, lsr #4
 80002a2:	461a      	mov	r2, r3
 80002a4:	e9c2 5500 	strd	r5, r5, [r2]
 80002a8:	e9c2 5502 	strd	r5, r5, [r2, #8]
 80002ac:	3210      	adds	r2, #16
 80002ae:	4572      	cmp	r2, lr
 80002b0:	d1f8      	bne.n	80002a4 <memset+0x44>
 80002b2:	f10c 0201 	add.w	r2, ip, #1
 80002b6:	f014 0f0c 	tst.w	r4, #12
 80002ba:	eb03 1202 	add.w	r2, r3, r2, lsl #4
 80002be:	f004 0c0f 	and.w	ip, r4, #15
 80002c2:	d013      	beq.n	80002ec <memset+0x8c>
 80002c4:	f1ac 0304 	sub.w	r3, ip, #4
 80002c8:	f023 0303 	bic.w	r3, r3, #3
 80002cc:	3304      	adds	r3, #4
 80002ce:	4413      	add	r3, r2
 80002d0:	f842 5b04 	str.w	r5, [r2], #4
 80002d4:	4293      	cmp	r3, r2
 80002d6:	d1fb      	bne.n	80002d0 <memset+0x70>
 80002d8:	f00c 0403 	and.w	r4, ip, #3
 80002dc:	b12c      	cbz	r4, 80002ea <memset+0x8a>
 80002de:	b2c9      	uxtb	r1, r1
 80002e0:	441c      	add	r4, r3
 80002e2:	f803 1b01 	strb.w	r1, [r3], #1
 80002e6:	42a3      	cmp	r3, r4
 80002e8:	d1fb      	bne.n	80002e2 <memset+0x82>
 80002ea:	bd30      	pop	{r4, r5, pc}
 80002ec:	4664      	mov	r4, ip
 80002ee:	4613      	mov	r3, r2
 80002f0:	2c00      	cmp	r4, #0
 80002f2:	d1f4      	bne.n	80002de <memset+0x7e>
 80002f4:	e7f9      	b.n	80002ea <memset+0x8a>
 80002f6:	4603      	mov	r3, r0
 80002f8:	4614      	mov	r4, r2
 80002fa:	e7c0      	b.n	800027e <memset+0x1e>
 80002fc:	461a      	mov	r2, r3
 80002fe:	46a4      	mov	ip, r4
 8000300:	e7e0      	b.n	80002c4 <memset+0x64>
 8000302:	bf00      	nop

08000304 <__aeabi_uldivmod>:
 8000304:	b953      	cbnz	r3, 800031c <__aeabi_uldivmod+0x18>
 8000306:	b94a      	cbnz	r2, 800031c <__aeabi_uldivmod+0x18>
 8000308:	2900      	cmp	r1, #0
 800030a:	bf08      	it	eq
 800030c:	2800      	cmpeq	r0, #0
 800030e:	bf1c      	itt	ne
 8000310:	f04f 31ff 	movne.w	r1, #4294967295	@ 0xffffffff
 8000314:	f04f 30ff 	movne.w	r0, #4294967295	@ 0xffffffff
 8000318:	f000 b96a 	b.w	80005f0 <__aeabi_idiv0>
 800031c:	f1ad 0c08 	sub.w	ip, sp, #8
 8000320:	e96d ce04 	strd	ip, lr, [sp, #-16]!
 8000324:	f000 f806 	bl	8000334 <__udivmoddi4>
 8000328:	f8dd e004 	ldr.w	lr, [sp, #4]
 800032c:	e9dd 2302 	ldrd	r2, r3, [sp, #8]
 8000330:	b004      	add	sp, #16
 8000332:	4770      	bx	lr

08000334 <__udivmoddi4>:
 8000334:	e92d 47f0 	stmdb	sp!, {r4, r5, r6, r7, r8, r9, sl, lr}
 8000338:	9d08      	ldr	r5, [sp, #32]
 800033a:	460e      	mov	r6, r1
 800033c:	4604      	mov	r4, r0
 800033e:	460f      	mov	r7, r1
 8000340:	2b00      	cmp	r3, #0
 8000342:	d14a      	bne.n	80003da <__udivmoddi4+0xa6>
 8000344:	4694      	mov	ip, r2
 8000346:	458c      	cmp	ip, r1
 8000348:	fab2 f282 	clz	r2, r2
 800034c:	d960      	bls.n	8000410 <__udivmoddi4+0xdc>
 800034e:	b142      	cbz	r2, 8000362 <__udivmoddi4+0x2e>
 8000350:	f1c2 0320 	rsb	r3, r2, #32
 8000354:	4097      	lsls	r7, r2
 8000356:	fa20 f303 	lsr.w	r3, r0, r3
 800035a:	fa0c fc02 	lsl.w	ip, ip, r2
 800035e:	431f      	orrs	r7, r3
 8000360:	4094      	lsls	r4, r2
 8000362:	ea4f 4e1c 	mov.w	lr, ip, lsr #16
 8000366:	fa1f f68c 	uxth.w	r6, ip
 800036a:	fbb7 f1fe 	udiv	r1, r7, lr
 800036e:	0c23      	lsrs	r3, r4, #16
 8000370:	fb0e 7711 	mls	r7, lr, r1, r7
 8000374:	ea43 4307 	orr.w	r3, r3, r7, lsl #16
 8000378:	fb01 f006 	mul.w	r0, r1, r6
 800037c:	4298      	cmp	r0, r3
 800037e:	d90a      	bls.n	8000396 <__udivmoddi4+0x62>
 8000380:	eb1c 0303 	adds.w	r3, ip, r3
 8000384:	f101 37ff 	add.w	r7, r1, #4294967295	@ 0xffffffff
 8000388:	f080 8115 	bcs.w	80005b6 <__udivmoddi4+0x282>
 800038c:	4298      	cmp	r0, r3
 800038e:	f240 8112 	bls.w	80005b6 <__udivmoddi4+0x282>
 8000392:	3902      	subs	r1, #2
 8000394:	4463      	add	r3, ip
 8000396:	1a1b      	subs	r3, r3, r0
 8000398:	b2a4      	uxth	r4, r4
 800039a:	fbb3 f0fe 	udiv	r0, r3, lr
 800039e:	fb0e 3310 	mls	r3, lr, r0, r3
 80003a2:	ea44 4403 	orr.w	r4, r4, r3, lsl #16
 80003a6:	fb00 f606 	mul.w	r6, r0, r6
 80003aa:	42a6      	cmp	r6, r4
 80003ac:	d90a      	bls.n	80003c4 <__udivmoddi4+0x90>
 80003ae:	eb1c 0404 	adds.w	r4, ip, r4
 80003b2:	f100 33ff 	add.w	r3, r0, #4294967295	@ 0xffffffff
 80003b6:	f080 8100 	bcs.w	80005ba <__udivmoddi4+0x286>
 80003ba:	42a6      	cmp	r6, r4
 80003bc:	f240 80fd 	bls.w	80005ba <__udivmoddi4+0x286>
 80003c0:	4464      	add	r4, ip
 80003c2:	3802      	subs	r0, #2
 80003c4:	ea40 4001 	orr.w	r0, r0, r1, lsl #16
 80003c8:	1ba4      	subs	r4, r4, r6
 80003ca:	2100      	movs	r1, #0
 80003cc:	b11d      	cbz	r5, 80003d6 <__udivmoddi4+0xa2>
 80003ce:	40d4      	lsrs	r4, r2
 80003d0:	2300      	movs	r3, #0
 80003d2:	e9c5 4300 	strd	r4, r3, [r5]
 80003d6:	e8bd 87f0 	ldmia.w	sp!, {r4, r5, r6, r7, r8, r9, sl, pc}
 80003da:	428b      	cmp	r3, r1
 80003dc:	d905      	bls.n	80003ea <__udivmoddi4+0xb6>
 80003de:	b10d      	cbz	r5, 80003e4 <__udivmoddi4+0xb0>
 80003e0:	e9c5 0100 	strd	r0, r1, [r5]
 80003e4:	2100      	movs	r1, #0
 80003e6:	4608      	mov	r0, r1
 80003e8:	e7f5      	b.n	80003d6 <__udivmoddi4+0xa2>
 80003ea:	fab3 f183 	clz	r1, r3
 80003ee:	2900      	cmp	r1, #0
 80003f0:	d146      	bne.n	8000480 <__udivmoddi4+0x14c>
 80003f2:	42b3      	cmp	r3, r6
 80003f4:	d302      	bcc.n	80003fc <__udivmoddi4+0xc8>
 80003f6:	4282      	cmp	r2, r0
 80003f8:	f200 80f5 	bhi.w	80005e6 <__udivmoddi4+0x2b2>
 80003fc:	1a84      	subs	r4, r0, r2
 80003fe:	eb66 0203 	sbc.w	r2, r6, r3
 8000402:	2001      	movs	r0, #1
 8000404:	4617      	mov	r7, r2
 8000406:	2d00      	cmp	r5, #0
 8000408:	d0e5      	beq.n	80003d6 <__udivmoddi4+0xa2>
 800040a:	e9c5 4700 	strd	r4, r7, [r5]
 800040e:	e7e2      	b.n	80003d6 <__udivmoddi4+0xa2>
 8000410:	2a00      	cmp	r2, #0
 8000412:	f040 8093 	bne.w	800053c <__udivmoddi4+0x208>
 8000416:	eba1 030c 	sub.w	r3, r1, ip
 800041a:	ea4f 471c 	mov.w	r7, ip, lsr #16
 800041e:	fa1f fe8c 	uxth.w	lr, ip
 8000422:	2101      	movs	r1, #1
 8000424:	fbb3 f6f7 	udiv	r6, r3, r7
 8000428:	fb07 3016 	mls	r0, r7, r6, r3
 800042c:	0c23      	lsrs	r3, r4, #16
 800042e:	ea43 4300 	orr.w	r3, r3, r0, lsl #16
 8000432:	fb0e f006 	mul.w	r0, lr, r6
 8000436:	4298      	cmp	r0, r3
 8000438:	d908      	bls.n	800044c <__udivmoddi4+0x118>
 800043a:	eb1c 0303 	adds.w	r3, ip, r3
 800043e:	f106 38ff 	add.w	r8, r6, #4294967295	@ 0xffffffff
 8000442:	d202      	bcs.n	800044a <__udivmoddi4+0x116>
 8000444:	4298      	cmp	r0, r3
 8000446:	f200 80d0 	bhi.w	80005ea <__udivmoddi4+0x2b6>
 800044a:	4646      	mov	r6, r8
 800044c:	1a1b      	subs	r3, r3, r0
 800044e:	b2a4      	uxth	r4, r4
 8000450:	fbb3 f0f7 	udiv	r0, r3, r7
 8000454:	fb07 3310 	mls	r3, r7, r0, r3
 8000458:	ea44 4403 	orr.w	r4, r4, r3, lsl #16
 800045c:	fb0e fe00 	mul.w	lr, lr, r0
 8000460:	45a6      	cmp	lr, r4
 8000462:	d908      	bls.n	8000476 <__udivmoddi4+0x142>
 8000464:	eb1c 0404 	adds.w	r4, ip, r4
 8000468:	f100 33ff 	add.w	r3, r0, #4294967295	@ 0xffffffff
 800046c:	d202      	bcs.n	8000474 <__udivmoddi4+0x140>
 800046e:	45a6      	cmp	lr, r4
 8000470:	f200 80b6 	bhi.w	80005e0 <__udivmoddi4+0x2ac>
 8000474:	4618      	mov	r0, r3
 8000476:	eba4 040e 	sub.w	r4, r4, lr
 800047a:	ea40 4006 	orr.w	r0, r0, r6, lsl #16
 800047e:	e7a5      	b.n	80003cc <__udivmoddi4+0x98>
 8000480:	f1c1 0720 	rsb	r7, r1, #32
 8000484:	408b      	lsls	r3, r1
 8000486:	fa22 fc07 	lsr.w	ip, r2, r7
 800048a:	ea4c 0c03 	orr.w	ip, ip, r3
 800048e:	fa06 fe01 	lsl.w	lr, r6, r1
 8000492:	fa20 f407 	lsr.w	r4, r0, r7
 8000496:	fa26 f307 	lsr.w	r3, r6, r7
 800049a:	ea44 040e 	orr.w	r4, r4, lr
 800049e:	fa00 f801 	lsl.w	r8, r0, r1
 80004a2:	ea4f 401c 	mov.w	r0, ip, lsr #16
 80004a6:	ea4f 4914 	mov.w	r9, r4, lsr #16
 80004aa:	fbb3 fef0 	udiv	lr, r3, r0
 80004ae:	fa1f f68c 	uxth.w	r6, ip
 80004b2:	fb00 331e 	mls	r3, r0, lr, r3
 80004b6:	ea49 4303 	orr.w	r3, r9, r3, lsl #16
 80004ba:	fb0e f906 	mul.w	r9, lr, r6
 80004be:	4599      	cmp	r9, r3
 80004c0:	fa02 f201 	lsl.w	r2, r2, r1
 80004c4:	d90b      	bls.n	80004de <__udivmoddi4+0x1aa>
 80004c6:	eb1c 0303 	adds.w	r3, ip, r3
 80004ca:	f10e 3aff 	add.w	sl, lr, #4294967295	@ 0xffffffff
 80004ce:	f080 8085 	bcs.w	80005dc <__udivmoddi4+0x2a8>
 80004d2:	4599      	cmp	r9, r3
 80004d4:	f240 8082 	bls.w	80005dc <__udivmoddi4+0x2a8>
 80004d8:	f1ae 0e02 	sub.w	lr, lr, #2
 80004dc:	4463      	add	r3, ip
 80004de:	eba3 0909 	sub.w	r9, r3, r9
 80004e2:	b2a4      	uxth	r4, r4
 80004e4:	fbb9 f3f0 	udiv	r3, r9, r0
 80004e8:	fb00 9913 	mls	r9, r0, r3, r9
 80004ec:	ea44 4409 	orr.w	r4, r4, r9, lsl #16
 80004f0:	fb03 f606 	mul.w	r6, r3, r6
 80004f4:	42a6      	cmp	r6, r4
 80004f6:	d908      	bls.n	800050a <__udivmoddi4+0x1d6>
 80004f8:	eb1c 0404 	adds.w	r4, ip, r4
 80004fc:	f103 30ff 	add.w	r0, r3, #4294967295	@ 0xffffffff
 8000500:	d268      	bcs.n	80005d4 <__udivmoddi4+0x2a0>
 8000502:	42a6      	cmp	r6, r4
 8000504:	d966      	bls.n	80005d4 <__udivmoddi4+0x2a0>
 8000506:	3b02      	subs	r3, #2
 8000508:	4464      	add	r4, ip
 800050a:	ea43 400e 	orr.w	r0, r3, lr, lsl #16
 800050e:	1ba4      	subs	r4, r4, r6
 8000510:	fba0 e602 	umull	lr, r6, r0, r2
 8000514:	42b4      	cmp	r4, r6
 8000516:	4673      	mov	r3, lr
 8000518:	46b1      	mov	r9, r6
 800051a:	d352      	bcc.n	80005c2 <__udivmoddi4+0x28e>
 800051c:	d04f      	beq.n	80005be <__udivmoddi4+0x28a>
 800051e:	b15d      	cbz	r5, 8000538 <__udivmoddi4+0x204>
 8000520:	ebb8 0203 	subs.w	r2, r8, r3
 8000524:	eb64 0409 	sbc.w	r4, r4, r9
 8000528:	fa04 f707 	lsl.w	r7, r4, r7
 800052c:	fa22 f301 	lsr.w	r3, r2, r1
 8000530:	431f      	orrs	r7, r3
 8000532:	40cc      	lsrs	r4, r1
 8000534:	e9c5 7400 	strd	r7, r4, [r5]
 8000538:	2100      	movs	r1, #0
 800053a:	e74c      	b.n	80003d6 <__udivmoddi4+0xa2>
 800053c:	f1c2 0120 	rsb	r1, r2, #32
 8000540:	fa20 f301 	lsr.w	r3, r0, r1
 8000544:	fa0c fc02 	lsl.w	ip, ip, r2
 8000548:	fa26 f101 	lsr.w	r1, r6, r1
 800054c:	4096      	lsls	r6, r2
 800054e:	4333      	orrs	r3, r6
 8000550:	ea4f 471c 	mov.w	r7, ip, lsr #16
 8000554:	fa1f fe8c 	uxth.w	lr, ip
 8000558:	fbb1 f0f7 	udiv	r0, r1, r7
 800055c:	fb07 1610 	mls	r6, r7, r0, r1
 8000560:	0c19      	lsrs	r1, r3, #16
 8000562:	ea41 4106 	orr.w	r1, r1, r6, lsl #16
 8000566:	fb00 f60e 	mul.w	r6, r0, lr
 800056a:	428e      	cmp	r6, r1
 800056c:	fa04 f402 	lsl.w	r4, r4, r2
 8000570:	d908      	bls.n	8000584 <__udivmoddi4+0x250>
 8000572:	eb1c 0101 	adds.w	r1, ip, r1
 8000576:	f100 38ff 	add.w	r8, r0, #4294967295	@ 0xffffffff
 800057a:	d22d      	bcs.n	80005d8 <__udivmoddi4+0x2a4>
 800057c:	428e      	cmp	r6, r1
 800057e:	d92b      	bls.n	80005d8 <__udivmoddi4+0x2a4>
 8000580:	3802      	subs	r0, #2
 8000582:	4461      	add	r1, ip
 8000584:	1b89      	subs	r1, r1, r6
 8000586:	b29b      	uxth	r3, r3
 8000588:	fbb1 f6f7 	udiv	r6, r1, r7
 800058c:	fb07 1116 	mls	r1, r7, r6, r1
 8000590:	ea43 4301 	orr.w	r3, r3, r1, lsl #16
 8000594:	fb06 f10e 	mul.w	r1, r6, lr
 8000598:	4299      	cmp	r1, r3
 800059a:	d908      	bls.n	80005ae <__udivmoddi4+0x27a>
 800059c:	eb1c 0303 	adds.w	r3, ip, r3
 80005a0:	f106 38ff 	add.w	r8, r6, #4294967295	@ 0xffffffff
 80005a4:	d214      	bcs.n	80005d0 <__udivmoddi4+0x29c>
 80005a6:	4299      	cmp	r1, r3
 80005a8:	d912      	bls.n	80005d0 <__udivmoddi4+0x29c>
 80005aa:	3e02      	subs	r6, #2
 80005ac:	4463      	add	r3, ip
 80005ae:	1a5b      	subs	r3, r3, r1
 80005b0:	ea46 4100 	orr.w	r1, r6, r0, lsl #16
 80005b4:	e736      	b.n	8000424 <__udivmoddi4+0xf0>
 80005b6:	4639      	mov	r1, r7
 80005b8:	e6ed      	b.n	8000396 <__udivmoddi4+0x62>
 80005ba:	4618      	mov	r0, r3
 80005bc:	e702      	b.n	80003c4 <__udivmoddi4+0x90>
 80005be:	45f0      	cmp	r8, lr
 80005c0:	d2ad      	bcs.n	800051e <__udivmoddi4+0x1ea>
 80005c2:	ebbe 0302 	subs.w	r3, lr, r2
 80005c6:	eb66 060c 	sbc.w	r6, r6, ip
 80005ca:	3801      	subs	r0, #1
 80005cc:	46b1      	mov	r9, r6
 80005ce:	e7a6      	b.n	800051e <__udivmoddi4+0x1ea>
 80005d0:	4646      	mov	r6, r8
 80005d2:	e7ec      	b.n	80005ae <__udivmoddi4+0x27a>
 80005d4:	4603      	mov	r3, r0
 80005d6:	e798      	b.n	800050a <__udivmoddi4+0x1d6>
 80005d8:	4640      	mov	r0, r8
 80005da:	e7d3      	b.n	8000584 <__udivmoddi4+0x250>
 80005dc:	46d6      	mov	lr, sl
 80005de:	e77e      	b.n	80004de <__udivmoddi4+0x1aa>
 80005e0:	4464      	add	r4, ip
 80005e2:	3802      	subs	r0, #2
 80005e4:	e747      	b.n	8000476 <__udivmoddi4+0x142>
 80005e6:	4608      	mov	r0, r1
 80005e8:	e70d      	b.n	8000406 <__udivmoddi4+0xd2>
 80005ea:	3e02      	subs	r6, #2
 80005ec:	4463      	add	r3, ip
 80005ee:	e72d      	b.n	800044c <__udivmoddi4+0x118>

080005f0 <__aeabi_idiv0>:
 80005f0:	4770      	bx	lr
 80005f2:	bf00      	nop

080005f4 <MX_GPIO_Init>:
        * Output
        * EVENT_OUT
        * EXTI
*/
void MX_GPIO_Init(void)
{
 80005f4:	b084      	sub	sp, #16

  /* GPIO Ports Clock Enable */
  __HAL_RCC_GPIOH_CLK_ENABLE();
 80005f6:	2200      	movs	r2, #0
 80005f8:	9200      	str	r2, [sp, #0]
 80005fa:	4b15      	ldr	r3, [pc, #84]	@ (8000650 <MX_GPIO_Init+0x5c>)
 80005fc:	6b19      	ldr	r1, [r3, #48]	@ 0x30
 80005fe:	f041 0180 	orr.w	r1, r1, #128	@ 0x80
 8000602:	6319      	str	r1, [r3, #48]	@ 0x30
 8000604:	6b19      	ldr	r1, [r3, #48]	@ 0x30
 8000606:	f001 0180 	and.w	r1, r1, #128	@ 0x80
 800060a:	9100      	str	r1, [sp, #0]
 800060c:	9900      	ldr	r1, [sp, #0]
  __HAL_RCC_GPIOC_CLK_ENABLE();
 800060e:	9201      	str	r2, [sp, #4]
 8000610:	6b19      	ldr	r1, [r3, #48]	@ 0x30
 8000612:	f041 0104 	orr.w	r1, r1, #4
 8000616:	6319      	str	r1, [r3, #48]	@ 0x30
 8000618:	6b19      	ldr	r1, [r3, #48]	@ 0x30
 800061a:	f001 0104 	and.w	r1, r1, #4
 800061e:	9101      	str	r1, [sp, #4]
 8000620:	9901      	ldr	r1, [sp, #4]
  __HAL_RCC_GPIOA_CLK_ENABLE();
 8000622:	9202      	str	r2, [sp, #8]
 8000624:	6b19      	ldr	r1, [r3, #48]	@ 0x30
 8000626:	f041 0101 	orr.w	r1, r1, #1
 800062a:	6319      	str	r1, [r3, #48]	@ 0x30
 800062c:	6b19      	ldr	r1, [r3, #48]	@ 0x30
 800062e:	f001 0101 	and.w	r1, r1, #1
 8000632:	9102      	str	r1, [sp, #8]
 8000634:	9902      	ldr	r1, [sp, #8]
  __HAL_RCC_GPIOB_CLK_ENABLE();
 8000636:	9203      	str	r2, [sp, #12]
 8000638:	6b1a      	ldr	r2, [r3, #48]	@ 0x30
 800063a:	f042 0202 	orr.w	r2, r2, #2
 800063e:	631a      	str	r2, [r3, #48]	@ 0x30
 8000640:	6b1b      	ldr	r3, [r3, #48]	@ 0x30
 8000642:	f003 0302 	and.w	r3, r3, #2
 8000646:	9303      	str	r3, [sp, #12]
 8000648:	9b03      	ldr	r3, [sp, #12]

}
 800064a:	b004      	add	sp, #16
 800064c:	4770      	bx	lr
 800064e:	bf00      	nop
 8000650:	40023800 	.word	0x40023800

08000654 <MX_I2C1_Init>:

I2C_HandleTypeDef hi2c1;

/* I2C1 init function */
void MX_I2C1_Init(void)
{
 8000654:	b508      	push	{r3, lr}
  /* USER CODE END I2C1_Init 0 */

  /* USER CODE BEGIN I2C1_Init 1 */

  /* USER CODE END I2C1_Init 1 */
  hi2c1.Instance = I2C1;
 8000656:	480b      	ldr	r0, [pc, #44]	@ (8000684 <MX_I2C1_Init+0x30>)
 8000658:	4b0b      	ldr	r3, [pc, #44]	@ (8000688 <MX_I2C1_Init+0x34>)
 800065a:	6003      	str	r3, [r0, #0]
  hi2c1.Init.ClockSpeed = 100000;
 800065c:	4b0b      	ldr	r3, [pc, #44]	@ (800068c <MX_I2C1_Init+0x38>)
 800065e:	6043      	str	r3, [r0, #4]
  hi2c1.Init.DutyCycle = I2C_DUTYCYCLE_2;
 8000660:	2300      	movs	r3, #0
 8000662:	6083      	str	r3, [r0, #8]
  hi2c1.Init.OwnAddress1 = 0;
 8000664:	60c3      	str	r3, [r0, #12]
  hi2c1.Init.AddressingMode = I2C_ADDRESSINGMODE_7BIT;
 8000666:	f44f 4280 	mov.w	r2, #16384	@ 0x4000
 800066a:	6102      	str	r2, [r0, #16]
  hi2c1.Init.DualAddressMode = I2C_DUALADDRESS_DISABLE;
 800066c:	6143      	str	r3, [r0, #20]
  hi2c1.Init.OwnAddress2 = 0;
 800066e:	6183      	str	r3, [r0, #24]
  hi2c1.Init.GeneralCallMode = I2C_GENERALCALL_DISABLE;
 8000670:	61c3      	str	r3, [r0, #28]
  hi2c1.Init.NoStretchMode = I2C_NOSTRETCH_DISABLE;
 8000672:	6203      	str	r3, [r0, #32]
  if (HAL_I2C_Init(&hi2c1) != HAL_OK)
 8000674:	f000 fb8c 	bl	8000d90 <HAL_I2C_Init>
 8000678:	b900      	cbnz	r0, 800067c <MX_I2C1_Init+0x28>
  }
  /* USER CODE BEGIN I2C1_Init 2 */

  /* USER CODE END I2C1_Init 2 */

}
 800067a:	bd08      	pop	{r3, pc}
    Error_Handler();
 800067c:	f000 f840 	bl	8000700 <Error_Handler>
}
 8000680:	e7fb      	b.n	800067a <MX_I2C1_Init+0x26>
 8000682:	bf00      	nop
 8000684:	20000114 	.word	0x20000114
 8000688:	40005400 	.word	0x40005400
 800068c:	000186a0 	.word	0x000186a0

08000690 <HAL_I2C_MspInit>:

void HAL_I2C_MspInit(I2C_HandleTypeDef* i2cHandle)
{
 8000690:	b530      	push	{r4, r5, lr}
 8000692:	b089      	sub	sp, #36	@ 0x24

  GPIO_InitTypeDef GPIO_InitStruct = {0};
 8000694:	2300      	movs	r3, #0
 8000696:	9303      	str	r3, [sp, #12]
 8000698:	9304      	str	r3, [sp, #16]
 800069a:	9305      	str	r3, [sp, #20]
 800069c:	9306      	str	r3, [sp, #24]
 800069e:	9307      	str	r3, [sp, #28]
  if(i2cHandle->Instance==I2C1)
 80006a0:	6802      	ldr	r2, [r0, #0]
 80006a2:	4b14      	ldr	r3, [pc, #80]	@ (80006f4 <HAL_I2C_MspInit+0x64>)
 80006a4:	429a      	cmp	r2, r3
 80006a6:	d001      	beq.n	80006ac <HAL_I2C_MspInit+0x1c>
    __HAL_RCC_I2C1_CLK_ENABLE();
  /* USER CODE BEGIN I2C1_MspInit 1 */

  /* USER CODE END I2C1_MspInit 1 */
  }
}
 80006a8:	b009      	add	sp, #36	@ 0x24
 80006aa:	bd30      	pop	{r4, r5, pc}
    __HAL_RCC_GPIOB_CLK_ENABLE();
 80006ac:	2500      	movs	r5, #0
 80006ae:	9501      	str	r5, [sp, #4]
 80006b0:	4c11      	ldr	r4, [pc, #68]	@ (80006f8 <HAL_I2C_MspInit+0x68>)
 80006b2:	6b23      	ldr	r3, [r4, #48]	@ 0x30
 80006b4:	f043 0302 	orr.w	r3, r3, #2
 80006b8:	6323      	str	r3, [r4, #48]	@ 0x30
 80006ba:	6b23      	ldr	r3, [r4, #48]	@ 0x30
 80006bc:	f003 0302 	and.w	r3, r3, #2
 80006c0:	9301      	str	r3, [sp, #4]
 80006c2:	9b01      	ldr	r3, [sp, #4]
    GPIO_InitStruct.Pin = GPIO_PIN_6|GPIO_PIN_7;
 80006c4:	23c0      	movs	r3, #192	@ 0xc0
 80006c6:	9303      	str	r3, [sp, #12]
    GPIO_InitStruct.Mode = GPIO_MODE_AF_OD;
 80006c8:	2312      	movs	r3, #18
 80006ca:	9304      	str	r3, [sp, #16]
    GPIO_InitStruct.Speed = GPIO_SPEED_FREQ_VERY_HIGH;
 80006cc:	2303      	movs	r3, #3
 80006ce:	9306      	str	r3, [sp, #24]
    GPIO_InitStruct.Alternate = GPIO_AF4_I2C1;
 80006d0:	2304      	movs	r3, #4
 80006d2:	9307      	str	r3, [sp, #28]
    HAL_GPIO_Init(GPIOB, &GPIO_InitStruct);
 80006d4:	a903      	add	r1, sp, #12
 80006d6:	4809      	ldr	r0, [pc, #36]	@ (80006fc <HAL_I2C_MspInit+0x6c>)
 80006d8:	f000 fa64 	bl	8000ba4 <HAL_GPIO_Init>
    __HAL_RCC_I2C1_CLK_ENABLE();
 80006dc:	9502      	str	r5, [sp, #8]
 80006de:	6c23      	ldr	r3, [r4, #64]	@ 0x40
 80006e0:	f443 1300 	orr.w	r3, r3, #2097152	@ 0x200000
 80006e4:	6423      	str	r3, [r4, #64]	@ 0x40
 80006e6:	6c23      	ldr	r3, [r4, #64]	@ 0x40
 80006e8:	f403 1300 	and.w	r3, r3, #2097152	@ 0x200000
 80006ec:	9302      	str	r3, [sp, #8]
 80006ee:	9b02      	ldr	r3, [sp, #8]
}
 80006f0:	e7da      	b.n	80006a8 <HAL_I2C_MspInit+0x18>
 80006f2:	bf00      	nop
 80006f4:	40005400 	.word	0x40005400
 80006f8:	40023800 	.word	0x40023800
 80006fc:	40020400 	.word	0x40020400

08000700 <Error_Handler>:
  \details Disables IRQ interrupts by setting special-purpose register PRIMASK.
           Can only be executed in Privileged modes.
 */
__STATIC_FORCEINLINE void __disable_irq(void)
{
  __ASM volatile ("cpsid i" : : : "memory");
 8000700:	b672      	cpsid	i
void Error_Handler(void)
{
  /* USER CODE BEGIN Error_Handler_Debug */
  /* User can add his own implementation to report the HAL error return state */
  __disable_irq();
  while (1)
 8000702:	e7fe      	b.n	8000702 <Error_Handler+0x2>

08000704 <SystemClock_Config>:
{
 8000704:	b500      	push	{lr}
 8000706:	b095      	sub	sp, #84	@ 0x54
  RCC_OscInitTypeDef RCC_OscInitStruct = {0};
 8000708:	2230      	movs	r2, #48	@ 0x30
 800070a:	2100      	movs	r1, #0
 800070c:	a808      	add	r0, sp, #32
 800070e:	f7ff fda7 	bl	8000260 <memset>
  RCC_ClkInitTypeDef RCC_ClkInitStruct = {0};
 8000712:	2300      	movs	r3, #0
 8000714:	9303      	str	r3, [sp, #12]
 8000716:	9304      	str	r3, [sp, #16]
 8000718:	9305      	str	r3, [sp, #20]
 800071a:	9306      	str	r3, [sp, #24]
 800071c:	9307      	str	r3, [sp, #28]
  __HAL_RCC_PWR_CLK_ENABLE();
 800071e:	9301      	str	r3, [sp, #4]
 8000720:	4a20      	ldr	r2, [pc, #128]	@ (80007a4 <SystemClock_Config+0xa0>)
 8000722:	6c11      	ldr	r1, [r2, #64]	@ 0x40
 8000724:	f041 5180 	orr.w	r1, r1, #268435456	@ 0x10000000
 8000728:	6411      	str	r1, [r2, #64]	@ 0x40
 800072a:	6c12      	ldr	r2, [r2, #64]	@ 0x40
 800072c:	f002 5280 	and.w	r2, r2, #268435456	@ 0x10000000
 8000730:	9201      	str	r2, [sp, #4]
 8000732:	9a01      	ldr	r2, [sp, #4]
  __HAL_PWR_VOLTAGESCALING_CONFIG(PWR_REGULATOR_VOLTAGE_SCALE1);
 8000734:	9302      	str	r3, [sp, #8]
 8000736:	4b1c      	ldr	r3, [pc, #112]	@ (80007a8 <SystemClock_Config+0xa4>)
 8000738:	681a      	ldr	r2, [r3, #0]
 800073a:	f442 4280 	orr.w	r2, r2, #16384	@ 0x4000
 800073e:	601a      	str	r2, [r3, #0]
 8000740:	681b      	ldr	r3, [r3, #0]
 8000742:	f403 4380 	and.w	r3, r3, #16384	@ 0x4000
 8000746:	9302      	str	r3, [sp, #8]
 8000748:	9b02      	ldr	r3, [sp, #8]
  RCC_OscInitStruct.OscillatorType = RCC_OSCILLATORTYPE_HSE;
 800074a:	2301      	movs	r3, #1
 800074c:	9308      	str	r3, [sp, #32]
  RCC_OscInitStruct.HSEState = RCC_HSE_ON;
 800074e:	f44f 3380 	mov.w	r3, #65536	@ 0x10000
 8000752:	9309      	str	r3, [sp, #36]	@ 0x24
  RCC_OscInitStruct.PLL.PLLState = RCC_PLL_ON;
 8000754:	2302      	movs	r3, #2
 8000756:	930e      	str	r3, [sp, #56]	@ 0x38
  RCC_OscInitStruct.PLL.PLLSource = RCC_PLLSOURCE_HSE;
 8000758:	f44f 0280 	mov.w	r2, #4194304	@ 0x400000
 800075c:	920f      	str	r2, [sp, #60]	@ 0x3c
  RCC_OscInitStruct.PLL.PLLM = 4;
 800075e:	2204      	movs	r2, #4
 8000760:	9210      	str	r2, [sp, #64]	@ 0x40
  RCC_OscInitStruct.PLL.PLLN = 168;
 8000762:	22a8      	movs	r2, #168	@ 0xa8
 8000764:	9211      	str	r2, [sp, #68]	@ 0x44
  RCC_OscInitStruct.PLL.PLLP = RCC_PLLP_DIV2;
 8000766:	9312      	str	r3, [sp, #72]	@ 0x48
  RCC_OscInitStruct.PLL.PLLQ = 7;
 8000768:	2307      	movs	r3, #7
 800076a:	9313      	str	r3, [sp, #76]	@ 0x4c
  if (HAL_RCC_OscConfig(&RCC_OscInitStruct) != HAL_OK)
 800076c:	a808      	add	r0, sp, #32
 800076e:	f001 fa45 	bl	8001bfc <HAL_RCC_OscConfig>
 8000772:	b998      	cbnz	r0, 800079c <SystemClock_Config+0x98>
  RCC_ClkInitStruct.ClockType = RCC_CLOCKTYPE_HCLK|RCC_CLOCKTYPE_SYSCLK
 8000774:	230f      	movs	r3, #15
 8000776:	9303      	str	r3, [sp, #12]
  RCC_ClkInitStruct.SYSCLKSource = RCC_SYSCLKSOURCE_PLLCLK;
 8000778:	2302      	movs	r3, #2
 800077a:	9304      	str	r3, [sp, #16]
  RCC_ClkInitStruct.AHBCLKDivider = RCC_SYSCLK_DIV1;
 800077c:	2300      	movs	r3, #0
 800077e:	9305      	str	r3, [sp, #20]
  RCC_ClkInitStruct.APB1CLKDivider = RCC_HCLK_DIV4;
 8000780:	f44f 53a0 	mov.w	r3, #5120	@ 0x1400
 8000784:	9306      	str	r3, [sp, #24]
  RCC_ClkInitStruct.APB2CLKDivider = RCC_HCLK_DIV2;
 8000786:	f44f 5380 	mov.w	r3, #4096	@ 0x1000
 800078a:	9307      	str	r3, [sp, #28]
  if (HAL_RCC_ClockConfig(&RCC_ClkInitStruct, FLASH_LATENCY_5) != HAL_OK)
 800078c:	2105      	movs	r1, #5
 800078e:	a803      	add	r0, sp, #12
 8000790:	f001 fc9e 	bl	80020d0 <HAL_RCC_ClockConfig>
 8000794:	b920      	cbnz	r0, 80007a0 <SystemClock_Config+0x9c>
}
 8000796:	b015      	add	sp, #84	@ 0x54
 8000798:	f85d fb04 	ldr.w	pc, [sp], #4
    Error_Handler();
 800079c:	f7ff ffb0 	bl	8000700 <Error_Handler>
    Error_Handler();
 80007a0:	f7ff ffae 	bl	8000700 <Error_Handler>
 80007a4:	40023800 	.word	0x40023800
 80007a8:	40007000 	.word	0x40007000

080007ac <main>:
{
 80007ac:	b508      	push	{r3, lr}
  HAL_Init();
 80007ae:	f000 f93d 	bl	8000a2c <HAL_Init>
  SystemClock_Config();
 80007b2:	f7ff ffa7 	bl	8000704 <SystemClock_Config>
  MX_GPIO_Init();
 80007b6:	f7ff ff1d 	bl	80005f4 <MX_GPIO_Init>
  MX_I2C1_Init();
 80007ba:	f7ff ff4b 	bl	8000654 <MX_I2C1_Init>
  MX_SPI1_Init();
 80007be:	f000 f80d 	bl	80007dc <MX_SPI1_Init>
  MX_SPI2_Init();
 80007c2:	f000 f82b 	bl	800081c <MX_SPI2_Init>
  MX_SPI3_Init();
 80007c6:	f000 f849 	bl	800085c <MX_SPI3_Init>
  MX_USART1_UART_Init();
 80007ca:	f002 fc4d 	bl	8003068 <MX_USART1_UART_Init>
  MX_USART2_UART_Init();
 80007ce:	f002 fc65 	bl	800309c <MX_USART2_UART_Init>
  MX_USART3_UART_Init();
 80007d2:	f002 fc7d 	bl	80030d0 <MX_USART3_UART_Init>
  MX_USB_DEVICE_Init();
 80007d6:	f002 fd21 	bl	800321c <MX_USB_DEVICE_Init>
  while (1)
 80007da:	e7fe      	b.n	80007da <main+0x2e>

080007dc <MX_SPI1_Init>:
SPI_HandleTypeDef hspi2;
SPI_HandleTypeDef hspi3;

/* SPI1 init function */
void MX_SPI1_Init(void)
{
 80007dc:	b508      	push	{r3, lr}
  /* USER CODE END SPI1_Init 0 */

  /* USER CODE BEGIN SPI1_Init 1 */

  /* USER CODE END SPI1_Init 1 */
  hspi1.Instance = SPI1;
 80007de:	480d      	ldr	r0, [pc, #52]	@ (8000814 <MX_SPI1_Init+0x38>)
 80007e0:	4b0d      	ldr	r3, [pc, #52]	@ (8000818 <MX_SPI1_Init+0x3c>)
 80007e2:	6003      	str	r3, [r0, #0]
  hspi1.Init.Mode = SPI_MODE_MASTER;
 80007e4:	f44f 7382 	mov.w	r3, #260	@ 0x104
 80007e8:	6043      	str	r3, [r0, #4]
  hspi1.Init.Direction = SPI_DIRECTION_2LINES;
 80007ea:	2300      	movs	r3, #0
 80007ec:	6083      	str	r3, [r0, #8]
  hspi1.Init.DataSize = SPI_DATASIZE_8BIT;
 80007ee:	60c3      	str	r3, [r0, #12]
  hspi1.Init.CLKPolarity = SPI_POLARITY_LOW;
 80007f0:	6103      	str	r3, [r0, #16]
  hspi1.Init.CLKPhase = SPI_PHASE_1EDGE;
 80007f2:	6143      	str	r3, [r0, #20]
  hspi1.Init.NSS = SPI_NSS_SOFT;
 80007f4:	f44f 7200 	mov.w	r2, #512	@ 0x200
 80007f8:	6182      	str	r2, [r0, #24]
  hspi1.Init.BaudRatePrescaler = SPI_BAUDRATEPRESCALER_2;
 80007fa:	61c3      	str	r3, [r0, #28]
  hspi1.Init.FirstBit = SPI_FIRSTBIT_MSB;
 80007fc:	6203      	str	r3, [r0, #32]
  hspi1.Init.TIMode = SPI_TIMODE_DISABLE;
 80007fe:	6243      	str	r3, [r0, #36]	@ 0x24
  hspi1.Init.CRCCalculation = SPI_CRCCALCULATION_DISABLE;
 8000800:	6283      	str	r3, [r0, #40]	@ 0x28
  hspi1.Init.CRCPolynomial = 10;
 8000802:	230a      	movs	r3, #10
 8000804:	62c3      	str	r3, [r0, #44]	@ 0x2c
  if (HAL_SPI_Init(&hspi1) != HAL_OK)
 8000806:	f001 fd39 	bl	800227c <HAL_SPI_Init>
 800080a:	b900      	cbnz	r0, 800080e <MX_SPI1_Init+0x32>
  }
  /* USER CODE BEGIN SPI1_Init 2 */

  /* USER CODE END SPI1_Init 2 */

}
 800080c:	bd08      	pop	{r3, pc}
    Error_Handler();
 800080e:	f7ff ff77 	bl	8000700 <Error_Handler>
}
 8000812:	e7fb      	b.n	800080c <MX_SPI1_Init+0x30>
 8000814:	20000218 	.word	0x20000218
 8000818:	40013000 	.word	0x40013000

0800081c <MX_SPI2_Init>:
/* SPI2 init function */
void MX_SPI2_Init(void)
{
 800081c:	b508      	push	{r3, lr}
  /* USER CODE END SPI2_Init 0 */

  /* USER CODE BEGIN SPI2_Init 1 */

  /* USER CODE END SPI2_Init 1 */
  hspi2.Instance = SPI2;
 800081e:	480d      	ldr	r0, [pc, #52]	@ (8000854 <MX_SPI2_Init+0x38>)
 8000820:	4b0d      	ldr	r3, [pc, #52]	@ (8000858 <MX_SPI2_Init+0x3c>)
 8000822:	6003      	str	r3, [r0, #0]
  hspi2.Init.Mode = SPI_MODE_MASTER;
 8000824:	f44f 7382 	mov.w	r3, #260	@ 0x104
 8000828:	6043      	str	r3, [r0, #4]
  hspi2.Init.Direction = SPI_DIRECTION_2LINES;
 800082a:	2300      	movs	r3, #0
 800082c:	6083      	str	r3, [r0, #8]
  hspi2.Init.DataSize = SPI_DATASIZE_8BIT;
 800082e:	60c3      	str	r3, [r0, #12]
  hspi2.Init.CLKPolarity = SPI_POLARITY_LOW;
 8000830:	6103      	str	r3, [r0, #16]
  hspi2.Init.CLKPhase = SPI_PHASE_1EDGE;
 8000832:	6143      	str	r3, [r0, #20]
  hspi2.Init.NSS = SPI_NSS_SOFT;
 8000834:	f44f 7200 	mov.w	r2, #512	@ 0x200
 8000838:	6182      	str	r2, [r0, #24]
  hspi2.Init.BaudRatePrescaler = SPI_BAUDRATEPRESCALER_2;
 800083a:	61c3      	str	r3, [r0, #28]
  hspi2.Init.FirstBit = SPI_FIRSTBIT_MSB;
 800083c:	6203      	str	r3, [r0, #32]
  hspi2.Init.TIMode = SPI_TIMODE_DISABLE;
 800083e:	6243      	str	r3, [r0, #36]	@ 0x24
  hspi2.Init.CRCCalculation = SPI_CRCCALCULATION_DISABLE;
 8000840:	6283      	str	r3, [r0, #40]	@ 0x28
  hspi2.Init.CRCPolynomial = 10;
 8000842:	230a      	movs	r3, #10
 8000844:	62c3      	str	r3, [r0, #44]	@ 0x2c
  if (HAL_SPI_Init(&hspi2) != HAL_OK)
 8000846:	f001 fd19 	bl	800227c <HAL_SPI_Init>
 800084a:	b900      	cbnz	r0, 800084e <MX_SPI2_Init+0x32>
  }
  /* USER CODE BEGIN SPI2_Init 2 */

  /* USER CODE END SPI2_Init 2 */

}
 800084c:	bd08      	pop	{r3, pc}
    Error_Handler();
 800084e:	f7ff ff57 	bl	8000700 <Error_Handler>
}
 8000852:	e7fb      	b.n	800084c <MX_SPI2_Init+0x30>
 8000854:	200001c0 	.word	0x200001c0
 8000858:	40003800 	.word	0x40003800

0800085c <MX_SPI3_Init>:
/* SPI3 init function */
void MX_SPI3_Init(void)
{
 800085c:	b508      	push	{r3, lr}
  /* USER CODE END SPI3_Init 0 */

  /* USER CODE BEGIN SPI3_Init 1 */

  /* USER CODE END SPI3_Init 1 */
  hspi3.Instance = SPI3;
 800085e:	480d      	ldr	r0, [pc, #52]	@ (8000894 <MX_SPI3_Init+0x38>)
 8000860:	4b0d      	ldr	r3, [pc, #52]	@ (8000898 <MX_SPI3_Init+0x3c>)
 8000862:	6003      	str	r3, [r0, #0]
  hspi3.Init.Mode = SPI_MODE_MASTER;
 8000864:	f44f 7382 	mov.w	r3, #260	@ 0x104
 8000868:	6043      	str	r3, [r0, #4]
  hspi3.Init.Direction = SPI_DIRECTION_2LINES;
 800086a:	2300      	movs	r3, #0
 800086c:	6083      	str	r3, [r0, #8]
  hspi3.Init.DataSize = SPI_DATASIZE_8BIT;
 800086e:	60c3      	str	r3, [r0, #12]
  hspi3.Init.CLKPolarity = SPI_POLARITY_LOW;
 8000870:	6103      	str	r3, [r0, #16]
  hspi3.Init.CLKPhase = SPI_PHASE_1EDGE;
 8000872:	6143      	str	r3, [r0, #20]
  hspi3.Init.NSS = SPI_NSS_SOFT;
 8000874:	f44f 7200 	mov.w	r2, #512	@ 0x200
 8000878:	6182      	str	r2, [r0, #24]
  hspi3.Init.BaudRatePrescaler = SPI_BAUDRATEPRESCALER_2;
 800087a:	61c3      	str	r3, [r0, #28]
  hspi3.Init.FirstBit = SPI_FIRSTBIT_MSB;
 800087c:	6203      	str	r3, [r0, #32]
  hspi3.Init.TIMode = SPI_TIMODE_DISABLE;
 800087e:	6243      	str	r3, [r0, #36]	@ 0x24
  hspi3.Init.CRCCalculation = SPI_CRCCALCULATION_DISABLE;
 8000880:	6283      	str	r3, [r0, #40]	@ 0x28
  hspi3.Init.CRCPolynomial = 10;
 8000882:	230a      	movs	r3, #10
 8000884:	62c3      	str	r3, [r0, #44]	@ 0x2c
  if (HAL_SPI_Init(&hspi3) != HAL_OK)
 8000886:	f001 fcf9 	bl	800227c <HAL_SPI_Init>
 800088a:	b900      	cbnz	r0, 800088e <MX_SPI3_Init+0x32>
  }
  /* USER CODE BEGIN SPI3_Init 2 */

  /* USER CODE END SPI3_Init 2 */

}
 800088c:	bd08      	pop	{r3, pc}
    Error_Handler();
 800088e:	f7ff ff37 	bl	8000700 <Error_Handler>
}
 8000892:	e7fb      	b.n	800088c <MX_SPI3_Init+0x30>
 8000894:	20000168 	.word	0x20000168
 8000898:	40003c00 	.word	0x40003c00

0800089c <HAL_SPI_MspInit>:

void HAL_SPI_MspInit(SPI_HandleTypeDef* spiHandle)
{
 800089c:	b5f0      	push	{r4, r5, r6, r7, lr}
 800089e:	b08d      	sub	sp, #52	@ 0x34

  GPIO_InitTypeDef GPIO_InitStruct = {0};
 80008a0:	2300      	movs	r3, #0
 80008a2:	9307      	str	r3, [sp, #28]
 80008a4:	9308      	str	r3, [sp, #32]
 80008a6:	9309      	str	r3, [sp, #36]	@ 0x24
 80008a8:	930a      	str	r3, [sp, #40]	@ 0x28
 80008aa:	930b      	str	r3, [sp, #44]	@ 0x2c
  if(spiHandle->Instance==SPI1)
 80008ac:	6803      	ldr	r3, [r0, #0]
 80008ae:	4a45      	ldr	r2, [pc, #276]	@ (80009c4 <HAL_SPI_MspInit+0x128>)
 80008b0:	4293      	cmp	r3, r2
 80008b2:	d007      	beq.n	80008c4 <HAL_SPI_MspInit+0x28>

  /* USER CODE BEGIN SPI1_MspInit 1 */

  /* USER CODE END SPI1_MspInit 1 */
  }
  else if(spiHandle->Instance==SPI2)
 80008b4:	4a44      	ldr	r2, [pc, #272]	@ (80009c8 <HAL_SPI_MspInit+0x12c>)
 80008b6:	4293      	cmp	r3, r2
 80008b8:	d027      	beq.n	800090a <HAL_SPI_MspInit+0x6e>

  /* USER CODE BEGIN SPI2_MspInit 1 */

  /* USER CODE END SPI2_MspInit 1 */
  }
  else if(spiHandle->Instance==SPI3)
 80008ba:	4a44      	ldr	r2, [pc, #272]	@ (80009cc <HAL_SPI_MspInit+0x130>)
 80008bc:	4293      	cmp	r3, r2
 80008be:	d05c      	beq.n	800097a <HAL_SPI_MspInit+0xde>

  /* USER CODE BEGIN SPI3_MspInit 1 */

  /* USER CODE END SPI3_MspInit 1 */
  }
}
 80008c0:	b00d      	add	sp, #52	@ 0x34
 80008c2:	bdf0      	pop	{r4, r5, r6, r7, pc}
    __HAL_RCC_SPI1_CLK_ENABLE();
 80008c4:	2100      	movs	r1, #0
 80008c6:	9100      	str	r1, [sp, #0]
 80008c8:	4b41      	ldr	r3, [pc, #260]	@ (80009d0 <HAL_SPI_MspInit+0x134>)
 80008ca:	6c5a      	ldr	r2, [r3, #68]	@ 0x44
 80008cc:	f442 5280 	orr.w	r2, r2, #4096	@ 0x1000
 80008d0:	645a      	str	r2, [r3, #68]	@ 0x44
 80008d2:	6c5a      	ldr	r2, [r3, #68]	@ 0x44
 80008d4:	f402 5280 	and.w	r2, r2, #4096	@ 0x1000
 80008d8:	9200      	str	r2, [sp, #0]
 80008da:	9a00      	ldr	r2, [sp, #0]
    __HAL_RCC_GPIOA_CLK_ENABLE();
 80008dc:	9101      	str	r1, [sp, #4]
 80008de:	6b1a      	ldr	r2, [r3, #48]	@ 0x30
 80008e0:	f042 0201 	orr.w	r2, r2, #1
 80008e4:	631a      	str	r2, [r3, #48]	@ 0x30
 80008e6:	6b1b      	ldr	r3, [r3, #48]	@ 0x30
 80008e8:	f003 0301 	and.w	r3, r3, #1
 80008ec:	9301      	str	r3, [sp, #4]
 80008ee:	9b01      	ldr	r3, [sp, #4]
    GPIO_InitStruct.Pin = GPIO_PIN_5|GPIO_PIN_6|GPIO_PIN_7;
 80008f0:	23e0      	movs	r3, #224	@ 0xe0
 80008f2:	9307      	str	r3, [sp, #28]
    GPIO_InitStruct.Mode = GPIO_MODE_AF_PP;
 80008f4:	2302      	movs	r3, #2
 80008f6:	9308      	str	r3, [sp, #32]
    GPIO_InitStruct.Speed = GPIO_SPEED_FREQ_VERY_HIGH;
 80008f8:	2303      	movs	r3, #3
 80008fa:	930a      	str	r3, [sp, #40]	@ 0x28
    GPIO_InitStruct.Alternate = GPIO_AF5_SPI1;
 80008fc:	2305      	movs	r3, #5
 80008fe:	930b      	str	r3, [sp, #44]	@ 0x2c
    HAL_GPIO_Init(GPIOA, &GPIO_InitStruct);
 8000900:	a907      	add	r1, sp, #28
 8000902:	4834      	ldr	r0, [pc, #208]	@ (80009d4 <HAL_SPI_MspInit+0x138>)
 8000904:	f000 f94e 	bl	8000ba4 <HAL_GPIO_Init>
 8000908:	e7da      	b.n	80008c0 <HAL_SPI_MspInit+0x24>
    __HAL_RCC_SPI2_CLK_ENABLE();
 800090a:	2400      	movs	r4, #0
 800090c:	9402      	str	r4, [sp, #8]
 800090e:	4b30      	ldr	r3, [pc, #192]	@ (80009d0 <HAL_SPI_MspInit+0x134>)
 8000910:	6c1a      	ldr	r2, [r3, #64]	@ 0x40
 8000912:	f442 4280 	orr.w	r2, r2, #16384	@ 0x4000
 8000916:	641a      	str	r2, [r3, #64]	@ 0x40
 8000918:	6c1a      	ldr	r2, [r3, #64]	@ 0x40
 800091a:	f402 4280 	and.w	r2, r2, #16384	@ 0x4000
 800091e:	9202      	str	r2, [sp, #8]
 8000920:	9a02      	ldr	r2, [sp, #8]
    __HAL_RCC_GPIOC_CLK_ENABLE();
 8000922:	9403      	str	r4, [sp, #12]
 8000924:	6b1a      	ldr	r2, [r3, #48]	@ 0x30
 8000926:	f042 0204 	orr.w	r2, r2, #4
 800092a:	631a      	str	r2, [r3, #48]	@ 0x30
 800092c:	6b1a      	ldr	r2, [r3, #48]	@ 0x30
 800092e:	f002 0204 	and.w	r2, r2, #4
 8000932:	9203      	str	r2, [sp, #12]
 8000934:	9a03      	ldr	r2, [sp, #12]
    __HAL_RCC_GPIOB_CLK_ENABLE();
 8000936:	9404      	str	r4, [sp, #16]
 8000938:	6b1a      	ldr	r2, [r3, #48]	@ 0x30
 800093a:	f042 0202 	orr.w	r2, r2, #2
 800093e:	631a      	str	r2, [r3, #48]	@ 0x30
 8000940:	6b1b      	ldr	r3, [r3, #48]	@ 0x30
 8000942:	f003 0302 	and.w	r3, r3, #2
 8000946:	9304      	str	r3, [sp, #16]
 8000948:	9b04      	ldr	r3, [sp, #16]
    GPIO_InitStruct.Pin = GPIO_PIN_2|GPIO_PIN_3;
 800094a:	230c      	movs	r3, #12
 800094c:	9307      	str	r3, [sp, #28]
    GPIO_InitStruct.Mode = GPIO_MODE_AF_PP;
 800094e:	2702      	movs	r7, #2
 8000950:	9708      	str	r7, [sp, #32]
    GPIO_InitStruct.Speed = GPIO_SPEED_FREQ_VERY_HIGH;
 8000952:	2603      	movs	r6, #3
 8000954:	960a      	str	r6, [sp, #40]	@ 0x28
    GPIO_InitStruct.Alternate = GPIO_AF5_SPI2;
 8000956:	2505      	movs	r5, #5
 8000958:	950b      	str	r5, [sp, #44]	@ 0x2c
    HAL_GPIO_Init(GPIOC, &GPIO_InitStruct);
 800095a:	a907      	add	r1, sp, #28
 800095c:	481e      	ldr	r0, [pc, #120]	@ (80009d8 <HAL_SPI_MspInit+0x13c>)
 800095e:	f000 f921 	bl	8000ba4 <HAL_GPIO_Init>
    GPIO_InitStruct.Pin = GPIO_PIN_13;
 8000962:	f44f 5300 	mov.w	r3, #8192	@ 0x2000
 8000966:	9307      	str	r3, [sp, #28]
    GPIO_InitStruct.Mode = GPIO_MODE_AF_PP;
 8000968:	9708      	str	r7, [sp, #32]
    GPIO_InitStruct.Pull = GPIO_NOPULL;
 800096a:	9409      	str	r4, [sp, #36]	@ 0x24
    GPIO_InitStruct.Speed = GPIO_SPEED_FREQ_VERY_HIGH;
 800096c:	960a      	str	r6, [sp, #40]	@ 0x28
    GPIO_InitStruct.Alternate = GPIO_AF5_SPI2;
 800096e:	950b      	str	r5, [sp, #44]	@ 0x2c
    HAL_GPIO_Init(GPIOB, &GPIO_InitStruct);
 8000970:	a907      	add	r1, sp, #28
 8000972:	481a      	ldr	r0, [pc, #104]	@ (80009dc <HAL_SPI_MspInit+0x140>)
 8000974:	f000 f916 	bl	8000ba4 <HAL_GPIO_Init>
 8000978:	e7a2      	b.n	80008c0 <HAL_SPI_MspInit+0x24>
    __HAL_RCC_SPI3_CLK_ENABLE();
 800097a:	2100      	movs	r1, #0
 800097c:	9105      	str	r1, [sp, #20]
 800097e:	4b14      	ldr	r3, [pc, #80]	@ (80009d0 <HAL_SPI_MspInit+0x134>)
 8000980:	6c1a      	ldr	r2, [r3, #64]	@ 0x40
 8000982:	f442 4200 	orr.w	r2, r2, #32768	@ 0x8000
 8000986:	641a      	str	r2, [r3, #64]	@ 0x40
 8000988:	6c1a      	ldr	r2, [r3, #64]	@ 0x40
 800098a:	f402 4200 	and.w	r2, r2, #32768	@ 0x8000
 800098e:	9205      	str	r2, [sp, #20]
 8000990:	9a05      	ldr	r2, [sp, #20]
    __HAL_RCC_GPIOC_CLK_ENABLE();
 8000992:	9106      	str	r1, [sp, #24]
 8000994:	6b1a      	ldr	r2, [r3, #48]	@ 0x30
 8000996:	f042 0204 	orr.w	r2, r2, #4
 800099a:	631a      	str	r2, [r3, #48]	@ 0x30
 800099c:	6b1b      	ldr	r3, [r3, #48]	@ 0x30
 800099e:	f003 0304 	and.w	r3, r3, #4
 80009a2:	9306      	str	r3, [sp, #24]
 80009a4:	9b06      	ldr	r3, [sp, #24]
    GPIO_InitStruct.Pin = GPIO_PIN_10|GPIO_PIN_11|GPIO_PIN_12;
 80009a6:	f44f 53e0 	mov.w	r3, #7168	@ 0x1c00
 80009aa:	9307      	str	r3, [sp, #28]
    GPIO_InitStruct.Mode = GPIO_MODE_AF_PP;
 80009ac:	2302      	movs	r3, #2
 80009ae:	9308      	str	r3, [sp, #32]
    GPIO_InitStruct.Speed = GPIO_SPEED_FREQ_VERY_HIGH;
 80009b0:	2303      	movs	r3, #3
 80009b2:	930a      	str	r3, [sp, #40]	@ 0x28
    GPIO_InitStruct.Alternate = GPIO_AF6_SPI3;
 80009b4:	2306      	movs	r3, #6
 80009b6:	930b      	str	r3, [sp, #44]	@ 0x2c
    HAL_GPIO_Init(GPIOC, &GPIO_InitStruct);
 80009b8:	a907      	add	r1, sp, #28
 80009ba:	4807      	ldr	r0, [pc, #28]	@ (80009d8 <HAL_SPI_MspInit+0x13c>)
 80009bc:	f000 f8f2 	bl	8000ba4 <HAL_GPIO_Init>
}
 80009c0:	e77e      	b.n	80008c0 <HAL_SPI_MspInit+0x24>
 80009c2:	bf00      	nop
 80009c4:	40013000 	.word	0x40013000
 80009c8:	40003800 	.word	0x40003800
 80009cc:	40003c00 	.word	0x40003c00
 80009d0:	40023800 	.word	0x40023800
 80009d4:	40020000 	.word	0x40020000
 80009d8:	40020800 	.word	0x40020800
 80009dc:	40020400 	.word	0x40020400

080009e0 <HAL_InitTick>:
  *       implementation  in user file.
  * @param TickPriority Tick interrupt priority.
  * @retval HAL status
  */
__weak HAL_StatusTypeDef HAL_InitTick(uint32_t TickPriority)
{
 80009e0:	b510      	push	{r4, lr}
 80009e2:	4604      	mov	r4, r0
  /* Configure the SysTick to have interrupt in 1ms time basis*/
  if (HAL_SYSTICK_Config(SystemCoreClock / (1000U / uwTickFreq)) > 0U)
 80009e4:	4b0e      	ldr	r3, [pc, #56]	@ (8000a20 <HAL_InitTick+0x40>)
 80009e6:	781a      	ldrb	r2, [r3, #0]
 80009e8:	f44f 737a 	mov.w	r3, #1000	@ 0x3e8
 80009ec:	fbb3 f3f2 	udiv	r3, r3, r2
 80009f0:	4a0c      	ldr	r2, [pc, #48]	@ (8000a24 <HAL_InitTick+0x44>)
 80009f2:	6810      	ldr	r0, [r2, #0]
 80009f4:	fbb0 f0f3 	udiv	r0, r0, r3
 80009f8:	f000 f8c0 	bl	8000b7c <HAL_SYSTICK_Config>
 80009fc:	b968      	cbnz	r0, 8000a1a <HAL_InitTick+0x3a>
  {
    return HAL_ERROR;
  }

  /* Configure the SysTick IRQ priority */
  if (TickPriority < (1UL << __NVIC_PRIO_BITS))
 80009fe:	2c0f      	cmp	r4, #15
 8000a00:	d901      	bls.n	8000a06 <HAL_InitTick+0x26>
    HAL_NVIC_SetPriority(SysTick_IRQn, TickPriority, 0U);
    uwTickPrio = TickPriority;
  }
  else
  {
    return HAL_ERROR;
 8000a02:	2001      	movs	r0, #1
 8000a04:	e00a      	b.n	8000a1c <HAL_InitTick+0x3c>
    HAL_NVIC_SetPriority(SysTick_IRQn, TickPriority, 0U);
 8000a06:	2200      	movs	r2, #0
 8000a08:	4621      	mov	r1, r4
 8000a0a:	f04f 30ff 	mov.w	r0, #4294967295	@ 0xffffffff
 8000a0e:	f000 f8a1 	bl	8000b54 <HAL_NVIC_SetPriority>
    uwTickPrio = TickPriority;
 8000a12:	4b05      	ldr	r3, [pc, #20]	@ (8000a28 <HAL_InitTick+0x48>)
 8000a14:	601c      	str	r4, [r3, #0]
  }

  /* Return function status */
  return HAL_OK;
 8000a16:	2000      	movs	r0, #0
 8000a18:	e000      	b.n	8000a1c <HAL_InitTick+0x3c>
    return HAL_ERROR;
 8000a1a:	2001      	movs	r0, #1
}
 8000a1c:	bd10      	pop	{r4, pc}
 8000a1e:	bf00      	nop
 8000a20:	20000000 	.word	0x20000000
 8000a24:	20000008 	.word	0x20000008
 8000a28:	20000004 	.word	0x20000004

08000a2c <HAL_Init>:
{
 8000a2c:	b508      	push	{r3, lr}
  __HAL_FLASH_INSTRUCTION_CACHE_ENABLE();
 8000a2e:	4b0b      	ldr	r3, [pc, #44]	@ (8000a5c <HAL_Init+0x30>)
 8000a30:	681a      	ldr	r2, [r3, #0]
 8000a32:	f442 7200 	orr.w	r2, r2, #512	@ 0x200
 8000a36:	601a      	str	r2, [r3, #0]
  __HAL_FLASH_DATA_CACHE_ENABLE();
 8000a38:	681a      	ldr	r2, [r3, #0]
 8000a3a:	f442 6280 	orr.w	r2, r2, #1024	@ 0x400
 8000a3e:	601a      	str	r2, [r3, #0]
  __HAL_FLASH_PREFETCH_BUFFER_ENABLE();
 8000a40:	681a      	ldr	r2, [r3, #0]
 8000a42:	f442 7280 	orr.w	r2, r2, #256	@ 0x100
 8000a46:	601a      	str	r2, [r3, #0]
  HAL_NVIC_SetPriorityGrouping(NVIC_PRIORITYGROUP_4);
 8000a48:	2003      	movs	r0, #3
 8000a4a:	f000 f871 	bl	8000b30 <HAL_NVIC_SetPriorityGrouping>
  HAL_InitTick(TICK_INT_PRIORITY);
 8000a4e:	200f      	movs	r0, #15
 8000a50:	f7ff ffc6 	bl	80009e0 <HAL_InitTick>
  HAL_MspInit();
 8000a54:	f000 fa7a 	bl	8000f4c <HAL_MspInit>
}
 8000a58:	2000      	movs	r0, #0
 8000a5a:	bd08      	pop	{r3, pc}
 8000a5c:	40023c00 	.word	0x40023c00

08000a60 <HAL_IncTick>:
  *      implementations in user file.
  * @retval None
  */
__weak void HAL_IncTick(void)
{
  uwTick += uwTickFreq;
 8000a60:	4a03      	ldr	r2, [pc, #12]	@ (8000a70 <HAL_IncTick+0x10>)
 8000a62:	6811      	ldr	r1, [r2, #0]
 8000a64:	4b03      	ldr	r3, [pc, #12]	@ (8000a74 <HAL_IncTick+0x14>)
 8000a66:	781b      	ldrb	r3, [r3, #0]
 8000a68:	440b      	add	r3, r1
 8000a6a:	6013      	str	r3, [r2, #0]
}
 8000a6c:	4770      	bx	lr
 8000a6e:	bf00      	nop
 8000a70:	20000270 	.word	0x20000270
 8000a74:	20000000 	.word	0x20000000

08000a78 <HAL_GetTick>:
  *       implementations in user file.
  * @retval tick value
  */
__weak uint32_t HAL_GetTick(void)
{
  return uwTick;
 8000a78:	4b01      	ldr	r3, [pc, #4]	@ (8000a80 <HAL_GetTick+0x8>)
 8000a7a:	6818      	ldr	r0, [r3, #0]
}
 8000a7c:	4770      	bx	lr
 8000a7e:	bf00      	nop
 8000a80:	20000270 	.word	0x20000270

08000a84 <HAL_Delay>:
  *       implementations in user file.
  * @param Delay specifies the delay time length, in milliseconds.
  * @retval None
  */
__weak void HAL_Delay(uint32_t Delay)
{
 8000a84:	b538      	push	{r3, r4, r5, lr}
 8000a86:	4604      	mov	r4, r0
  uint32_t tickstart = HAL_GetTick();
 8000a88:	f7ff fff6 	bl	8000a78 <HAL_GetTick>
 8000a8c:	4605      	mov	r5, r0
  uint32_t wait = Delay;

  /* Add a freq to guarantee minimum wait */
  if (wait < HAL_MAX_DELAY)
 8000a8e:	f1b4 3fff 	cmp.w	r4, #4294967295	@ 0xffffffff
 8000a92:	d002      	beq.n	8000a9a <HAL_Delay+0x16>
  {
    wait += (uint32_t)(uwTickFreq);
 8000a94:	4b04      	ldr	r3, [pc, #16]	@ (8000aa8 <HAL_Delay+0x24>)
 8000a96:	781b      	ldrb	r3, [r3, #0]
 8000a98:	441c      	add	r4, r3
  }

  while((HAL_GetTick() - tickstart) < wait)
 8000a9a:	f7ff ffed 	bl	8000a78 <HAL_GetTick>
 8000a9e:	1b40      	subs	r0, r0, r5
 8000aa0:	42a0      	cmp	r0, r4
 8000aa2:	d3fa      	bcc.n	8000a9a <HAL_Delay+0x16>
  {
  }
}
 8000aa4:	bd38      	pop	{r3, r4, r5, pc}
 8000aa6:	bf00      	nop
 8000aa8:	20000000 	.word	0x20000000

08000aac <__NVIC_EnableIRQ>:
  \param [in]      IRQn  Device specific interrupt number.
  \note    IRQn must not be negative.
 */
__STATIC_INLINE void __NVIC_EnableIRQ(IRQn_Type IRQn)
{
  if ((int32_t)(IRQn) >= 0)
 8000aac:	2800      	cmp	r0, #0
 8000aae:	db07      	blt.n	8000ac0 <__NVIC_EnableIRQ+0x14>
  {
    __COMPILER_BARRIER();
    NVIC->ISER[(((uint32_t)IRQn) >> 5UL)] = (uint32_t)(1UL << (((uint32_t)IRQn) & 0x1FUL));
 8000ab0:	f000 021f 	and.w	r2, r0, #31
 8000ab4:	0940      	lsrs	r0, r0, #5
 8000ab6:	2301      	movs	r3, #1
 8000ab8:	4093      	lsls	r3, r2
 8000aba:	4a02      	ldr	r2, [pc, #8]	@ (8000ac4 <__NVIC_EnableIRQ+0x18>)
 8000abc:	f842 3020 	str.w	r3, [r2, r0, lsl #2]
    __COMPILER_BARRIER();
  }
}
 8000ac0:	4770      	bx	lr
 8000ac2:	bf00      	nop
 8000ac4:	e000e100 	.word	0xe000e100

08000ac8 <__NVIC_SetPriority>:
  \param [in]  priority  Priority to set.
  \note    The priority cannot be set for every processor exception.
 */
__STATIC_INLINE void __NVIC_SetPriority(IRQn_Type IRQn, uint32_t priority)
{
  if ((int32_t)(IRQn) >= 0)
 8000ac8:	2800      	cmp	r0, #0
 8000aca:	db08      	blt.n	8000ade <__NVIC_SetPriority+0x16>
  {
    NVIC->IP[((uint32_t)IRQn)]               = (uint8_t)((priority << (8U - __NVIC_PRIO_BITS)) & (uint32_t)0xFFUL);
 8000acc:	0109      	lsls	r1, r1, #4
 8000ace:	b2c9      	uxtb	r1, r1
 8000ad0:	f100 4060 	add.w	r0, r0, #3758096384	@ 0xe0000000
 8000ad4:	f500 4061 	add.w	r0, r0, #57600	@ 0xe100
 8000ad8:	f880 1300 	strb.w	r1, [r0, #768]	@ 0x300
 8000adc:	4770      	bx	lr
  }
  else
  {
    SCB->SHP[(((uint32_t)IRQn) & 0xFUL)-4UL] = (uint8_t)((priority << (8U - __NVIC_PRIO_BITS)) & (uint32_t)0xFFUL);
 8000ade:	f000 000f 	and.w	r0, r0, #15
 8000ae2:	0109      	lsls	r1, r1, #4
 8000ae4:	b2c9      	uxtb	r1, r1
 8000ae6:	4b01      	ldr	r3, [pc, #4]	@ (8000aec <__NVIC_SetPriority+0x24>)
 8000ae8:	5419      	strb	r1, [r3, r0]
  }
}
 8000aea:	4770      	bx	lr
 8000aec:	e000ed14 	.word	0xe000ed14

08000af0 <NVIC_EncodePriority>:
  \param [in]   PreemptPriority  Preemptive priority value (starting from 0).
  \param [in]       SubPriority  Subpriority value (starting from 0).
  \return                        Encoded priority. Value can be used in the function \ref NVIC_SetPriority().
 */
__STATIC_INLINE uint32_t NVIC_EncodePriority (uint32_t PriorityGroup, uint32_t PreemptPriority, uint32_t SubPriority)
{
 8000af0:	b500      	push	{lr}
  uint32_t PriorityGroupTmp = (PriorityGroup & (uint32_t)0x07UL);   /* only values 0..7 are used          */
 8000af2:	f000 0007 	and.w	r0, r0, #7
  uint32_t PreemptPriorityBits;
  uint32_t SubPriorityBits;

  PreemptPriorityBits = ((7UL - PriorityGroupTmp) > (uint32_t)(__NVIC_PRIO_BITS)) ? (uint32_t)(__NVIC_PRIO_BITS) : (uint32_t)(7UL - PriorityGroupTmp);
 8000af6:	f1c0 0c07 	rsb	ip, r0, #7
 8000afa:	f1bc 0f04 	cmp.w	ip, #4
 8000afe:	bf28      	it	cs
 8000b00:	f04f 0c04 	movcs.w	ip, #4
  SubPriorityBits     = ((PriorityGroupTmp + (uint32_t)(__NVIC_PRIO_BITS)) < (uint32_t)7UL) ? (uint32_t)0UL : (uint32_t)((PriorityGroupTmp - 7UL) + (uint32_t)(__NVIC_PRIO_BITS));
 8000b04:	1d03      	adds	r3, r0, #4
 8000b06:	2b06      	cmp	r3, #6
 8000b08:	d90f      	bls.n	8000b2a <NVIC_EncodePriority+0x3a>
 8000b0a:	1ec3      	subs	r3, r0, #3

  return (
           ((PreemptPriority & (uint32_t)((1UL << (PreemptPriorityBits)) - 1UL)) << SubPriorityBits) |
 8000b0c:	f04f 3eff 	mov.w	lr, #4294967295	@ 0xffffffff
 8000b10:	fa0e f00c 	lsl.w	r0, lr, ip
 8000b14:	ea21 0100 	bic.w	r1, r1, r0
 8000b18:	4099      	lsls	r1, r3
           ((SubPriority     & (uint32_t)((1UL << (SubPriorityBits    )) - 1UL)))
 8000b1a:	fa0e fe03 	lsl.w	lr, lr, r3
 8000b1e:	ea22 020e 	bic.w	r2, r2, lr
         );
}
 8000b22:	ea41 0002 	orr.w	r0, r1, r2
 8000b26:	f85d fb04 	ldr.w	pc, [sp], #4
  SubPriorityBits     = ((PriorityGroupTmp + (uint32_t)(__NVIC_PRIO_BITS)) < (uint32_t)7UL) ? (uint32_t)0UL : (uint32_t)((PriorityGroupTmp - 7UL) + (uint32_t)(__NVIC_PRIO_BITS));
 8000b2a:	2300      	movs	r3, #0
 8000b2c:	e7ee      	b.n	8000b0c <NVIC_EncodePriority+0x1c>
	...

08000b30 <HAL_NVIC_SetPriorityGrouping>:
  reg_value  =  SCB->AIRCR;                                                   /* read old register configuration    */
 8000b30:	4a07      	ldr	r2, [pc, #28]	@ (8000b50 <HAL_NVIC_SetPriorityGrouping+0x20>)
 8000b32:	68d3      	ldr	r3, [r2, #12]
  reg_value &= ~((uint32_t)(SCB_AIRCR_VECTKEY_Msk | SCB_AIRCR_PRIGROUP_Msk)); /* clear bits to change               */
 8000b34:	f423 63e0 	bic.w	r3, r3, #1792	@ 0x700
 8000b38:	041b      	lsls	r3, r3, #16
 8000b3a:	0c1b      	lsrs	r3, r3, #16
                (PriorityGroupTmp << SCB_AIRCR_PRIGROUP_Pos)  );              /* Insert write key and priority group */
 8000b3c:	0200      	lsls	r0, r0, #8
 8000b3e:	f400 60e0 	and.w	r0, r0, #1792	@ 0x700
                ((uint32_t)0x5FAUL << SCB_AIRCR_VECTKEY_Pos) |
 8000b42:	4303      	orrs	r3, r0
  reg_value  =  (reg_value                                   |
 8000b44:	f043 63bf 	orr.w	r3, r3, #100139008	@ 0x5f80000
 8000b48:	f443 3300 	orr.w	r3, r3, #131072	@ 0x20000
  SCB->AIRCR =  reg_value;
 8000b4c:	60d3      	str	r3, [r2, #12]
  /* Check the parameters */
  assert_param(IS_NVIC_PRIORITY_GROUP(PriorityGroup));
  
  /* Set the PRIGROUP[10:8] bits according to the PriorityGroup parameter value */
  NVIC_SetPriorityGrouping(PriorityGroup);
}
 8000b4e:	4770      	bx	lr
 8000b50:	e000ed00 	.word	0xe000ed00

08000b54 <HAL_NVIC_SetPriority>:
  *         This parameter can be a value between 0 and 15
  *         A lower priority value indicates a higher priority.          
  * @retval None
  */
void HAL_NVIC_SetPriority(IRQn_Type IRQn, uint32_t PreemptPriority, uint32_t SubPriority)
{ 
 8000b54:	b510      	push	{r4, lr}
 8000b56:	4604      	mov	r4, r0
  return ((uint32_t)((SCB->AIRCR & SCB_AIRCR_PRIGROUP_Msk) >> SCB_AIRCR_PRIGROUP_Pos));
 8000b58:	4b05      	ldr	r3, [pc, #20]	@ (8000b70 <HAL_NVIC_SetPriority+0x1c>)
 8000b5a:	68d8      	ldr	r0, [r3, #12]
  assert_param(IS_NVIC_SUB_PRIORITY(SubPriority));
  assert_param(IS_NVIC_PREEMPTION_PRIORITY(PreemptPriority));
  
  prioritygroup = NVIC_GetPriorityGrouping();
  
  NVIC_SetPriority(IRQn, NVIC_EncodePriority(prioritygroup, PreemptPriority, SubPriority));
 8000b5c:	f3c0 2002 	ubfx	r0, r0, #8, #3
 8000b60:	f7ff ffc6 	bl	8000af0 <NVIC_EncodePriority>
 8000b64:	4601      	mov	r1, r0
 8000b66:	4620      	mov	r0, r4
 8000b68:	f7ff ffae 	bl	8000ac8 <__NVIC_SetPriority>
}
 8000b6c:	bd10      	pop	{r4, pc}
 8000b6e:	bf00      	nop
 8000b70:	e000ed00 	.word	0xe000ed00

08000b74 <HAL_NVIC_EnableIRQ>:
  *         This parameter can be an enumerator of IRQn_Type enumeration
  *         (For the complete STM32 Devices IRQ Channels list, please refer to the appropriate CMSIS device file (stm32f4xxxx.h))
  * @retval None
  */
void HAL_NVIC_EnableIRQ(IRQn_Type IRQn)
{
 8000b74:	b508      	push	{r3, lr}
  /* Check the parameters */
  assert_param(IS_NVIC_DEVICE_IRQ(IRQn));
  
  /* Enable interrupt */
  NVIC_EnableIRQ(IRQn);
 8000b76:	f7ff ff99 	bl	8000aac <__NVIC_EnableIRQ>
}
 8000b7a:	bd08      	pop	{r3, pc}

08000b7c <HAL_SYSTICK_Config>:
           function <b>SysTick_Config</b> is not included. In this case, the file <b><i>device</i>.h</b>
           must contain a vendor-specific implementation of this function.
 */
__STATIC_INLINE uint32_t SysTick_Config(uint32_t ticks)
{
  if ((ticks - 1UL) > SysTick_LOAD_RELOAD_Msk)
 8000b7c:	3801      	subs	r0, #1
 8000b7e:	f1b0 7f80 	cmp.w	r0, #16777216	@ 0x1000000
 8000b82:	d20b      	bcs.n	8000b9c <HAL_SYSTICK_Config+0x20>
  {
    return (1UL);                                                   /* Reload value impossible */
  }

  SysTick->LOAD  = (uint32_t)(ticks - 1UL);                         /* set reload register */
 8000b84:	f04f 23e0 	mov.w	r3, #3758153728	@ 0xe000e000
 8000b88:	6158      	str	r0, [r3, #20]
    SCB->SHP[(((uint32_t)IRQn) & 0xFUL)-4UL] = (uint8_t)((priority << (8U - __NVIC_PRIO_BITS)) & (uint32_t)0xFFUL);
 8000b8a:	4a05      	ldr	r2, [pc, #20]	@ (8000ba0 <HAL_SYSTICK_Config+0x24>)
 8000b8c:	21f0      	movs	r1, #240	@ 0xf0
 8000b8e:	f882 1023 	strb.w	r1, [r2, #35]	@ 0x23
  NVIC_SetPriority (SysTick_IRQn, (1UL << __NVIC_PRIO_BITS) - 1UL); /* set Priority for Systick Interrupt */
  SysTick->VAL   = 0UL;                                             /* Load the SysTick Counter Value */
 8000b92:	2000      	movs	r0, #0
 8000b94:	6198      	str	r0, [r3, #24]
  SysTick->CTRL  = SysTick_CTRL_CLKSOURCE_Msk |
 8000b96:	2207      	movs	r2, #7
 8000b98:	611a      	str	r2, [r3, #16]
                   SysTick_CTRL_TICKINT_Msk   |
                   SysTick_CTRL_ENABLE_Msk;                         /* Enable SysTick IRQ and SysTick Timer */
  return (0UL);                                                     /* Function successful */
 8000b9a:	4770      	bx	lr
    return (1UL);                                                   /* Reload value impossible */
 8000b9c:	2001      	movs	r0, #1
  *                  - 1  Function failed.
  */
uint32_t HAL_SYSTICK_Config(uint32_t TicksNumb)
{
   return SysTick_Config(TicksNumb);
}
 8000b9e:	4770      	bx	lr
 8000ba0:	e000ed00 	.word	0xe000ed00

08000ba4 <HAL_GPIO_Init>:
  assert_param(IS_GPIO_ALL_INSTANCE(GPIOx));
  assert_param(IS_GPIO_PIN(GPIO_Init->Pin));
  assert_param(IS_GPIO_MODE(GPIO_Init->Mode));

  /* Configure the port pins */
  for(position = 0U; position < GPIO_NUMBER; position++)
 8000ba4:	2300      	movs	r3, #0
 8000ba6:	2b0f      	cmp	r3, #15
 8000ba8:	f200 80e9 	bhi.w	8000d7e <HAL_GPIO_Init+0x1da>
{
 8000bac:	b570      	push	{r4, r5, r6, lr}
 8000bae:	b082      	sub	sp, #8
 8000bb0:	e065      	b.n	8000c7e <HAL_GPIO_Init+0xda>
          (GPIO_Init->Mode & GPIO_MODE) == MODE_AF)
      {
        /* Check the Speed parameter */
        assert_param(IS_GPIO_SPEED(GPIO_Init->Speed));
        /* Configure the IO Speed */
        temp = GPIOx->OSPEEDR; 
 8000bb2:	6885      	ldr	r5, [r0, #8]
        temp &= ~(GPIO_OSPEEDER_OSPEEDR0 << (position * 2U));
 8000bb4:	ea4f 0e43 	mov.w	lr, r3, lsl #1
 8000bb8:	2403      	movs	r4, #3
 8000bba:	fa04 f40e 	lsl.w	r4, r4, lr
 8000bbe:	ea25 0504 	bic.w	r5, r5, r4
        temp |= (GPIO_Init->Speed << (position * 2U));
 8000bc2:	68cc      	ldr	r4, [r1, #12]
 8000bc4:	fa04 f40e 	lsl.w	r4, r4, lr
 8000bc8:	432c      	orrs	r4, r5
        GPIOx->OSPEEDR = temp;
 8000bca:	6084      	str	r4, [r0, #8]

        /* Configure the IO Output Type */
        temp = GPIOx->OTYPER;
 8000bcc:	6844      	ldr	r4, [r0, #4]
        temp &= ~(GPIO_OTYPER_OT_0 << position) ;
 8000bce:	ea24 0402 	bic.w	r4, r4, r2
        temp |= (((GPIO_Init->Mode & OUTPUT_TYPE) >> OUTPUT_TYPE_Pos) << position);
 8000bd2:	684a      	ldr	r2, [r1, #4]
 8000bd4:	f3c2 1200 	ubfx	r2, r2, #4, #1
 8000bd8:	409a      	lsls	r2, r3
 8000bda:	4322      	orrs	r2, r4
        GPIOx->OTYPER = temp;
 8000bdc:	6042      	str	r2, [r0, #4]
 8000bde:	e05c      	b.n	8000c9a <HAL_GPIO_Init+0xf6>
      if((GPIO_Init->Mode & GPIO_MODE) == MODE_AF)
      {
        /* Check the Alternate function parameter */
        assert_param(IS_GPIO_AF(GPIO_Init->Alternate));
        /* Configure Alternate function mapped with the current IO */
        temp = GPIOx->AFR[position >> 3U];
 8000be0:	08dc      	lsrs	r4, r3, #3
 8000be2:	3408      	adds	r4, #8
 8000be4:	f850 2024 	ldr.w	r2, [r0, r4, lsl #2]
        temp &= ~(0xFU << ((uint32_t)(position & 0x07U) * 4U)) ;
 8000be8:	f003 0507 	and.w	r5, r3, #7
 8000bec:	00ad      	lsls	r5, r5, #2
 8000bee:	f04f 0e0f 	mov.w	lr, #15
 8000bf2:	fa0e fe05 	lsl.w	lr, lr, r5
 8000bf6:	ea22 0e0e 	bic.w	lr, r2, lr
        temp |= ((uint32_t)(GPIO_Init->Alternate) << (((uint32_t)position & 0x07U) * 4U));
 8000bfa:	690a      	ldr	r2, [r1, #16]
 8000bfc:	40aa      	lsls	r2, r5
 8000bfe:	ea42 020e 	orr.w	r2, r2, lr
        GPIOx->AFR[position >> 3U] = temp;
 8000c02:	f840 2024 	str.w	r2, [r0, r4, lsl #2]
 8000c06:	e05c      	b.n	8000cc2 <HAL_GPIO_Init+0x11e>
        /* Enable SYSCFG Clock */
        __HAL_RCC_SYSCFG_CLK_ENABLE();

        temp = SYSCFG->EXTICR[position >> 2U];
        temp &= ~(0x0FU << (4U * (position & 0x03U)));
        temp |= ((uint32_t)(GPIO_GET_INDEX(GPIOx)) << (4U * (position & 0x03U)));
 8000c08:	2207      	movs	r2, #7
 8000c0a:	e000      	b.n	8000c0e <HAL_GPIO_Init+0x6a>
 8000c0c:	2200      	movs	r2, #0
 8000c0e:	fa02 f20e 	lsl.w	r2, r2, lr
 8000c12:	432a      	orrs	r2, r5
        SYSCFG->EXTICR[position >> 2U] = temp;
 8000c14:	3402      	adds	r4, #2
 8000c16:	4d5a      	ldr	r5, [pc, #360]	@ (8000d80 <HAL_GPIO_Init+0x1dc>)
 8000c18:	f845 2024 	str.w	r2, [r5, r4, lsl #2]

        /* Clear Rising Falling edge configuration */
        temp = EXTI->RTSR;
 8000c1c:	4a59      	ldr	r2, [pc, #356]	@ (8000d84 <HAL_GPIO_Init+0x1e0>)
 8000c1e:	6894      	ldr	r4, [r2, #8]
        temp &= ~((uint32_t)iocurrent);
 8000c20:	ea6f 020c 	mvn.w	r2, ip
 8000c24:	ea24 050c 	bic.w	r5, r4, ip
        if((GPIO_Init->Mode & TRIGGER_RISING) != 0x00U)
 8000c28:	684e      	ldr	r6, [r1, #4]
 8000c2a:	f416 1f80 	tst.w	r6, #1048576	@ 0x100000
 8000c2e:	d001      	beq.n	8000c34 <HAL_GPIO_Init+0x90>
        {
          temp |= iocurrent;
 8000c30:	ea4c 0504 	orr.w	r5, ip, r4
        }
        EXTI->RTSR = temp;
 8000c34:	4c53      	ldr	r4, [pc, #332]	@ (8000d84 <HAL_GPIO_Init+0x1e0>)
 8000c36:	60a5      	str	r5, [r4, #8]

        temp = EXTI->FTSR;
 8000c38:	68e4      	ldr	r4, [r4, #12]
        temp &= ~((uint32_t)iocurrent);
 8000c3a:	ea02 0504 	and.w	r5, r2, r4
        if((GPIO_Init->Mode & TRIGGER_FALLING) != 0x00U)
 8000c3e:	684e      	ldr	r6, [r1, #4]
 8000c40:	f416 1f00 	tst.w	r6, #2097152	@ 0x200000
 8000c44:	d001      	beq.n	8000c4a <HAL_GPIO_Init+0xa6>
        {
          temp |= iocurrent;
 8000c46:	ea4c 0504 	orr.w	r5, ip, r4
        }
        EXTI->FTSR = temp;
 8000c4a:	4c4e      	ldr	r4, [pc, #312]	@ (8000d84 <HAL_GPIO_Init+0x1e0>)
 8000c4c:	60e5      	str	r5, [r4, #12]

        temp = EXTI->EMR;
 8000c4e:	6864      	ldr	r4, [r4, #4]
        temp &= ~((uint32_t)iocurrent);
 8000c50:	ea02 0504 	and.w	r5, r2, r4
        if((GPIO_Init->Mode & EXTI_EVT) != 0x00U)
 8000c54:	684e      	ldr	r6, [r1, #4]
 8000c56:	f416 3f00 	tst.w	r6, #131072	@ 0x20000
 8000c5a:	d001      	beq.n	8000c60 <HAL_GPIO_Init+0xbc>
        {
          temp |= iocurrent;
 8000c5c:	ea4c 0504 	orr.w	r5, ip, r4
        }
        EXTI->EMR = temp;
 8000c60:	4c48      	ldr	r4, [pc, #288]	@ (8000d84 <HAL_GPIO_Init+0x1e0>)
 8000c62:	6065      	str	r5, [r4, #4]

        /* Clear EXTI line configuration */
        temp = EXTI->IMR;
 8000c64:	6824      	ldr	r4, [r4, #0]
        temp &= ~((uint32_t)iocurrent);
 8000c66:	4022      	ands	r2, r4
        if((GPIO_Init->Mode & EXTI_IT) != 0x00U)
 8000c68:	684d      	ldr	r5, [r1, #4]
 8000c6a:	f415 3f80 	tst.w	r5, #65536	@ 0x10000
 8000c6e:	d001      	beq.n	8000c74 <HAL_GPIO_Init+0xd0>
        {
          temp |= iocurrent;
 8000c70:	ea4c 0204 	orr.w	r2, ip, r4
        }
        EXTI->IMR = temp;
 8000c74:	4c43      	ldr	r4, [pc, #268]	@ (8000d84 <HAL_GPIO_Init+0x1e0>)
 8000c76:	6022      	str	r2, [r4, #0]
  for(position = 0U; position < GPIO_NUMBER; position++)
 8000c78:	3301      	adds	r3, #1
 8000c7a:	2b0f      	cmp	r3, #15
 8000c7c:	d87d      	bhi.n	8000d7a <HAL_GPIO_Init+0x1d6>
    ioposition = 0x01U << position;
 8000c7e:	2201      	movs	r2, #1
 8000c80:	409a      	lsls	r2, r3
    iocurrent = (uint32_t)(GPIO_Init->Pin) & ioposition;
 8000c82:	680c      	ldr	r4, [r1, #0]
 8000c84:	ea04 0c02 	and.w	ip, r4, r2
    if(iocurrent == ioposition)
 8000c88:	ea32 0404 	bics.w	r4, r2, r4
 8000c8c:	d1f4      	bne.n	8000c78 <HAL_GPIO_Init+0xd4>
      if(((GPIO_Init->Mode & GPIO_MODE) == MODE_OUTPUT) || \
 8000c8e:	684c      	ldr	r4, [r1, #4]
 8000c90:	f004 0403 	and.w	r4, r4, #3
 8000c94:	3c01      	subs	r4, #1
 8000c96:	2c01      	cmp	r4, #1
 8000c98:	d98b      	bls.n	8000bb2 <HAL_GPIO_Init+0xe>
      if((GPIO_Init->Mode & GPIO_MODE) != MODE_ANALOG)
 8000c9a:	684a      	ldr	r2, [r1, #4]
 8000c9c:	f002 0203 	and.w	r2, r2, #3
 8000ca0:	2a03      	cmp	r2, #3
 8000ca2:	d009      	beq.n	8000cb8 <HAL_GPIO_Init+0x114>
        temp = GPIOx->PUPDR;
 8000ca4:	68c4      	ldr	r4, [r0, #12]
        temp &= ~(GPIO_PUPDR_PUPDR0 << (position * 2U));
 8000ca6:	005d      	lsls	r5, r3, #1
 8000ca8:	2203      	movs	r2, #3
 8000caa:	40aa      	lsls	r2, r5
 8000cac:	ea24 0402 	bic.w	r4, r4, r2
        temp |= ((GPIO_Init->Pull) << (position * 2U));
 8000cb0:	688a      	ldr	r2, [r1, #8]
 8000cb2:	40aa      	lsls	r2, r5
 8000cb4:	4322      	orrs	r2, r4
        GPIOx->PUPDR = temp;
 8000cb6:	60c2      	str	r2, [r0, #12]
      if((GPIO_Init->Mode & GPIO_MODE) == MODE_AF)
 8000cb8:	684a      	ldr	r2, [r1, #4]
 8000cba:	f002 0203 	and.w	r2, r2, #3
 8000cbe:	2a02      	cmp	r2, #2
 8000cc0:	d08e      	beq.n	8000be0 <HAL_GPIO_Init+0x3c>
      temp = GPIOx->MODER;
 8000cc2:	6804      	ldr	r4, [r0, #0]
      temp &= ~(GPIO_MODER_MODER0 << (position * 2U));
 8000cc4:	ea4f 0e43 	mov.w	lr, r3, lsl #1
 8000cc8:	2203      	movs	r2, #3
 8000cca:	fa02 f20e 	lsl.w	r2, r2, lr
 8000cce:	ea24 0402 	bic.w	r4, r4, r2
      temp |= ((GPIO_Init->Mode & GPIO_MODE) << (position * 2U));
 8000cd2:	684a      	ldr	r2, [r1, #4]
 8000cd4:	f002 0203 	and.w	r2, r2, #3
 8000cd8:	fa02 f20e 	lsl.w	r2, r2, lr
 8000cdc:	4322      	orrs	r2, r4
      GPIOx->MODER = temp;
 8000cde:	6002      	str	r2, [r0, #0]
      if((GPIO_Init->Mode & EXTI_MODE) != 0x00U)
 8000ce0:	684a      	ldr	r2, [r1, #4]
 8000ce2:	f412 3f40 	tst.w	r2, #196608	@ 0x30000
 8000ce6:	d0c7      	beq.n	8000c78 <HAL_GPIO_Init+0xd4>
        __HAL_RCC_SYSCFG_CLK_ENABLE();
 8000ce8:	2200      	movs	r2, #0
 8000cea:	9201      	str	r2, [sp, #4]
 8000cec:	4a26      	ldr	r2, [pc, #152]	@ (8000d88 <HAL_GPIO_Init+0x1e4>)
 8000cee:	6c54      	ldr	r4, [r2, #68]	@ 0x44
 8000cf0:	f444 4480 	orr.w	r4, r4, #16384	@ 0x4000
 8000cf4:	6454      	str	r4, [r2, #68]	@ 0x44
 8000cf6:	6c52      	ldr	r2, [r2, #68]	@ 0x44
 8000cf8:	f402 4280 	and.w	r2, r2, #16384	@ 0x4000
 8000cfc:	9201      	str	r2, [sp, #4]
 8000cfe:	9a01      	ldr	r2, [sp, #4]
        temp = SYSCFG->EXTICR[position >> 2U];
 8000d00:	089c      	lsrs	r4, r3, #2
 8000d02:	1ca5      	adds	r5, r4, #2
 8000d04:	4a1e      	ldr	r2, [pc, #120]	@ (8000d80 <HAL_GPIO_Init+0x1dc>)
 8000d06:	f852 5025 	ldr.w	r5, [r2, r5, lsl #2]
        temp &= ~(0x0FU << (4U * (position & 0x03U)));
 8000d0a:	f003 0e03 	and.w	lr, r3, #3
 8000d0e:	ea4f 0e8e 	mov.w	lr, lr, lsl #2
 8000d12:	220f      	movs	r2, #15
 8000d14:	fa02 f20e 	lsl.w	r2, r2, lr
 8000d18:	ea25 0502 	bic.w	r5, r5, r2
        temp |= ((uint32_t)(GPIO_GET_INDEX(GPIOx)) << (4U * (position & 0x03U)));
 8000d1c:	4a1b      	ldr	r2, [pc, #108]	@ (8000d8c <HAL_GPIO_Init+0x1e8>)
 8000d1e:	4290      	cmp	r0, r2
 8000d20:	f43f af74 	beq.w	8000c0c <HAL_GPIO_Init+0x68>
 8000d24:	f502 6280 	add.w	r2, r2, #1024	@ 0x400
 8000d28:	4290      	cmp	r0, r2
 8000d2a:	d01a      	beq.n	8000d62 <HAL_GPIO_Init+0x1be>
 8000d2c:	f502 6280 	add.w	r2, r2, #1024	@ 0x400
 8000d30:	4290      	cmp	r0, r2
 8000d32:	d018      	beq.n	8000d66 <HAL_GPIO_Init+0x1c2>
 8000d34:	f502 6280 	add.w	r2, r2, #1024	@ 0x400
 8000d38:	4290      	cmp	r0, r2
 8000d3a:	d016      	beq.n	8000d6a <HAL_GPIO_Init+0x1c6>
 8000d3c:	f502 6280 	add.w	r2, r2, #1024	@ 0x400
 8000d40:	4290      	cmp	r0, r2
 8000d42:	d014      	beq.n	8000d6e <HAL_GPIO_Init+0x1ca>
 8000d44:	f502 6280 	add.w	r2, r2, #1024	@ 0x400
 8000d48:	4290      	cmp	r0, r2
 8000d4a:	d012      	beq.n	8000d72 <HAL_GPIO_Init+0x1ce>
 8000d4c:	f502 6280 	add.w	r2, r2, #1024	@ 0x400
 8000d50:	4290      	cmp	r0, r2
 8000d52:	d010      	beq.n	8000d76 <HAL_GPIO_Init+0x1d2>
 8000d54:	f502 6280 	add.w	r2, r2, #1024	@ 0x400
 8000d58:	4290      	cmp	r0, r2
 8000d5a:	f43f af55 	beq.w	8000c08 <HAL_GPIO_Init+0x64>
 8000d5e:	2208      	movs	r2, #8
 8000d60:	e755      	b.n	8000c0e <HAL_GPIO_Init+0x6a>
 8000d62:	2201      	movs	r2, #1
 8000d64:	e753      	b.n	8000c0e <HAL_GPIO_Init+0x6a>
 8000d66:	2202      	movs	r2, #2
 8000d68:	e751      	b.n	8000c0e <HAL_GPIO_Init+0x6a>
 8000d6a:	2203      	movs	r2, #3
 8000d6c:	e74f      	b.n	8000c0e <HAL_GPIO_Init+0x6a>
 8000d6e:	2204      	movs	r2, #4
 8000d70:	e74d      	b.n	8000c0e <HAL_GPIO_Init+0x6a>
 8000d72:	2205      	movs	r2, #5
 8000d74:	e74b      	b.n	8000c0e <HAL_GPIO_Init+0x6a>
 8000d76:	2206      	movs	r2, #6
 8000d78:	e749      	b.n	8000c0e <HAL_GPIO_Init+0x6a>
      }
    }
  }
}
 8000d7a:	b002      	add	sp, #8
 8000d7c:	bd70      	pop	{r4, r5, r6, pc}
 8000d7e:	4770      	bx	lr
 8000d80:	40013800 	.word	0x40013800
 8000d84:	40013c00 	.word	0x40013c00
 8000d88:	40023800 	.word	0x40023800
 8000d8c:	40020000 	.word	0x40020000

08000d90 <HAL_I2C_Init>:
{
  uint32_t freqrange;
  uint32_t pclk1;

  /* Check the I2C handle allocation */
  if (hi2c == NULL)
 8000d90:	2800      	cmp	r0, #0
 8000d92:	f000 80cc 	beq.w	8000f2e <HAL_I2C_Init+0x19e>
{
 8000d96:	b570      	push	{r4, r5, r6, lr}
 8000d98:	4604      	mov	r4, r0
  assert_param(IS_I2C_DUAL_ADDRESS(hi2c->Init.DualAddressMode));
  assert_param(IS_I2C_OWN_ADDRESS2(hi2c->Init.OwnAddress2));
  assert_param(IS_I2C_GENERAL_CALL(hi2c->Init.GeneralCallMode));
  assert_param(IS_I2C_NO_STRETCH(hi2c->Init.NoStretchMode));

  if (hi2c->State == HAL_I2C_STATE_RESET)
 8000d9a:	f890 303d 	ldrb.w	r3, [r0, #61]	@ 0x3d
 8000d9e:	2b00      	cmp	r3, #0
 8000da0:	d077      	beq.n	8000e92 <HAL_I2C_Init+0x102>
    /* Init the low level hardware : GPIO, CLOCK, NVIC */
    HAL_I2C_MspInit(hi2c);
#endif /* USE_HAL_I2C_REGISTER_CALLBACKS */
  }

  hi2c->State = HAL_I2C_STATE_BUSY;
 8000da2:	2324      	movs	r3, #36	@ 0x24
 8000da4:	f884 303d 	strb.w	r3, [r4, #61]	@ 0x3d

  /* Disable the selected I2C peripheral */
  __HAL_I2C_DISABLE(hi2c);
 8000da8:	6822      	ldr	r2, [r4, #0]
 8000daa:	6813      	ldr	r3, [r2, #0]
 8000dac:	f023 0301 	bic.w	r3, r3, #1
 8000db0:	6013      	str	r3, [r2, #0]

  /*Reset I2C*/
  hi2c->Instance->CR1 |= I2C_CR1_SWRST;
 8000db2:	6822      	ldr	r2, [r4, #0]
 8000db4:	6813      	ldr	r3, [r2, #0]
 8000db6:	f443 4300 	orr.w	r3, r3, #32768	@ 0x8000
 8000dba:	6013      	str	r3, [r2, #0]
  hi2c->Instance->CR1 &= ~I2C_CR1_SWRST;
 8000dbc:	6822      	ldr	r2, [r4, #0]
 8000dbe:	6813      	ldr	r3, [r2, #0]
 8000dc0:	f423 4300 	bic.w	r3, r3, #32768	@ 0x8000
 8000dc4:	6013      	str	r3, [r2, #0]

  /* Get PCLK1 frequency */
  pclk1 = HAL_RCC_GetPCLK1Freq();
 8000dc6:	f001 fa39 	bl	800223c <HAL_RCC_GetPCLK1Freq>

  /* Check the minimum allowed PCLK1 frequency */
  if (I2C_MIN_PCLK_FREQ(pclk1, hi2c->Init.ClockSpeed) == 1U)
 8000dca:	6862      	ldr	r2, [r4, #4]
 8000dcc:	4b5a      	ldr	r3, [pc, #360]	@ (8000f38 <HAL_I2C_Init+0x1a8>)
 8000dce:	429a      	cmp	r2, r3
 8000dd0:	d864      	bhi.n	8000e9c <HAL_I2C_Init+0x10c>
 8000dd2:	4b5a      	ldr	r3, [pc, #360]	@ (8000f3c <HAL_I2C_Init+0x1ac>)
 8000dd4:	4298      	cmp	r0, r3
 8000dd6:	bf8c      	ite	hi
 8000dd8:	2300      	movhi	r3, #0
 8000dda:	2301      	movls	r3, #1
 8000ddc:	2b00      	cmp	r3, #0
 8000dde:	f040 80a8 	bne.w	8000f32 <HAL_I2C_Init+0x1a2>
  {
    return HAL_ERROR;
  }

  /* Calculate frequency range */
  freqrange = I2C_FREQRANGE(pclk1);
 8000de2:	4957      	ldr	r1, [pc, #348]	@ (8000f40 <HAL_I2C_Init+0x1b0>)
 8000de4:	fba1 3100 	umull	r3, r1, r1, r0
 8000de8:	0c8b      	lsrs	r3, r1, #18

  /*---------------------------- I2Cx CR2 Configuration ----------------------*/
  /* Configure I2Cx: Frequency range */
  MODIFY_REG(hi2c->Instance->CR2, I2C_CR2_FREQ, freqrange);
 8000dea:	6825      	ldr	r5, [r4, #0]
 8000dec:	686a      	ldr	r2, [r5, #4]
 8000dee:	f022 023f 	bic.w	r2, r2, #63	@ 0x3f
 8000df2:	ea42 4291 	orr.w	r2, r2, r1, lsr #18
 8000df6:	606a      	str	r2, [r5, #4]

  /*---------------------------- I2Cx TRISE Configuration --------------------*/
  /* Configure I2Cx: Rise Time */
  MODIFY_REG(hi2c->Instance->TRISE, I2C_TRISE_TRISE, I2C_RISE_TIME(freqrange, hi2c->Init.ClockSpeed));
 8000df8:	6821      	ldr	r1, [r4, #0]
 8000dfa:	6a0a      	ldr	r2, [r1, #32]
 8000dfc:	f022 023f 	bic.w	r2, r2, #63	@ 0x3f
 8000e00:	6866      	ldr	r6, [r4, #4]
 8000e02:	4d4d      	ldr	r5, [pc, #308]	@ (8000f38 <HAL_I2C_Init+0x1a8>)
 8000e04:	42ae      	cmp	r6, r5
 8000e06:	d84f      	bhi.n	8000ea8 <HAL_I2C_Init+0x118>
 8000e08:	3301      	adds	r3, #1
 8000e0a:	4313      	orrs	r3, r2
 8000e0c:	620b      	str	r3, [r1, #32]

  /*---------------------------- I2Cx CCR Configuration ----------------------*/
  /* Configure I2Cx: Speed */
  MODIFY_REG(hi2c->Instance->CCR, (I2C_CCR_FS | I2C_CCR_DUTY | I2C_CCR_CCR), I2C_SPEED(pclk1, hi2c->Init.ClockSpeed, hi2c->Init.DutyCycle));
 8000e0e:	6821      	ldr	r1, [r4, #0]
 8000e10:	69ca      	ldr	r2, [r1, #28]
 8000e12:	f422 424f 	bic.w	r2, r2, #52992	@ 0xcf00
 8000e16:	f022 02ff 	bic.w	r2, r2, #255	@ 0xff
 8000e1a:	6865      	ldr	r5, [r4, #4]
 8000e1c:	4b46      	ldr	r3, [pc, #280]	@ (8000f38 <HAL_I2C_Init+0x1a8>)
 8000e1e:	429d      	cmp	r5, r3
 8000e20:	d84c      	bhi.n	8000ebc <HAL_I2C_Init+0x12c>
 8000e22:	1e43      	subs	r3, r0, #1
 8000e24:	006d      	lsls	r5, r5, #1
 8000e26:	fbb3 f3f5 	udiv	r3, r3, r5
 8000e2a:	3301      	adds	r3, #1
 8000e2c:	f640 70fc 	movw	r0, #4092	@ 0xffc
 8000e30:	4203      	tst	r3, r0
 8000e32:	d078      	beq.n	8000f26 <HAL_I2C_Init+0x196>
 8000e34:	f3c3 030b 	ubfx	r3, r3, #0, #12
 8000e38:	431a      	orrs	r2, r3
 8000e3a:	61ca      	str	r2, [r1, #28]

  /*---------------------------- I2Cx CR1 Configuration ----------------------*/
  /* Configure I2Cx: Generalcall and NoStretch mode */
  MODIFY_REG(hi2c->Instance->CR1, (I2C_CR1_ENGC | I2C_CR1_NOSTRETCH), (hi2c->Init.GeneralCallMode | hi2c->Init.NoStretchMode));
 8000e3c:	6821      	ldr	r1, [r4, #0]
 8000e3e:	680b      	ldr	r3, [r1, #0]
 8000e40:	f023 03c0 	bic.w	r3, r3, #192	@ 0xc0
 8000e44:	69e2      	ldr	r2, [r4, #28]
 8000e46:	6a20      	ldr	r0, [r4, #32]
 8000e48:	4302      	orrs	r2, r0
 8000e4a:	4313      	orrs	r3, r2
 8000e4c:	600b      	str	r3, [r1, #0]

  /*---------------------------- I2Cx OAR1 Configuration ---------------------*/
  /* Configure I2Cx: Own Address1 and addressing mode */
  MODIFY_REG(hi2c->Instance->OAR1, (I2C_OAR1_ADDMODE | I2C_OAR1_ADD8_9 | I2C_OAR1_ADD1_7 | I2C_OAR1_ADD0), (hi2c->Init.AddressingMode | hi2c->Init.OwnAddress1));
 8000e4e:	6821      	ldr	r1, [r4, #0]
 8000e50:	688b      	ldr	r3, [r1, #8]
 8000e52:	f423 4303 	bic.w	r3, r3, #33536	@ 0x8300
 8000e56:	f023 03ff 	bic.w	r3, r3, #255	@ 0xff
 8000e5a:	6922      	ldr	r2, [r4, #16]
 8000e5c:	68e0      	ldr	r0, [r4, #12]
 8000e5e:	4302      	orrs	r2, r0
 8000e60:	4313      	orrs	r3, r2
 8000e62:	608b      	str	r3, [r1, #8]

  /*---------------------------- I2Cx OAR2 Configuration ---------------------*/
  /* Configure I2Cx: Dual mode and Own Address2 */
  MODIFY_REG(hi2c->Instance->OAR2, (I2C_OAR2_ENDUAL | I2C_OAR2_ADD2), (hi2c->Init.DualAddressMode | hi2c->Init.OwnAddress2));
 8000e64:	6821      	ldr	r1, [r4, #0]
 8000e66:	68cb      	ldr	r3, [r1, #12]
 8000e68:	f023 03ff 	bic.w	r3, r3, #255	@ 0xff
 8000e6c:	6962      	ldr	r2, [r4, #20]
 8000e6e:	69a0      	ldr	r0, [r4, #24]
 8000e70:	4302      	orrs	r2, r0
 8000e72:	4313      	orrs	r3, r2
 8000e74:	60cb      	str	r3, [r1, #12]

  /* Enable the selected I2C peripheral */
  __HAL_I2C_ENABLE(hi2c);
 8000e76:	6822      	ldr	r2, [r4, #0]
 8000e78:	6813      	ldr	r3, [r2, #0]
 8000e7a:	f043 0301 	orr.w	r3, r3, #1
 8000e7e:	6013      	str	r3, [r2, #0]

  hi2c->ErrorCode = HAL_I2C_ERROR_NONE;
 8000e80:	2000      	movs	r0, #0
 8000e82:	6420      	str	r0, [r4, #64]	@ 0x40
  hi2c->State = HAL_I2C_STATE_READY;
 8000e84:	2320      	movs	r3, #32
 8000e86:	f884 303d 	strb.w	r3, [r4, #61]	@ 0x3d
  hi2c->PreviousState = I2C_STATE_NONE;
 8000e8a:	6320      	str	r0, [r4, #48]	@ 0x30
  hi2c->Mode = HAL_I2C_MODE_NONE;
 8000e8c:	f884 003e 	strb.w	r0, [r4, #62]	@ 0x3e

  return HAL_OK;
}
 8000e90:	bd70      	pop	{r4, r5, r6, pc}
    hi2c->Lock = HAL_UNLOCKED;
 8000e92:	f880 303c 	strb.w	r3, [r0, #60]	@ 0x3c
    HAL_I2C_MspInit(hi2c);
 8000e96:	f7ff fbfb 	bl	8000690 <HAL_I2C_MspInit>
 8000e9a:	e782      	b.n	8000da2 <HAL_I2C_Init+0x12>
  if (I2C_MIN_PCLK_FREQ(pclk1, hi2c->Init.ClockSpeed) == 1U)
 8000e9c:	4b29      	ldr	r3, [pc, #164]	@ (8000f44 <HAL_I2C_Init+0x1b4>)
 8000e9e:	4298      	cmp	r0, r3
 8000ea0:	bf8c      	ite	hi
 8000ea2:	2300      	movhi	r3, #0
 8000ea4:	2301      	movls	r3, #1
 8000ea6:	e799      	b.n	8000ddc <HAL_I2C_Init+0x4c>
  MODIFY_REG(hi2c->Instance->TRISE, I2C_TRISE_TRISE, I2C_RISE_TIME(freqrange, hi2c->Init.ClockSpeed));
 8000ea8:	f44f 7596 	mov.w	r5, #300	@ 0x12c
 8000eac:	fb05 f303 	mul.w	r3, r5, r3
 8000eb0:	4d25      	ldr	r5, [pc, #148]	@ (8000f48 <HAL_I2C_Init+0x1b8>)
 8000eb2:	fba5 5303 	umull	r5, r3, r5, r3
 8000eb6:	099b      	lsrs	r3, r3, #6
 8000eb8:	3301      	adds	r3, #1
 8000eba:	e7a6      	b.n	8000e0a <HAL_I2C_Init+0x7a>
  MODIFY_REG(hi2c->Instance->CCR, (I2C_CCR_FS | I2C_CCR_DUTY | I2C_CCR_CCR), I2C_SPEED(pclk1, hi2c->Init.ClockSpeed, hi2c->Init.DutyCycle));
 8000ebc:	68a6      	ldr	r6, [r4, #8]
 8000ebe:	b9be      	cbnz	r6, 8000ef0 <HAL_I2C_Init+0x160>
 8000ec0:	1e43      	subs	r3, r0, #1
 8000ec2:	eb05 0c45 	add.w	ip, r5, r5, lsl #1
 8000ec6:	fbb3 f3fc 	udiv	r3, r3, ip
 8000eca:	3301      	adds	r3, #1
 8000ecc:	f3c3 030b 	ubfx	r3, r3, #0, #12
 8000ed0:	fab3 f383 	clz	r3, r3
 8000ed4:	095b      	lsrs	r3, r3, #5
 8000ed6:	bb43      	cbnz	r3, 8000f2a <HAL_I2C_Init+0x19a>
 8000ed8:	b9c6      	cbnz	r6, 8000f0c <HAL_I2C_Init+0x17c>
 8000eda:	1e43      	subs	r3, r0, #1
 8000edc:	eb05 0545 	add.w	r5, r5, r5, lsl #1
 8000ee0:	fbb3 f3f5 	udiv	r3, r3, r5
 8000ee4:	3301      	adds	r3, #1
 8000ee6:	f3c3 030b 	ubfx	r3, r3, #0, #12
 8000eea:	f443 4300 	orr.w	r3, r3, #32768	@ 0x8000
 8000eee:	e7a3      	b.n	8000e38 <HAL_I2C_Init+0xa8>
 8000ef0:	1e43      	subs	r3, r0, #1
 8000ef2:	eb05 0c85 	add.w	ip, r5, r5, lsl #2
 8000ef6:	eb0c 0c8c 	add.w	ip, ip, ip, lsl #2
 8000efa:	fbb3 f3fc 	udiv	r3, r3, ip
 8000efe:	3301      	adds	r3, #1
 8000f00:	f3c3 030b 	ubfx	r3, r3, #0, #12
 8000f04:	fab3 f383 	clz	r3, r3
 8000f08:	095b      	lsrs	r3, r3, #5
 8000f0a:	e7e4      	b.n	8000ed6 <HAL_I2C_Init+0x146>
 8000f0c:	1e43      	subs	r3, r0, #1
 8000f0e:	eb05 0585 	add.w	r5, r5, r5, lsl #2
 8000f12:	eb05 0585 	add.w	r5, r5, r5, lsl #2
 8000f16:	fbb3 f3f5 	udiv	r3, r3, r5
 8000f1a:	3301      	adds	r3, #1
 8000f1c:	f3c3 030b 	ubfx	r3, r3, #0, #12
 8000f20:	f443 4340 	orr.w	r3, r3, #49152	@ 0xc000
 8000f24:	e788      	b.n	8000e38 <HAL_I2C_Init+0xa8>
 8000f26:	2304      	movs	r3, #4
 8000f28:	e786      	b.n	8000e38 <HAL_I2C_Init+0xa8>
 8000f2a:	2301      	movs	r3, #1
 8000f2c:	e784      	b.n	8000e38 <HAL_I2C_Init+0xa8>
    return HAL_ERROR;
 8000f2e:	2001      	movs	r0, #1
}
 8000f30:	4770      	bx	lr
    return HAL_ERROR;
 8000f32:	2001      	movs	r0, #1
 8000f34:	e7ac      	b.n	8000e90 <HAL_I2C_Init+0x100>
 8000f36:	bf00      	nop
 8000f38:	000186a0 	.word	0x000186a0
 8000f3c:	001e847f 	.word	0x001e847f
 8000f40:	431bde83 	.word	0x431bde83
 8000f44:	003d08ff 	.word	0x003d08ff
 8000f48:	10624dd3 	.word	0x10624dd3

08000f4c <HAL_MspInit>:
/* USER CODE END 0 */
/**
  * Initializes the Global MSP.
  */
void HAL_MspInit(void)
{
 8000f4c:	b082      	sub	sp, #8

  /* USER CODE BEGIN MspInit 0 */

  /* USER CODE END MspInit 0 */

  __HAL_RCC_SYSCFG_CLK_ENABLE();
 8000f4e:	2100      	movs	r1, #0
 8000f50:	9100      	str	r1, [sp, #0]
 8000f52:	4b0b      	ldr	r3, [pc, #44]	@ (8000f80 <HAL_MspInit+0x34>)
 8000f54:	6c5a      	ldr	r2, [r3, #68]	@ 0x44
 8000f56:	f442 4280 	orr.w	r2, r2, #16384	@ 0x4000
 8000f5a:	645a      	str	r2, [r3, #68]	@ 0x44
 8000f5c:	6c5a      	ldr	r2, [r3, #68]	@ 0x44
 8000f5e:	f402 4280 	and.w	r2, r2, #16384	@ 0x4000
 8000f62:	9200      	str	r2, [sp, #0]
 8000f64:	9a00      	ldr	r2, [sp, #0]
  __HAL_RCC_PWR_CLK_ENABLE();
 8000f66:	9101      	str	r1, [sp, #4]
 8000f68:	6c1a      	ldr	r2, [r3, #64]	@ 0x40
 8000f6a:	f042 5280 	orr.w	r2, r2, #268435456	@ 0x10000000
 8000f6e:	641a      	str	r2, [r3, #64]	@ 0x40
 8000f70:	6c1b      	ldr	r3, [r3, #64]	@ 0x40
 8000f72:	f003 5380 	and.w	r3, r3, #268435456	@ 0x10000000
 8000f76:	9301      	str	r3, [sp, #4]
 8000f78:	9b01      	ldr	r3, [sp, #4]
  /* System interrupt init*/

  /* USER CODE BEGIN MspInit 1 */

  /* USER CODE END MspInit 1 */
}
 8000f7a:	b002      	add	sp, #8
 8000f7c:	4770      	bx	lr
 8000f7e:	bf00      	nop
 8000f80:	40023800 	.word	0x40023800

08000f84 <PCD_WriteEmptyTxFifo>:
  * @param  hpcd PCD handle
  * @param  epnum endpoint number
  * @retval HAL status
  */
static HAL_StatusTypeDef PCD_WriteEmptyTxFifo(PCD_HandleTypeDef *hpcd, uint32_t epnum)
{
 8000f84:	e92d 43f0 	stmdb	sp!, {r4, r5, r6, r7, r8, r9, lr}
 8000f88:	b083      	sub	sp, #12
  USB_OTG_GlobalTypeDef *USBx = hpcd->Instance;
 8000f8a:	f8d0 8000 	ldr.w	r8, [r0]
  uint32_t len32b;
  uint32_t fifoemptymsk;

  ep = &hpcd->IN_ep[epnum];

  if (ep->xfer_count > ep->xfer_len)
 8000f8e:	eb01 03c1 	add.w	r3, r1, r1, lsl #3
 8000f92:	eb00 0383 	add.w	r3, r0, r3, lsl #2
 8000f96:	6a9a      	ldr	r2, [r3, #40]	@ 0x28
 8000f98:	6a5b      	ldr	r3, [r3, #36]	@ 0x24
 8000f9a:	429a      	cmp	r2, r3
 8000f9c:	d854      	bhi.n	8001048 <PCD_WriteEmptyTxFifo+0xc4>
 8000f9e:	4607      	mov	r7, r0
 8000fa0:	460c      	mov	r4, r1
  {
    return HAL_ERROR;
  }

  len = ep->xfer_len - ep->xfer_count;
 8000fa2:	1a9b      	subs	r3, r3, r2

  if (len > ep->maxpacket)
 8000fa4:	eb01 02c1 	add.w	r2, r1, r1, lsl #3
 8000fa8:	eb00 0282 	add.w	r2, r0, r2, lsl #2
 8000fac:	69d2      	ldr	r2, [r2, #28]
 8000fae:	429a      	cmp	r2, r3
 8000fb0:	d300      	bcc.n	8000fb4 <PCD_WriteEmptyTxFifo+0x30>
  len = ep->xfer_len - ep->xfer_count;
 8000fb2:	461a      	mov	r2, r3
  {
    len = ep->maxpacket;
  }

  len32b = (len + 3U) / 4U;
 8000fb4:	f102 0903 	add.w	r9, r2, #3
 8000fb8:	ea4f 0999 	mov.w	r9, r9, lsr #2

  while (((USBx_INEP(epnum)->DTXFSTS & USB_OTG_DTXFSTS_INEPTFSAV) >= len32b) &&
 8000fbc:	e015      	b.n	8000fea <PCD_WriteEmptyTxFifo+0x66>

    if (len > ep->maxpacket)
    {
      len = ep->maxpacket;
    }
    len32b = (len + 3U) / 4U;
 8000fbe:	f106 0903 	add.w	r9, r6, #3
 8000fc2:	ea4f 0999 	mov.w	r9, r9, lsr #2

    (void)USB_WritePacket(USBx, ep->xfer_buff, (uint8_t)epnum, (uint16_t)len,
                          (uint8_t)hpcd->Init.dma_enable);
 8000fc6:	79bb      	ldrb	r3, [r7, #6]
    (void)USB_WritePacket(USBx, ep->xfer_buff, (uint8_t)epnum, (uint16_t)len,
 8000fc8:	eb04 05c4 	add.w	r5, r4, r4, lsl #3
 8000fcc:	eb07 0585 	add.w	r5, r7, r5, lsl #2
 8000fd0:	6a29      	ldr	r1, [r5, #32]
 8000fd2:	9300      	str	r3, [sp, #0]
 8000fd4:	b2b3      	uxth	r3, r6
 8000fd6:	b2e2      	uxtb	r2, r4
 8000fd8:	4640      	mov	r0, r8
 8000fda:	f001 fdb6 	bl	8002b4a <USB_WritePacket>

    ep->xfer_buff  += len;
 8000fde:	6a2b      	ldr	r3, [r5, #32]
 8000fe0:	4433      	add	r3, r6
 8000fe2:	622b      	str	r3, [r5, #32]
    ep->xfer_count += len;
 8000fe4:	6aab      	ldr	r3, [r5, #40]	@ 0x28
 8000fe6:	4433      	add	r3, r6
 8000fe8:	62ab      	str	r3, [r5, #40]	@ 0x28
  while (((USBx_INEP(epnum)->DTXFSTS & USB_OTG_DTXFSTS_INEPTFSAV) >= len32b) &&
 8000fea:	eb08 1344 	add.w	r3, r8, r4, lsl #5
 8000fee:	f503 6310 	add.w	r3, r3, #2304	@ 0x900
 8000ff2:	699b      	ldr	r3, [r3, #24]
 8000ff4:	b29b      	uxth	r3, r3
         (ep->xfer_count < ep->xfer_len) && (ep->xfer_len != 0U))
 8000ff6:	454b      	cmp	r3, r9
 8000ff8:	d312      	bcc.n	8001020 <PCD_WriteEmptyTxFifo+0x9c>
 8000ffa:	eb04 03c4 	add.w	r3, r4, r4, lsl #3
 8000ffe:	eb07 0383 	add.w	r3, r7, r3, lsl #2
 8001002:	6a9a      	ldr	r2, [r3, #40]	@ 0x28
 8001004:	6a5b      	ldr	r3, [r3, #36]	@ 0x24
  while (((USBx_INEP(epnum)->DTXFSTS & USB_OTG_DTXFSTS_INEPTFSAV) >= len32b) &&
 8001006:	429a      	cmp	r2, r3
 8001008:	d20a      	bcs.n	8001020 <PCD_WriteEmptyTxFifo+0x9c>
         (ep->xfer_count < ep->xfer_len) && (ep->xfer_len != 0U))
 800100a:	b14b      	cbz	r3, 8001020 <PCD_WriteEmptyTxFifo+0x9c>
    len = ep->xfer_len - ep->xfer_count;
 800100c:	1a9b      	subs	r3, r3, r2
    if (len > ep->maxpacket)
 800100e:	eb04 02c4 	add.w	r2, r4, r4, lsl #3
 8001012:	eb07 0282 	add.w	r2, r7, r2, lsl #2
 8001016:	69d6      	ldr	r6, [r2, #28]
 8001018:	429e      	cmp	r6, r3
 800101a:	d3d0      	bcc.n	8000fbe <PCD_WriteEmptyTxFifo+0x3a>
    len = ep->xfer_len - ep->xfer_count;
 800101c:	461e      	mov	r6, r3
 800101e:	e7ce      	b.n	8000fbe <PCD_WriteEmptyTxFifo+0x3a>
  }

  if (ep->xfer_len <= ep->xfer_count)
 8001020:	eb04 03c4 	add.w	r3, r4, r4, lsl #3
 8001024:	eb07 0783 	add.w	r7, r7, r3, lsl #2
 8001028:	6a7a      	ldr	r2, [r7, #36]	@ 0x24
 800102a:	6abb      	ldr	r3, [r7, #40]	@ 0x28
 800102c:	429a      	cmp	r2, r3
 800102e:	d80f      	bhi.n	8001050 <PCD_WriteEmptyTxFifo+0xcc>
  {
    fifoemptymsk = (uint32_t)(0x1UL << (epnum & EP_ADDR_MSK));
 8001030:	f004 040f 	and.w	r4, r4, #15
 8001034:	2201      	movs	r2, #1
 8001036:	40a2      	lsls	r2, r4
    USBx_DEVICE->DIEPEMPMSK &= ~fifoemptymsk;
 8001038:	f8d8 3834 	ldr.w	r3, [r8, #2100]	@ 0x834
 800103c:	ea23 0302 	bic.w	r3, r3, r2
 8001040:	f8c8 3834 	str.w	r3, [r8, #2100]	@ 0x834
  }

  return HAL_OK;
 8001044:	2000      	movs	r0, #0
 8001046:	e000      	b.n	800104a <PCD_WriteEmptyTxFifo+0xc6>
    return HAL_ERROR;
 8001048:	2001      	movs	r0, #1
}
 800104a:	b003      	add	sp, #12
 800104c:	e8bd 83f0 	ldmia.w	sp!, {r4, r5, r6, r7, r8, r9, pc}
  return HAL_OK;
 8001050:	2000      	movs	r0, #0
 8001052:	e7fa      	b.n	800104a <PCD_WriteEmptyTxFifo+0xc6>

08001054 <HAL_PCD_Init>:
{
 8001054:	b530      	push	{r4, r5, lr}
 8001056:	b083      	sub	sp, #12
  if (hpcd == NULL)
 8001058:	2800      	cmp	r0, #0
 800105a:	d07a      	beq.n	8001152 <HAL_PCD_Init+0xfe>
 800105c:	4604      	mov	r4, r0
  USBx = hpcd->Instance;
 800105e:	6805      	ldr	r5, [r0, #0]
  if (hpcd->State == HAL_PCD_STATE_RESET)
 8001060:	f890 3495 	ldrb.w	r3, [r0, #1173]	@ 0x495
 8001064:	b1c3      	cbz	r3, 8001098 <HAL_PCD_Init+0x44>
  hpcd->State = HAL_PCD_STATE_BUSY;
 8001066:	2303      	movs	r3, #3
 8001068:	f884 3495 	strb.w	r3, [r4, #1173]	@ 0x495
  if (USBx == USB_OTG_FS)
 800106c:	f1b5 4fa0 	cmp.w	r5, #1342177280	@ 0x50000000
 8001070:	d017      	beq.n	80010a2 <HAL_PCD_Init+0x4e>
  __HAL_PCD_DISABLE(hpcd);
 8001072:	6820      	ldr	r0, [r4, #0]
 8001074:	f001 fb1c 	bl	80026b0 <USB_DisableGlobalInt>
  if (USB_CoreInit(hpcd->Instance, hpcd->Init) != HAL_OK)
 8001078:	7c23      	ldrb	r3, [r4, #16]
 800107a:	f88d 3000 	strb.w	r3, [sp]
 800107e:	1d23      	adds	r3, r4, #4
 8001080:	cb0e      	ldmia	r3, {r1, r2, r3}
 8001082:	6820      	ldr	r0, [r4, #0]
 8001084:	f001 fa52 	bl	800252c <USB_CoreInit>
 8001088:	b170      	cbz	r0, 80010a8 <HAL_PCD_Init+0x54>
    hpcd->State = HAL_PCD_STATE_ERROR;
 800108a:	2302      	movs	r3, #2
 800108c:	f884 3495 	strb.w	r3, [r4, #1173]	@ 0x495
    return HAL_ERROR;
 8001090:	2501      	movs	r5, #1
}
 8001092:	4628      	mov	r0, r5
 8001094:	b003      	add	sp, #12
 8001096:	bd30      	pop	{r4, r5, pc}
    hpcd->Lock = HAL_UNLOCKED;
 8001098:	f880 3494 	strb.w	r3, [r0, #1172]	@ 0x494
    HAL_PCD_MspInit(hpcd);
 800109c:	f002 fb74 	bl	8003788 <HAL_PCD_MspInit>
 80010a0:	e7e1      	b.n	8001066 <HAL_PCD_Init+0x12>
    hpcd->Init.dma_enable = 0U;
 80010a2:	2300      	movs	r3, #0
 80010a4:	71a3      	strb	r3, [r4, #6]
 80010a6:	e7e4      	b.n	8001072 <HAL_PCD_Init+0x1e>
  if (USB_SetCurrentMode(hpcd->Instance, USB_DEVICE_MODE) != HAL_OK)
 80010a8:	2100      	movs	r1, #0
 80010aa:	6820      	ldr	r0, [r4, #0]
 80010ac:	f001 ff63 	bl	8002f76 <USB_SetCurrentMode>
 80010b0:	4602      	mov	r2, r0
 80010b2:	b908      	cbnz	r0, 80010b8 <HAL_PCD_Init+0x64>
  for (i = 0U; i < hpcd->Init.dev_endpoints; i++)
 80010b4:	4603      	mov	r3, r0
 80010b6:	e017      	b.n	80010e8 <HAL_PCD_Init+0x94>
    hpcd->State = HAL_PCD_STATE_ERROR;
 80010b8:	2302      	movs	r3, #2
 80010ba:	f884 3495 	strb.w	r3, [r4, #1173]	@ 0x495
    return HAL_ERROR;
 80010be:	2501      	movs	r5, #1
 80010c0:	e7e7      	b.n	8001092 <HAL_PCD_Init+0x3e>
    hpcd->IN_ep[i].is_in = 1U;
 80010c2:	eb03 01c3 	add.w	r1, r3, r3, lsl #3
 80010c6:	eb04 0181 	add.w	r1, r4, r1, lsl #2
 80010ca:	2001      	movs	r0, #1
 80010cc:	7548      	strb	r0, [r1, #21]
    hpcd->IN_ep[i].num = i;
 80010ce:	750b      	strb	r3, [r1, #20]
    hpcd->IN_ep[i].tx_fifo_num = i;
 80010d0:	85cb      	strh	r3, [r1, #46]	@ 0x2e
    hpcd->IN_ep[i].type = EP_TYPE_CTRL;
 80010d2:	2000      	movs	r0, #0
 80010d4:	7608      	strb	r0, [r1, #24]
    hpcd->IN_ep[i].maxpacket = 0U;
 80010d6:	61c8      	str	r0, [r1, #28]
    hpcd->IN_ep[i].xfer_buff = 0U;
 80010d8:	6208      	str	r0, [r1, #32]
    hpcd->IN_ep[i].xfer_len = 0U;
 80010da:	eb03 01c3 	add.w	r1, r3, r3, lsl #3
 80010de:	eb04 0181 	add.w	r1, r4, r1, lsl #2
 80010e2:	6248      	str	r0, [r1, #36]	@ 0x24
  for (i = 0U; i < hpcd->Init.dev_endpoints; i++)
 80010e4:	3301      	adds	r3, #1
 80010e6:	b2db      	uxtb	r3, r3
 80010e8:	7920      	ldrb	r0, [r4, #4]
 80010ea:	4298      	cmp	r0, r3
 80010ec:	d8e9      	bhi.n	80010c2 <HAL_PCD_Init+0x6e>
 80010ee:	e016      	b.n	800111e <HAL_PCD_Init+0xca>
    hpcd->OUT_ep[i].is_in = 0U;
 80010f0:	eb02 03c2 	add.w	r3, r2, r2, lsl #3
 80010f4:	eb04 0383 	add.w	r3, r4, r3, lsl #2
 80010f8:	2100      	movs	r1, #0
 80010fa:	f883 1255 	strb.w	r1, [r3, #597]	@ 0x255
    hpcd->OUT_ep[i].num = i;
 80010fe:	f883 2254 	strb.w	r2, [r3, #596]	@ 0x254
    hpcd->OUT_ep[i].type = EP_TYPE_CTRL;
 8001102:	f883 1258 	strb.w	r1, [r3, #600]	@ 0x258
    hpcd->OUT_ep[i].maxpacket = 0U;
 8001106:	f8c3 125c 	str.w	r1, [r3, #604]	@ 0x25c
    hpcd->OUT_ep[i].xfer_buff = 0U;
 800110a:	f8c3 1260 	str.w	r1, [r3, #608]	@ 0x260
    hpcd->OUT_ep[i].xfer_len = 0U;
 800110e:	eb02 03c2 	add.w	r3, r2, r2, lsl #3
 8001112:	eb04 0383 	add.w	r3, r4, r3, lsl #2
 8001116:	f8c3 1264 	str.w	r1, [r3, #612]	@ 0x264
  for (i = 0U; i < hpcd->Init.dev_endpoints; i++)
 800111a:	3201      	adds	r2, #1
 800111c:	b2d2      	uxtb	r2, r2
 800111e:	4290      	cmp	r0, r2
 8001120:	d8e6      	bhi.n	80010f0 <HAL_PCD_Init+0x9c>
  if (USB_DevInit(hpcd->Instance, hpcd->Init) != HAL_OK)
 8001122:	7c23      	ldrb	r3, [r4, #16]
 8001124:	f88d 3000 	strb.w	r3, [sp]
 8001128:	1d23      	adds	r3, r4, #4
 800112a:	cb0e      	ldmia	r3, {r1, r2, r3}
 800112c:	6820      	ldr	r0, [r4, #0]
 800112e:	f001 fb15 	bl	800275c <USB_DevInit>
 8001132:	4605      	mov	r5, r0
 8001134:	b120      	cbz	r0, 8001140 <HAL_PCD_Init+0xec>
    hpcd->State = HAL_PCD_STATE_ERROR;
 8001136:	2302      	movs	r3, #2
 8001138:	f884 3495 	strb.w	r3, [r4, #1173]	@ 0x495
    return HAL_ERROR;
 800113c:	2501      	movs	r5, #1
 800113e:	e7a8      	b.n	8001092 <HAL_PCD_Init+0x3e>
  hpcd->USB_Address = 0U;
 8001140:	2300      	movs	r3, #0
 8001142:	7463      	strb	r3, [r4, #17]
  hpcd->State = HAL_PCD_STATE_READY;
 8001144:	2301      	movs	r3, #1
 8001146:	f884 3495 	strb.w	r3, [r4, #1173]	@ 0x495
  (void)USB_DevDisconnect(hpcd->Instance);
 800114a:	6820      	ldr	r0, [r4, #0]
 800114c:	f001 fed2 	bl	8002ef4 <USB_DevDisconnect>
  return HAL_OK;
 8001150:	e79f      	b.n	8001092 <HAL_PCD_Init+0x3e>
    return HAL_ERROR;
 8001152:	2501      	movs	r5, #1
 8001154:	e79d      	b.n	8001092 <HAL_PCD_Init+0x3e>

08001156 <HAL_PCD_Start>:
  USB_OTG_GlobalTypeDef *USBx = hpcd->Instance;
 8001156:	6803      	ldr	r3, [r0, #0]
  __HAL_LOCK(hpcd);
 8001158:	f890 2494 	ldrb.w	r2, [r0, #1172]	@ 0x494
 800115c:	2a01      	cmp	r2, #1
 800115e:	d01a      	beq.n	8001196 <HAL_PCD_Start+0x40>
{
 8001160:	b510      	push	{r4, lr}
 8001162:	4604      	mov	r4, r0
  __HAL_LOCK(hpcd);
 8001164:	2201      	movs	r2, #1
 8001166:	f880 2494 	strb.w	r2, [r0, #1172]	@ 0x494
  if (((USBx->GUSBCFG & USB_OTG_GUSBCFG_PHYSEL) != 0U) &&
 800116a:	68da      	ldr	r2, [r3, #12]
 800116c:	f012 0f40 	tst.w	r2, #64	@ 0x40
 8001170:	d002      	beq.n	8001178 <HAL_PCD_Start+0x22>
      (hpcd->Init.battery_charging_enable == 1U))
 8001172:	7b42      	ldrb	r2, [r0, #13]
  if (((USBx->GUSBCFG & USB_OTG_GUSBCFG_PHYSEL) != 0U) &&
 8001174:	2a01      	cmp	r2, #1
 8001176:	d009      	beq.n	800118c <HAL_PCD_Start+0x36>
  __HAL_PCD_ENABLE(hpcd);
 8001178:	6820      	ldr	r0, [r4, #0]
 800117a:	f001 fa93 	bl	80026a4 <USB_EnableGlobalInt>
  (void)USB_DevConnect(hpcd->Instance);
 800117e:	6820      	ldr	r0, [r4, #0]
 8001180:	f001 feaa 	bl	8002ed8 <USB_DevConnect>
  __HAL_UNLOCK(hpcd);
 8001184:	2000      	movs	r0, #0
 8001186:	f884 0494 	strb.w	r0, [r4, #1172]	@ 0x494
}
 800118a:	bd10      	pop	{r4, pc}
    USBx->GCCFG |= USB_OTG_GCCFG_PWRDWN;
 800118c:	6b9a      	ldr	r2, [r3, #56]	@ 0x38
 800118e:	f442 3280 	orr.w	r2, r2, #65536	@ 0x10000
 8001192:	639a      	str	r2, [r3, #56]	@ 0x38
 8001194:	e7f0      	b.n	8001178 <HAL_PCD_Start+0x22>
  __HAL_LOCK(hpcd);
 8001196:	2002      	movs	r0, #2
}
 8001198:	4770      	bx	lr
	...

0800119c <PCD_EP_OutXfrComplete_int>:
  * @param  hpcd PCD handle
  * @param  epnum endpoint number
  * @retval HAL status
  */
static HAL_StatusTypeDef PCD_EP_OutXfrComplete_int(PCD_HandleTypeDef *hpcd, uint32_t epnum)
{
 800119c:	b570      	push	{r4, r5, r6, lr}
 800119e:	4604      	mov	r4, r0
 80011a0:	460d      	mov	r5, r1
  USB_OTG_EPTypeDef *ep;
  const USB_OTG_GlobalTypeDef *USBx = hpcd->Instance;
 80011a2:	6800      	ldr	r0, [r0, #0]
  uint32_t USBx_BASE = (uint32_t)USBx;
  uint32_t gSNPSiD = *(__IO const uint32_t *)(&USBx->CID + 0x1U);
 80011a4:	6c06      	ldr	r6, [r0, #64]	@ 0x40
  uint32_t DoepintReg = USBx_OUTEP(epnum)->DOEPINT;
 80011a6:	eb00 1341 	add.w	r3, r0, r1, lsl #5
 80011aa:	f503 6330 	add.w	r3, r3, #2816	@ 0xb00
 80011ae:	689a      	ldr	r2, [r3, #8]

  if (hpcd->Init.dma_enable == 1U)
 80011b0:	79a1      	ldrb	r1, [r4, #6]
 80011b2:	2901      	cmp	r1, #1
 80011b4:	d011      	beq.n	80011da <PCD_EP_OutXfrComplete_int+0x3e>
      /* ... */
    }
  }
  else
  {
    if (gSNPSiD == USB_OTG_CORE_ID_310A)
 80011b6:	4938      	ldr	r1, [pc, #224]	@ (8001298 <PCD_EP_OutXfrComplete_int+0xfc>)
 80011b8:	428e      	cmp	r6, r1
 80011ba:	d056      	beq.n	800126a <PCD_EP_OutXfrComplete_int+0xce>
#endif /* USE_HAL_PCD_REGISTER_CALLBACKS */
      }
    }
    else
    {
      if ((epnum == 0U) && (hpcd->OUT_ep[epnum].xfer_len == 0U))
 80011bc:	b93d      	cbnz	r5, 80011ce <PCD_EP_OutXfrComplete_int+0x32>
 80011be:	eb05 03c5 	add.w	r3, r5, r5, lsl #3
 80011c2:	eb04 0383 	add.w	r3, r4, r3, lsl #2
 80011c6:	f8d3 3264 	ldr.w	r3, [r3, #612]	@ 0x264
 80011ca:	2b00      	cmp	r3, #0
 80011cc:	d05e      	beq.n	800128c <PCD_EP_OutXfrComplete_int+0xf0>
      }

#if (USE_HAL_PCD_REGISTER_CALLBACKS == 1U)
      hpcd->DataOutStageCallback(hpcd, (uint8_t)epnum);
#else
      HAL_PCD_DataOutStageCallback(hpcd, (uint8_t)epnum);
 80011ce:	b2e9      	uxtb	r1, r5
 80011d0:	4620      	mov	r0, r4
 80011d2:	f002 fb23 	bl	800381c <HAL_PCD_DataOutStageCallback>
#endif /* USE_HAL_PCD_REGISTER_CALLBACKS */
    }
  }

  return HAL_OK;
}
 80011d6:	2000      	movs	r0, #0
 80011d8:	bd70      	pop	{r4, r5, r6, pc}
    if ((DoepintReg & USB_OTG_DOEPINT_STUP) == USB_OTG_DOEPINT_STUP) /* Class C */
 80011da:	f012 0f08 	tst.w	r2, #8
 80011de:	d009      	beq.n	80011f4 <PCD_EP_OutXfrComplete_int+0x58>
      if ((gSNPSiD > USB_OTG_CORE_ID_300A) &&
 80011e0:	492e      	ldr	r1, [pc, #184]	@ (800129c <PCD_EP_OutXfrComplete_int+0x100>)
 80011e2:	428e      	cmp	r6, r1
 80011e4:	d9f7      	bls.n	80011d6 <PCD_EP_OutXfrComplete_int+0x3a>
 80011e6:	f412 4f00 	tst.w	r2, #32768	@ 0x8000
 80011ea:	d0f4      	beq.n	80011d6 <PCD_EP_OutXfrComplete_int+0x3a>
        CLEAR_OUT_EP_INTR(epnum, USB_OTG_DOEPINT_STPKTRX);
 80011ec:	f44f 4200 	mov.w	r2, #32768	@ 0x8000
 80011f0:	609a      	str	r2, [r3, #8]
 80011f2:	e7f0      	b.n	80011d6 <PCD_EP_OutXfrComplete_int+0x3a>
    else if ((DoepintReg & USB_OTG_DOEPINT_OTEPSPR) == USB_OTG_DOEPINT_OTEPSPR) /* Class E */
 80011f4:	f012 0f20 	tst.w	r2, #32
 80011f8:	d002      	beq.n	8001200 <PCD_EP_OutXfrComplete_int+0x64>
      CLEAR_OUT_EP_INTR(epnum, USB_OTG_DOEPINT_OTEPSPR);
 80011fa:	2220      	movs	r2, #32
 80011fc:	609a      	str	r2, [r3, #8]
 80011fe:	e7ea      	b.n	80011d6 <PCD_EP_OutXfrComplete_int+0x3a>
    else if ((DoepintReg & (USB_OTG_DOEPINT_STUP | USB_OTG_DOEPINT_OTEPSPR)) == 0U)
 8001200:	f012 0f28 	tst.w	r2, #40	@ 0x28
 8001204:	d1e7      	bne.n	80011d6 <PCD_EP_OutXfrComplete_int+0x3a>
      if ((gSNPSiD > USB_OTG_CORE_ID_300A) &&
 8001206:	4925      	ldr	r1, [pc, #148]	@ (800129c <PCD_EP_OutXfrComplete_int+0x100>)
 8001208:	428e      	cmp	r6, r1
 800120a:	d906      	bls.n	800121a <PCD_EP_OutXfrComplete_int+0x7e>
 800120c:	f412 4f00 	tst.w	r2, #32768	@ 0x8000
 8001210:	d003      	beq.n	800121a <PCD_EP_OutXfrComplete_int+0x7e>
        CLEAR_OUT_EP_INTR(epnum, USB_OTG_DOEPINT_STPKTRX);
 8001212:	f44f 4200 	mov.w	r2, #32768	@ 0x8000
 8001216:	609a      	str	r2, [r3, #8]
 8001218:	e7dd      	b.n	80011d6 <PCD_EP_OutXfrComplete_int+0x3a>
        ep->xfer_count = ep->xfer_size - (USBx_OUTEP(epnum)->DOEPTSIZ & USB_OTG_DOEPTSIZ_XFRSIZ);
 800121a:	eb05 02c5 	add.w	r2, r5, r5, lsl #3
 800121e:	eb04 0282 	add.w	r2, r4, r2, lsl #2
 8001222:	f8d2 1274 	ldr.w	r1, [r2, #628]	@ 0x274
 8001226:	691b      	ldr	r3, [r3, #16]
 8001228:	f3c3 0312 	ubfx	r3, r3, #0, #19
 800122c:	1acb      	subs	r3, r1, r3
 800122e:	f8c2 3268 	str.w	r3, [r2, #616]	@ 0x268
        if (epnum == 0U)
 8001232:	b97d      	cbnz	r5, 8001254 <PCD_EP_OutXfrComplete_int+0xb8>
          if (ep->xfer_len == 0U)
 8001234:	eb05 02c5 	add.w	r2, r5, r5, lsl #3
 8001238:	eb04 0282 	add.w	r2, r4, r2, lsl #2
 800123c:	f8d2 2264 	ldr.w	r2, [r2, #612]	@ 0x264
 8001240:	b16a      	cbz	r2, 800125e <PCD_EP_OutXfrComplete_int+0xc2>
            ep->xfer_buff += ep->xfer_count;
 8001242:	eb05 02c5 	add.w	r2, r5, r5, lsl #3
 8001246:	eb04 0282 	add.w	r2, r4, r2, lsl #2
 800124a:	f8d2 1260 	ldr.w	r1, [r2, #608]	@ 0x260
 800124e:	4419      	add	r1, r3
 8001250:	f8c2 1260 	str.w	r1, [r2, #608]	@ 0x260
        HAL_PCD_DataOutStageCallback(hpcd, (uint8_t)epnum);
 8001254:	b2e9      	uxtb	r1, r5
 8001256:	4620      	mov	r0, r4
 8001258:	f002 fae0 	bl	800381c <HAL_PCD_DataOutStageCallback>
 800125c:	e7bb      	b.n	80011d6 <PCD_EP_OutXfrComplete_int+0x3a>
            (void)USB_EP0_OutStart(hpcd->Instance, 1U, (uint8_t *)hpcd->Setup);
 800125e:	f204 429c 	addw	r2, r4, #1180	@ 0x49c
 8001262:	2101      	movs	r1, #1
 8001264:	f001 fec6 	bl	8002ff4 <USB_EP0_OutStart>
 8001268:	e7f4      	b.n	8001254 <PCD_EP_OutXfrComplete_int+0xb8>
      if ((DoepintReg & USB_OTG_DOEPINT_STPKTRX) == USB_OTG_DOEPINT_STPKTRX)
 800126a:	f412 4f00 	tst.w	r2, #32768	@ 0x8000
 800126e:	d003      	beq.n	8001278 <PCD_EP_OutXfrComplete_int+0xdc>
        CLEAR_OUT_EP_INTR(epnum, USB_OTG_DOEPINT_STPKTRX);
 8001270:	f44f 4200 	mov.w	r2, #32768	@ 0x8000
 8001274:	609a      	str	r2, [r3, #8]
 8001276:	e7ae      	b.n	80011d6 <PCD_EP_OutXfrComplete_int+0x3a>
        if ((DoepintReg & USB_OTG_DOEPINT_OTEPSPR) == USB_OTG_DOEPINT_OTEPSPR)
 8001278:	f012 0f20 	tst.w	r2, #32
 800127c:	d001      	beq.n	8001282 <PCD_EP_OutXfrComplete_int+0xe6>
          CLEAR_OUT_EP_INTR(epnum, USB_OTG_DOEPINT_OTEPSPR);
 800127e:	2220      	movs	r2, #32
 8001280:	609a      	str	r2, [r3, #8]
        HAL_PCD_DataOutStageCallback(hpcd, (uint8_t)epnum);
 8001282:	b2e9      	uxtb	r1, r5
 8001284:	4620      	mov	r0, r4
 8001286:	f002 fac9 	bl	800381c <HAL_PCD_DataOutStageCallback>
 800128a:	e7a4      	b.n	80011d6 <PCD_EP_OutXfrComplete_int+0x3a>
        (void)USB_EP0_OutStart(hpcd->Instance, 0U, (uint8_t *)hpcd->Setup);
 800128c:	f204 429c 	addw	r2, r4, #1180	@ 0x49c
 8001290:	2100      	movs	r1, #0
 8001292:	f001 feaf 	bl	8002ff4 <USB_EP0_OutStart>
 8001296:	e79a      	b.n	80011ce <PCD_EP_OutXfrComplete_int+0x32>
 8001298:	4f54310a 	.word	0x4f54310a
 800129c:	4f54300a 	.word	0x4f54300a

080012a0 <PCD_EP_OutSetupPacket_int>:
  * @param  hpcd PCD handle
  * @param  epnum endpoint number
  * @retval HAL status
  */
static HAL_StatusTypeDef PCD_EP_OutSetupPacket_int(PCD_HandleTypeDef *hpcd, uint32_t epnum)
{
 80012a0:	b538      	push	{r3, r4, r5, lr}
 80012a2:	4604      	mov	r4, r0
  const USB_OTG_GlobalTypeDef *USBx = hpcd->Instance;
 80012a4:	6803      	ldr	r3, [r0, #0]
  uint32_t USBx_BASE = (uint32_t)USBx;
  uint32_t gSNPSiD = *(__IO const uint32_t *)(&USBx->CID + 0x1U);
 80012a6:	6c1d      	ldr	r5, [r3, #64]	@ 0x40
  uint32_t DoepintReg = USBx_OUTEP(epnum)->DOEPINT;
 80012a8:	eb03 1341 	add.w	r3, r3, r1, lsl #5
 80012ac:	f8d3 1b08 	ldr.w	r1, [r3, #2824]	@ 0xb08

  if ((gSNPSiD > USB_OTG_CORE_ID_300A) &&
 80012b0:	4a0e      	ldr	r2, [pc, #56]	@ (80012ec <PCD_EP_OutSetupPacket_int+0x4c>)
 80012b2:	4295      	cmp	r5, r2
 80012b4:	d907      	bls.n	80012c6 <PCD_EP_OutSetupPacket_int+0x26>
 80012b6:	f503 6330 	add.w	r3, r3, #2816	@ 0xb00
 80012ba:	f411 4f00 	tst.w	r1, #32768	@ 0x8000
 80012be:	d002      	beq.n	80012c6 <PCD_EP_OutSetupPacket_int+0x26>
      ((DoepintReg & USB_OTG_DOEPINT_STPKTRX) == USB_OTG_DOEPINT_STPKTRX))
  {
    CLEAR_OUT_EP_INTR(epnum, USB_OTG_DOEPINT_STPKTRX);
 80012c0:	f44f 4200 	mov.w	r2, #32768	@ 0x8000
 80012c4:	609a      	str	r2, [r3, #8]

  /* Inform the upper layer that a setup packet is available */
#if (USE_HAL_PCD_REGISTER_CALLBACKS == 1U)
  hpcd->SetupStageCallback(hpcd);
#else
  HAL_PCD_SetupStageCallback(hpcd);
 80012c6:	4620      	mov	r0, r4
 80012c8:	f002 faa0 	bl	800380c <HAL_PCD_SetupStageCallback>
#endif /* USE_HAL_PCD_REGISTER_CALLBACKS */

  if ((gSNPSiD > USB_OTG_CORE_ID_300A) && (hpcd->Init.dma_enable == 1U))
 80012cc:	4b07      	ldr	r3, [pc, #28]	@ (80012ec <PCD_EP_OutSetupPacket_int+0x4c>)
 80012ce:	429d      	cmp	r5, r3
 80012d0:	d902      	bls.n	80012d8 <PCD_EP_OutSetupPacket_int+0x38>
 80012d2:	79a3      	ldrb	r3, [r4, #6]
 80012d4:	2b01      	cmp	r3, #1
 80012d6:	d001      	beq.n	80012dc <PCD_EP_OutSetupPacket_int+0x3c>
  {
    (void)USB_EP0_OutStart(hpcd->Instance, 1U, (uint8_t *)hpcd->Setup);
  }

  return HAL_OK;
}
 80012d8:	2000      	movs	r0, #0
 80012da:	bd38      	pop	{r3, r4, r5, pc}
    (void)USB_EP0_OutStart(hpcd->Instance, 1U, (uint8_t *)hpcd->Setup);
 80012dc:	f204 429c 	addw	r2, r4, #1180	@ 0x49c
 80012e0:	2101      	movs	r1, #1
 80012e2:	6820      	ldr	r0, [r4, #0]
 80012e4:	f001 fe86 	bl	8002ff4 <USB_EP0_OutStart>
 80012e8:	e7f6      	b.n	80012d8 <PCD_EP_OutSetupPacket_int+0x38>
 80012ea:	bf00      	nop
 80012ec:	4f54300a 	.word	0x4f54300a

080012f0 <HAL_PCD_SetAddress>:
  __HAL_LOCK(hpcd);
 80012f0:	f890 3494 	ldrb.w	r3, [r0, #1172]	@ 0x494
 80012f4:	2b01      	cmp	r3, #1
 80012f6:	d00c      	beq.n	8001312 <HAL_PCD_SetAddress+0x22>
{
 80012f8:	b510      	push	{r4, lr}
 80012fa:	4604      	mov	r4, r0
  __HAL_LOCK(hpcd);
 80012fc:	2301      	movs	r3, #1
 80012fe:	f880 3494 	strb.w	r3, [r0, #1172]	@ 0x494
  hpcd->USB_Address = address;
 8001302:	7441      	strb	r1, [r0, #17]
  (void)USB_SetDevAddress(hpcd->Instance, address);
 8001304:	6800      	ldr	r0, [r0, #0]
 8001306:	f001 fdd7 	bl	8002eb8 <USB_SetDevAddress>
  __HAL_UNLOCK(hpcd);
 800130a:	2000      	movs	r0, #0
 800130c:	f884 0494 	strb.w	r0, [r4, #1172]	@ 0x494
}
 8001310:	bd10      	pop	{r4, pc}
  __HAL_LOCK(hpcd);
 8001312:	2002      	movs	r0, #2
}
 8001314:	4770      	bx	lr

08001316 <HAL_PCD_EP_Open>:
{
 8001316:	b538      	push	{r3, r4, r5, lr}
 8001318:	4605      	mov	r5, r0
 800131a:	468c      	mov	ip, r1
  if ((ep_addr & 0x80U) == 0x80U)
 800131c:	f011 0f80 	tst.w	r1, #128	@ 0x80
 8001320:	d12b      	bne.n	800137a <HAL_PCD_EP_Open+0x64>
    ep = &hpcd->OUT_ep[ep_addr & EP_ADDR_MSK];
 8001322:	f001 0e0f 	and.w	lr, r1, #15
 8001326:	eb0e 04ce 	add.w	r4, lr, lr, lsl #3
 800132a:	00a4      	lsls	r4, r4, #2
 800132c:	f504 7414 	add.w	r4, r4, #592	@ 0x250
 8001330:	4404      	add	r4, r0
 8001332:	1d21      	adds	r1, r4, #4
    ep->is_in = 0U;
 8001334:	eb0e 0ece 	add.w	lr, lr, lr, lsl #3
 8001338:	eb00 0e8e 	add.w	lr, r0, lr, lsl #2
 800133c:	2000      	movs	r0, #0
 800133e:	f88e 0255 	strb.w	r0, [lr, #597]	@ 0x255
  ep->num = ep_addr & EP_ADDR_MSK;
 8001342:	f00c 0c0f 	and.w	ip, ip, #15
 8001346:	f881 c000 	strb.w	ip, [r1]
  ep->maxpacket = (uint32_t)ep_mps & 0x7FFU;
 800134a:	f3c2 020a 	ubfx	r2, r2, #0, #11
 800134e:	608a      	str	r2, [r1, #8]
  ep->type = ep_type;
 8001350:	710b      	strb	r3, [r1, #4]
  if (ep->is_in != 0U)
 8001352:	784a      	ldrb	r2, [r1, #1]
 8001354:	b10a      	cbz	r2, 800135a <HAL_PCD_EP_Open+0x44>
    ep->tx_fifo_num = ep->num;
 8001356:	f8a1 c01a 	strh.w	ip, [r1, #26]
  if (ep_type == EP_TYPE_BULK)
 800135a:	2b02      	cmp	r3, #2
 800135c:	d01c      	beq.n	8001398 <HAL_PCD_EP_Open+0x82>
  __HAL_LOCK(hpcd);
 800135e:	f895 3494 	ldrb.w	r3, [r5, #1172]	@ 0x494
 8001362:	2b01      	cmp	r3, #1
 8001364:	d01b      	beq.n	800139e <HAL_PCD_EP_Open+0x88>
 8001366:	2301      	movs	r3, #1
 8001368:	f885 3494 	strb.w	r3, [r5, #1172]	@ 0x494
  (void)USB_ActivateEndpoint(hpcd->Instance, ep);
 800136c:	6828      	ldr	r0, [r5, #0]
 800136e:	f001 fad0 	bl	8002912 <USB_ActivateEndpoint>
  __HAL_UNLOCK(hpcd);
 8001372:	2000      	movs	r0, #0
 8001374:	f885 0494 	strb.w	r0, [r5, #1172]	@ 0x494
}
 8001378:	bd38      	pop	{r3, r4, r5, pc}
    ep = &hpcd->IN_ep[ep_addr & EP_ADDR_MSK];
 800137a:	f001 000f 	and.w	r0, r1, #15
 800137e:	eb00 01c0 	add.w	r1, r0, r0, lsl #3
 8001382:	0089      	lsls	r1, r1, #2
 8001384:	3110      	adds	r1, #16
 8001386:	4429      	add	r1, r5
 8001388:	3104      	adds	r1, #4
    ep->is_in = 1U;
 800138a:	eb00 00c0 	add.w	r0, r0, r0, lsl #3
 800138e:	eb05 0080 	add.w	r0, r5, r0, lsl #2
 8001392:	2401      	movs	r4, #1
 8001394:	7544      	strb	r4, [r0, #21]
 8001396:	e7d4      	b.n	8001342 <HAL_PCD_EP_Open+0x2c>
    ep->data_pid_start = 0U;
 8001398:	2300      	movs	r3, #0
 800139a:	714b      	strb	r3, [r1, #5]
 800139c:	e7df      	b.n	800135e <HAL_PCD_EP_Open+0x48>
  __HAL_LOCK(hpcd);
 800139e:	2002      	movs	r0, #2
 80013a0:	e7ea      	b.n	8001378 <HAL_PCD_EP_Open+0x62>

080013a2 <HAL_PCD_EP_Close>:
{
 80013a2:	b510      	push	{r4, lr}
 80013a4:	4604      	mov	r4, r0
 80013a6:	460a      	mov	r2, r1
  if ((ep_addr & 0x80U) == 0x80U)
 80013a8:	f011 0f80 	tst.w	r1, #128	@ 0x80
 80013ac:	d120      	bne.n	80013f0 <HAL_PCD_EP_Close+0x4e>
    ep = &hpcd->OUT_ep[ep_addr & EP_ADDR_MSK];
 80013ae:	f001 000f 	and.w	r0, r1, #15
 80013b2:	eb00 03c0 	add.w	r3, r0, r0, lsl #3
 80013b6:	009b      	lsls	r3, r3, #2
 80013b8:	f503 7314 	add.w	r3, r3, #592	@ 0x250
 80013bc:	4423      	add	r3, r4
 80013be:	1d19      	adds	r1, r3, #4
    ep->is_in = 0U;
 80013c0:	eb00 00c0 	add.w	r0, r0, r0, lsl #3
 80013c4:	eb04 0080 	add.w	r0, r4, r0, lsl #2
 80013c8:	2300      	movs	r3, #0
 80013ca:	f880 3255 	strb.w	r3, [r0, #597]	@ 0x255
  ep->num = ep_addr & EP_ADDR_MSK;
 80013ce:	f002 020f 	and.w	r2, r2, #15
 80013d2:	700a      	strb	r2, [r1, #0]
  __HAL_LOCK(hpcd);
 80013d4:	f894 3494 	ldrb.w	r3, [r4, #1172]	@ 0x494
 80013d8:	2b01      	cmp	r3, #1
 80013da:	d018      	beq.n	800140e <HAL_PCD_EP_Close+0x6c>
 80013dc:	2301      	movs	r3, #1
 80013de:	f884 3494 	strb.w	r3, [r4, #1172]	@ 0x494
  (void)USB_DeactivateEndpoint(hpcd->Instance, ep);
 80013e2:	6820      	ldr	r0, [r4, #0]
 80013e4:	f001 fae2 	bl	80029ac <USB_DeactivateEndpoint>
  __HAL_UNLOCK(hpcd);
 80013e8:	2000      	movs	r0, #0
 80013ea:	f884 0494 	strb.w	r0, [r4, #1172]	@ 0x494
}
 80013ee:	bd10      	pop	{r4, pc}
    ep = &hpcd->IN_ep[ep_addr & EP_ADDR_MSK];
 80013f0:	f001 000f 	and.w	r0, r1, #15
 80013f4:	eb00 03c0 	add.w	r3, r0, r0, lsl #3
 80013f8:	009b      	lsls	r3, r3, #2
 80013fa:	3310      	adds	r3, #16
 80013fc:	4423      	add	r3, r4
 80013fe:	1d19      	adds	r1, r3, #4
    ep->is_in = 1U;
 8001400:	eb00 00c0 	add.w	r0, r0, r0, lsl #3
 8001404:	eb04 0080 	add.w	r0, r4, r0, lsl #2
 8001408:	2301      	movs	r3, #1
 800140a:	7543      	strb	r3, [r0, #21]
 800140c:	e7df      	b.n	80013ce <HAL_PCD_EP_Close+0x2c>
  __HAL_LOCK(hpcd);
 800140e:	2002      	movs	r0, #2
 8001410:	e7ed      	b.n	80013ee <HAL_PCD_EP_Close+0x4c>

08001412 <HAL_PCD_EP_Receive>:
{
 8001412:	b510      	push	{r4, lr}
 8001414:	4614      	mov	r4, r2
  ep = &hpcd->OUT_ep[ep_addr & EP_ADDR_MSK];
 8001416:	f001 0c0f 	and.w	ip, r1, #15
 800141a:	eb0c 01cc 	add.w	r1, ip, ip, lsl #3
 800141e:	0089      	lsls	r1, r1, #2
 8001420:	f501 7114 	add.w	r1, r1, #592	@ 0x250
 8001424:	4401      	add	r1, r0
 8001426:	3104      	adds	r1, #4
  ep->xfer_buff = pBuf;
 8001428:	eb0c 0ecc 	add.w	lr, ip, ip, lsl #3
 800142c:	eb00 0e8e 	add.w	lr, r0, lr, lsl #2
 8001430:	f8ce 2260 	str.w	r2, [lr, #608]	@ 0x260
  ep->xfer_len = len;
 8001434:	f8ce 3264 	str.w	r3, [lr, #612]	@ 0x264
  ep->xfer_count = 0U;
 8001438:	2300      	movs	r3, #0
 800143a:	f8ce 3268 	str.w	r3, [lr, #616]	@ 0x268
  ep->is_in = 0U;
 800143e:	f88e 3255 	strb.w	r3, [lr, #597]	@ 0x255
  ep->num = ep_addr & EP_ADDR_MSK;
 8001442:	f88e c254 	strb.w	ip, [lr, #596]	@ 0x254
  if (hpcd->Init.dma_enable == 1U)
 8001446:	7982      	ldrb	r2, [r0, #6]
 8001448:	2a01      	cmp	r2, #1
 800144a:	d004      	beq.n	8001456 <HAL_PCD_EP_Receive+0x44>
  (void)USB_EPStartXfer(hpcd->Instance, ep, (uint8_t)hpcd->Init.dma_enable);
 800144c:	6800      	ldr	r0, [r0, #0]
 800144e:	f001 fb93 	bl	8002b78 <USB_EPStartXfer>
}
 8001452:	2000      	movs	r0, #0
 8001454:	bd10      	pop	{r4, pc}
    ep->dma_addr = (uint32_t)pBuf;
 8001456:	f8ce 4270 	str.w	r4, [lr, #624]	@ 0x270
 800145a:	e7f7      	b.n	800144c <HAL_PCD_EP_Receive+0x3a>

0800145c <HAL_PCD_EP_GetRxCount>:
  return hpcd->OUT_ep[ep_addr & EP_ADDR_MSK].xfer_count;
 800145c:	f001 010f 	and.w	r1, r1, #15
 8001460:	eb01 01c1 	add.w	r1, r1, r1, lsl #3
 8001464:	eb00 0081 	add.w	r0, r0, r1, lsl #2
}
 8001468:	f8d0 0268 	ldr.w	r0, [r0, #616]	@ 0x268
 800146c:	4770      	bx	lr

0800146e <HAL_PCD_EP_Transmit>:
{
 800146e:	b510      	push	{r4, lr}
 8001470:	4614      	mov	r4, r2
  ep = &hpcd->IN_ep[ep_addr & EP_ADDR_MSK];
 8001472:	f001 0c0f 	and.w	ip, r1, #15
 8001476:	eb0c 01cc 	add.w	r1, ip, ip, lsl #3
 800147a:	0089      	lsls	r1, r1, #2
 800147c:	3110      	adds	r1, #16
 800147e:	4401      	add	r1, r0
 8001480:	3104      	adds	r1, #4
  ep->xfer_buff = pBuf;
 8001482:	eb0c 0ecc 	add.w	lr, ip, ip, lsl #3
 8001486:	eb00 0e8e 	add.w	lr, r0, lr, lsl #2
 800148a:	f8ce 2020 	str.w	r2, [lr, #32]
  ep->xfer_len = len;
 800148e:	f8ce 3024 	str.w	r3, [lr, #36]	@ 0x24
  ep->xfer_count = 0U;
 8001492:	2300      	movs	r3, #0
 8001494:	f8ce 3028 	str.w	r3, [lr, #40]	@ 0x28
  ep->is_in = 1U;
 8001498:	2301      	movs	r3, #1
 800149a:	f88e 3015 	strb.w	r3, [lr, #21]
  ep->num = ep_addr & EP_ADDR_MSK;
 800149e:	f88e c014 	strb.w	ip, [lr, #20]
  if (hpcd->Init.dma_enable == 1U)
 80014a2:	7982      	ldrb	r2, [r0, #6]
 80014a4:	429a      	cmp	r2, r3
 80014a6:	d004      	beq.n	80014b2 <HAL_PCD_EP_Transmit+0x44>
  (void)USB_EPStartXfer(hpcd->Instance, ep, (uint8_t)hpcd->Init.dma_enable);
 80014a8:	6800      	ldr	r0, [r0, #0]
 80014aa:	f001 fb65 	bl	8002b78 <USB_EPStartXfer>
}
 80014ae:	2000      	movs	r0, #0
 80014b0:	bd10      	pop	{r4, pc}
    ep->dma_addr = (uint32_t)pBuf;
 80014b2:	f8ce 4030 	str.w	r4, [lr, #48]	@ 0x30
 80014b6:	e7f7      	b.n	80014a8 <HAL_PCD_EP_Transmit+0x3a>

080014b8 <HAL_PCD_EP_SetStall>:
{
 80014b8:	b538      	push	{r3, r4, r5, lr}
  if (((uint32_t)ep_addr & EP_ADDR_MSK) > hpcd->Init.dev_endpoints)
 80014ba:	f001 050f 	and.w	r5, r1, #15
 80014be:	7902      	ldrb	r2, [r0, #4]
 80014c0:	42aa      	cmp	r2, r5
 80014c2:	d338      	bcc.n	8001536 <HAL_PCD_EP_SetStall+0x7e>
 80014c4:	4604      	mov	r4, r0
 80014c6:	460b      	mov	r3, r1
  if ((0x80U & ep_addr) == 0x80U)
 80014c8:	f011 0f80 	tst.w	r1, #128	@ 0x80
 80014cc:	d11f      	bne.n	800150e <HAL_PCD_EP_SetStall+0x56>
    ep = &hpcd->OUT_ep[ep_addr];
 80014ce:	eb01 01c1 	add.w	r1, r1, r1, lsl #3
 80014d2:	0089      	lsls	r1, r1, #2
 80014d4:	f501 7114 	add.w	r1, r1, #592	@ 0x250
 80014d8:	4401      	add	r1, r0
 80014da:	3104      	adds	r1, #4
    ep->is_in = 0U;
 80014dc:	eb03 03c3 	add.w	r3, r3, r3, lsl #3
 80014e0:	eb00 0383 	add.w	r3, r0, r3, lsl #2
 80014e4:	2200      	movs	r2, #0
 80014e6:	f883 2255 	strb.w	r2, [r3, #597]	@ 0x255
  ep->is_stall = 1U;
 80014ea:	2301      	movs	r3, #1
 80014ec:	708b      	strb	r3, [r1, #2]
  ep->num = ep_addr & EP_ADDR_MSK;
 80014ee:	700d      	strb	r5, [r1, #0]
  __HAL_LOCK(hpcd);
 80014f0:	f894 3494 	ldrb.w	r3, [r4, #1172]	@ 0x494
 80014f4:	2b01      	cmp	r3, #1
 80014f6:	d020      	beq.n	800153a <HAL_PCD_EP_SetStall+0x82>
 80014f8:	2301      	movs	r3, #1
 80014fa:	f884 3494 	strb.w	r3, [r4, #1172]	@ 0x494
  (void)USB_EPSetStall(hpcd->Instance, ep);
 80014fe:	6820      	ldr	r0, [r4, #0]
 8001500:	f001 fc7f 	bl	8002e02 <USB_EPSetStall>
  if ((ep_addr & EP_ADDR_MSK) == 0U)
 8001504:	b185      	cbz	r5, 8001528 <HAL_PCD_EP_SetStall+0x70>
  __HAL_UNLOCK(hpcd);
 8001506:	2000      	movs	r0, #0
 8001508:	f884 0494 	strb.w	r0, [r4, #1172]	@ 0x494
}
 800150c:	bd38      	pop	{r3, r4, r5, pc}
    ep = &hpcd->IN_ep[ep_addr & EP_ADDR_MSK];
 800150e:	eb05 01c5 	add.w	r1, r5, r5, lsl #3
 8001512:	0089      	lsls	r1, r1, #2
 8001514:	3110      	adds	r1, #16
 8001516:	4401      	add	r1, r0
 8001518:	3104      	adds	r1, #4
    ep->is_in = 1U;
 800151a:	eb05 03c5 	add.w	r3, r5, r5, lsl #3
 800151e:	eb00 0383 	add.w	r3, r0, r3, lsl #2
 8001522:	2201      	movs	r2, #1
 8001524:	755a      	strb	r2, [r3, #21]
 8001526:	e7e0      	b.n	80014ea <HAL_PCD_EP_SetStall+0x32>
    (void)USB_EP0_OutStart(hpcd->Instance, (uint8_t)hpcd->Init.dma_enable, (uint8_t *)hpcd->Setup);
 8001528:	f204 429c 	addw	r2, r4, #1180	@ 0x49c
 800152c:	79a1      	ldrb	r1, [r4, #6]
 800152e:	6820      	ldr	r0, [r4, #0]
 8001530:	f001 fd60 	bl	8002ff4 <USB_EP0_OutStart>
 8001534:	e7e7      	b.n	8001506 <HAL_PCD_EP_SetStall+0x4e>
    return HAL_ERROR;
 8001536:	2001      	movs	r0, #1
 8001538:	e7e8      	b.n	800150c <HAL_PCD_EP_SetStall+0x54>
  __HAL_LOCK(hpcd);
 800153a:	2002      	movs	r0, #2
 800153c:	e7e6      	b.n	800150c <HAL_PCD_EP_SetStall+0x54>

0800153e <HAL_PCD_EP_ClrStall>:
  if (((uint32_t)ep_addr & 0x0FU) > hpcd->Init.dev_endpoints)
 800153e:	f001 030f 	and.w	r3, r1, #15
 8001542:	7902      	ldrb	r2, [r0, #4]
 8001544:	429a      	cmp	r2, r3
 8001546:	d330      	bcc.n	80015aa <HAL_PCD_EP_ClrStall+0x6c>
{
 8001548:	b510      	push	{r4, lr}
 800154a:	4604      	mov	r4, r0
  if ((0x80U & ep_addr) == 0x80U)
 800154c:	f011 0f80 	tst.w	r1, #128	@ 0x80
 8001550:	d11e      	bne.n	8001590 <HAL_PCD_EP_ClrStall+0x52>
    ep = &hpcd->OUT_ep[ep_addr & EP_ADDR_MSK];
 8001552:	eb03 01c3 	add.w	r1, r3, r3, lsl #3
 8001556:	0089      	lsls	r1, r1, #2
 8001558:	f501 7114 	add.w	r1, r1, #592	@ 0x250
 800155c:	4401      	add	r1, r0
 800155e:	3104      	adds	r1, #4
    ep->is_in = 0U;
 8001560:	eb03 02c3 	add.w	r2, r3, r3, lsl #3
 8001564:	eb00 0282 	add.w	r2, r0, r2, lsl #2
 8001568:	2000      	movs	r0, #0
 800156a:	f882 0255 	strb.w	r0, [r2, #597]	@ 0x255
  ep->is_stall = 0U;
 800156e:	2200      	movs	r2, #0
 8001570:	708a      	strb	r2, [r1, #2]
  ep->num = ep_addr & EP_ADDR_MSK;
 8001572:	700b      	strb	r3, [r1, #0]
  __HAL_LOCK(hpcd);
 8001574:	f894 3494 	ldrb.w	r3, [r4, #1172]	@ 0x494
 8001578:	2b01      	cmp	r3, #1
 800157a:	d018      	beq.n	80015ae <HAL_PCD_EP_ClrStall+0x70>
 800157c:	2301      	movs	r3, #1
 800157e:	f884 3494 	strb.w	r3, [r4, #1172]	@ 0x494
  (void)USB_EPClearStall(hpcd->Instance, ep);
 8001582:	6820      	ldr	r0, [r4, #0]
 8001584:	f001 fc6a 	bl	8002e5c <USB_EPClearStall>
  __HAL_UNLOCK(hpcd);
 8001588:	2000      	movs	r0, #0
 800158a:	f884 0494 	strb.w	r0, [r4, #1172]	@ 0x494
}
 800158e:	bd10      	pop	{r4, pc}
    ep = &hpcd->IN_ep[ep_addr & EP_ADDR_MSK];
 8001590:	eb03 01c3 	add.w	r1, r3, r3, lsl #3
 8001594:	0089      	lsls	r1, r1, #2
 8001596:	3110      	adds	r1, #16
 8001598:	4401      	add	r1, r0
 800159a:	3104      	adds	r1, #4
    ep->is_in = 1U;
 800159c:	eb03 02c3 	add.w	r2, r3, r3, lsl #3
 80015a0:	eb00 0282 	add.w	r2, r0, r2, lsl #2
 80015a4:	2001      	movs	r0, #1
 80015a6:	7550      	strb	r0, [r2, #21]
 80015a8:	e7e1      	b.n	800156e <HAL_PCD_EP_ClrStall+0x30>
    return HAL_ERROR;
 80015aa:	2001      	movs	r0, #1
}
 80015ac:	4770      	bx	lr
  __HAL_LOCK(hpcd);
 80015ae:	2002      	movs	r0, #2
 80015b0:	e7ed      	b.n	800158e <HAL_PCD_EP_ClrStall+0x50>

080015b2 <HAL_PCD_EP_Abort>:
{
 80015b2:	b508      	push	{r3, lr}
  if ((0x80U & ep_addr) == 0x80U)
 80015b4:	f011 0f80 	tst.w	r1, #128	@ 0x80
 80015b8:	d10c      	bne.n	80015d4 <HAL_PCD_EP_Abort+0x22>
    ep = &hpcd->OUT_ep[ep_addr & EP_ADDR_MSK];
 80015ba:	f001 010f 	and.w	r1, r1, #15
 80015be:	eb01 01c1 	add.w	r1, r1, r1, lsl #3
 80015c2:	0089      	lsls	r1, r1, #2
 80015c4:	f501 7114 	add.w	r1, r1, #592	@ 0x250
 80015c8:	4401      	add	r1, r0
 80015ca:	3104      	adds	r1, #4
  ret = USB_EPStopXfer(hpcd->Instance, ep);
 80015cc:	6800      	ldr	r0, [r0, #0]
 80015ce:	f001 fa5d 	bl	8002a8c <USB_EPStopXfer>
}
 80015d2:	bd08      	pop	{r3, pc}
    ep = &hpcd->IN_ep[ep_addr & EP_ADDR_MSK];
 80015d4:	f001 010f 	and.w	r1, r1, #15
 80015d8:	eb01 01c1 	add.w	r1, r1, r1, lsl #3
 80015dc:	0089      	lsls	r1, r1, #2
 80015de:	3110      	adds	r1, #16
 80015e0:	4401      	add	r1, r0
 80015e2:	3104      	adds	r1, #4
 80015e4:	e7f2      	b.n	80015cc <HAL_PCD_EP_Abort+0x1a>

080015e6 <HAL_PCD_IRQHandler>:
{
 80015e6:	e92d 4ff0 	stmdb	sp!, {r4, r5, r6, r7, r8, r9, sl, fp, lr}
 80015ea:	b083      	sub	sp, #12
 80015ec:	4604      	mov	r4, r0
  USB_OTG_GlobalTypeDef *USBx = hpcd->Instance;
 80015ee:	6805      	ldr	r5, [r0, #0]
  if (USB_GetMode(hpcd->Instance) == USB_OTG_MODE_DEVICE)
 80015f0:	4628      	mov	r0, r5
 80015f2:	f001 fcbc 	bl	8002f6e <USB_GetMode>
 80015f6:	b110      	cbz	r0, 80015fe <HAL_PCD_IRQHandler+0x18>
}
 80015f8:	b003      	add	sp, #12
 80015fa:	e8bd 8ff0 	ldmia.w	sp!, {r4, r5, r6, r7, r8, r9, sl, fp, pc}
 80015fe:	4606      	mov	r6, r0
    if (__HAL_PCD_IS_INVALID_INTERRUPT(hpcd))
 8001600:	6820      	ldr	r0, [r4, #0]
 8001602:	f001 fc85 	bl	8002f10 <USB_ReadInterrupts>
 8001606:	2800      	cmp	r0, #0
 8001608:	d0f6      	beq.n	80015f8 <HAL_PCD_IRQHandler+0x12>
    hpcd->FrameNumber = (USBx_DEVICE->DSTS & USB_OTG_DSTS_FNSOF_Msk) >> USB_OTG_DSTS_FNSOF_Pos;
 800160a:	f505 6700 	add.w	r7, r5, #2048	@ 0x800
 800160e:	68bb      	ldr	r3, [r7, #8]
 8001610:	f3c3 230d 	ubfx	r3, r3, #8, #14
 8001614:	f8c4 34d4 	str.w	r3, [r4, #1236]	@ 0x4d4
    if (__HAL_PCD_GET_FLAG(hpcd, USB_OTG_GINTSTS_MMIS))
 8001618:	6820      	ldr	r0, [r4, #0]
 800161a:	f001 fc79 	bl	8002f10 <USB_ReadInterrupts>
 800161e:	f010 0f02 	tst.w	r0, #2
 8001622:	d004      	beq.n	800162e <HAL_PCD_IRQHandler+0x48>
      __HAL_PCD_CLEAR_FLAG(hpcd, USB_OTG_GINTSTS_MMIS);
 8001624:	6822      	ldr	r2, [r4, #0]
 8001626:	6953      	ldr	r3, [r2, #20]
 8001628:	f003 0302 	and.w	r3, r3, #2
 800162c:	6153      	str	r3, [r2, #20]
    if (__HAL_PCD_GET_FLAG(hpcd, USB_OTG_GINTSTS_RXFLVL))
 800162e:	6820      	ldr	r0, [r4, #0]
 8001630:	f001 fc6e 	bl	8002f10 <USB_ReadInterrupts>
 8001634:	f010 0f10 	tst.w	r0, #16
 8001638:	d015      	beq.n	8001666 <HAL_PCD_IRQHandler+0x80>
      USB_MASK_INTERRUPT(hpcd->Instance, USB_OTG_GINTSTS_RXFLVL);
 800163a:	6822      	ldr	r2, [r4, #0]
 800163c:	6993      	ldr	r3, [r2, #24]
 800163e:	f023 0310 	bic.w	r3, r3, #16
 8001642:	6193      	str	r3, [r2, #24]
      RegVal = USBx->GRXSTSP;
 8001644:	f8d5 8020 	ldr.w	r8, [r5, #32]
      ep = &hpcd->OUT_ep[RegVal & USB_OTG_GRXSTSP_EPNUM];
 8001648:	f008 090f 	and.w	r9, r8, #15
      if (((RegVal & USB_OTG_GRXSTSP_PKTSTS) >> 17) ==  STS_DATA_UPDT)
 800164c:	f408 13f0 	and.w	r3, r8, #1966080	@ 0x1e0000
 8001650:	f5b3 2f80 	cmp.w	r3, #262144	@ 0x40000
 8001654:	d04c      	beq.n	80016f0 <HAL_PCD_IRQHandler+0x10a>
      else if (((RegVal & USB_OTG_GRXSTSP_PKTSTS) >> 17) == STS_SETUP_UPDT)
 8001656:	f5b3 2f40 	cmp.w	r3, #786432	@ 0xc0000
 800165a:	d06f      	beq.n	800173c <HAL_PCD_IRQHandler+0x156>
      USB_UNMASK_INTERRUPT(hpcd->Instance, USB_OTG_GINTSTS_RXFLVL);
 800165c:	6822      	ldr	r2, [r4, #0]
 800165e:	6993      	ldr	r3, [r2, #24]
 8001660:	f043 0310 	orr.w	r3, r3, #16
 8001664:	6193      	str	r3, [r2, #24]
    if (__HAL_PCD_GET_FLAG(hpcd, USB_OTG_GINTSTS_OEPINT))
 8001666:	6820      	ldr	r0, [r4, #0]
 8001668:	f001 fc52 	bl	8002f10 <USB_ReadInterrupts>
 800166c:	f410 2f00 	tst.w	r0, #524288	@ 0x80000
 8001670:	d176      	bne.n	8001760 <HAL_PCD_IRQHandler+0x17a>
    if (__HAL_PCD_GET_FLAG(hpcd, USB_OTG_GINTSTS_IEPINT))
 8001672:	6820      	ldr	r0, [r4, #0]
 8001674:	f001 fc4c 	bl	8002f10 <USB_ReadInterrupts>
 8001678:	f410 2f80 	tst.w	r0, #262144	@ 0x40000
 800167c:	f040 80e0 	bne.w	8001840 <HAL_PCD_IRQHandler+0x25a>
    if (__HAL_PCD_GET_FLAG(hpcd, USB_OTG_GINTSTS_WKUINT))
 8001680:	6820      	ldr	r0, [r4, #0]
 8001682:	f001 fc45 	bl	8002f10 <USB_ReadInterrupts>
 8001686:	2800      	cmp	r0, #0
 8001688:	f2c0 8161 	blt.w	800194e <HAL_PCD_IRQHandler+0x368>
    if (__HAL_PCD_GET_FLAG(hpcd, USB_OTG_GINTSTS_USBSUSP))
 800168c:	6820      	ldr	r0, [r4, #0]
 800168e:	f001 fc3f 	bl	8002f10 <USB_ReadInterrupts>
 8001692:	f410 6f00 	tst.w	r0, #2048	@ 0x800
 8001696:	d009      	beq.n	80016ac <HAL_PCD_IRQHandler+0xc6>
      if ((USBx_DEVICE->DSTS & USB_OTG_DSTS_SUSPSTS) == USB_OTG_DSTS_SUSPSTS)
 8001698:	68bb      	ldr	r3, [r7, #8]
 800169a:	f013 0f01 	tst.w	r3, #1
 800169e:	f040 816e 	bne.w	800197e <HAL_PCD_IRQHandler+0x398>
      __HAL_PCD_CLEAR_FLAG(hpcd, USB_OTG_GINTSTS_USBSUSP);
 80016a2:	6822      	ldr	r2, [r4, #0]
 80016a4:	6953      	ldr	r3, [r2, #20]
 80016a6:	f403 6300 	and.w	r3, r3, #2048	@ 0x800
 80016aa:	6153      	str	r3, [r2, #20]
    if (__HAL_PCD_GET_FLAG(hpcd, USB_OTG_GINTSTS_USBRST))
 80016ac:	6820      	ldr	r0, [r4, #0]
 80016ae:	f001 fc2f 	bl	8002f10 <USB_ReadInterrupts>
 80016b2:	f410 5f80 	tst.w	r0, #4096	@ 0x1000
 80016b6:	f040 8166 	bne.w	8001986 <HAL_PCD_IRQHandler+0x3a0>
    if (__HAL_PCD_GET_FLAG(hpcd, USB_OTG_GINTSTS_ENUMDNE))
 80016ba:	6820      	ldr	r0, [r4, #0]
 80016bc:	f001 fc28 	bl	8002f10 <USB_ReadInterrupts>
 80016c0:	f410 5f00 	tst.w	r0, #8192	@ 0x2000
 80016c4:	f040 81b3 	bne.w	8001a2e <HAL_PCD_IRQHandler+0x448>
    if (__HAL_PCD_GET_FLAG(hpcd, USB_OTG_GINTSTS_SOF))
 80016c8:	6820      	ldr	r0, [r4, #0]
 80016ca:	f001 fc21 	bl	8002f10 <USB_ReadInterrupts>
 80016ce:	f010 0f08 	tst.w	r0, #8
 80016d2:	f040 81c4 	bne.w	8001a5e <HAL_PCD_IRQHandler+0x478>
    if (__HAL_PCD_GET_FLAG(hpcd, USB_OTG_GINTSTS_BOUTNAKEFF))
 80016d6:	6820      	ldr	r0, [r4, #0]
 80016d8:	f001 fc1a 	bl	8002f10 <USB_ReadInterrupts>
 80016dc:	f010 0f80 	tst.w	r0, #128	@ 0x80
 80016e0:	f000 81d7 	beq.w	8001a92 <HAL_PCD_IRQHandler+0x4ac>
      USBx->GINTMSK &= ~USB_OTG_GINTMSK_GONAKEFFM;
 80016e4:	69ab      	ldr	r3, [r5, #24]
 80016e6:	f023 0380 	bic.w	r3, r3, #128	@ 0x80
 80016ea:	61ab      	str	r3, [r5, #24]
      for (epnum = 1U; epnum < hpcd->Init.dev_endpoints; epnum++)
 80016ec:	2601      	movs	r6, #1
 80016ee:	e1c0      	b.n	8001a72 <HAL_PCD_IRQHandler+0x48c>
        if ((RegVal & USB_OTG_GRXSTSP_BCNT) != 0U)
 80016f0:	f647 73f0 	movw	r3, #32752	@ 0x7ff0
 80016f4:	ea18 0f03 	tst.w	r8, r3
 80016f8:	d0b0      	beq.n	800165c <HAL_PCD_IRQHandler+0x76>
                               (uint16_t)((RegVal & USB_OTG_GRXSTSP_BCNT) >> 4));
 80016fa:	ea4f 1a18 	mov.w	sl, r8, lsr #4
          (void)USB_ReadPacket(USBx, ep->xfer_buff,
 80016fe:	ea4f 03c9 	mov.w	r3, r9, lsl #3
 8001702:	9301      	str	r3, [sp, #4]
 8001704:	eb09 0bc9 	add.w	fp, r9, r9, lsl #3
 8001708:	eb04 0b8b 	add.w	fp, r4, fp, lsl #2
 800170c:	f3c8 120a 	ubfx	r2, r8, #4, #11
 8001710:	f8db 1260 	ldr.w	r1, [fp, #608]	@ 0x260
 8001714:	4628      	mov	r0, r5
 8001716:	f001 fb51 	bl	8002dbc <USB_ReadPacket>
          ep->xfer_buff += (RegVal & USB_OTG_GRXSTSP_BCNT) >> 4;
 800171a:	f8db 3260 	ldr.w	r3, [fp, #608]	@ 0x260
 800171e:	f3ca 0a0a 	ubfx	sl, sl, #0, #11
 8001722:	4453      	add	r3, sl
 8001724:	f8cb 3260 	str.w	r3, [fp, #608]	@ 0x260
          ep->xfer_count += (RegVal & USB_OTG_GRXSTSP_BCNT) >> 4;
 8001728:	f8db 3268 	ldr.w	r3, [fp, #616]	@ 0x268
 800172c:	9a01      	ldr	r2, [sp, #4]
 800172e:	444a      	add	r2, r9
 8001730:	eb04 0282 	add.w	r2, r4, r2, lsl #2
 8001734:	4453      	add	r3, sl
 8001736:	f8c2 3268 	str.w	r3, [r2, #616]	@ 0x268
 800173a:	e78f      	b.n	800165c <HAL_PCD_IRQHandler+0x76>
        (void)USB_ReadPacket(USBx, (uint8_t *)hpcd->Setup, 8U);
 800173c:	2208      	movs	r2, #8
 800173e:	f204 419c 	addw	r1, r4, #1180	@ 0x49c
 8001742:	4628      	mov	r0, r5
 8001744:	f001 fb3a 	bl	8002dbc <USB_ReadPacket>
        ep->xfer_count += (RegVal & USB_OTG_GRXSTSP_BCNT) >> 4;
 8001748:	eb09 03c9 	add.w	r3, r9, r9, lsl #3
 800174c:	eb04 0383 	add.w	r3, r4, r3, lsl #2
 8001750:	f8d3 2268 	ldr.w	r2, [r3, #616]	@ 0x268
 8001754:	f3c8 180a 	ubfx	r8, r8, #4, #11
 8001758:	4442      	add	r2, r8
 800175a:	f8c3 2268 	str.w	r2, [r3, #616]	@ 0x268
 800175e:	e77d      	b.n	800165c <HAL_PCD_IRQHandler+0x76>
      ep_intr = USB_ReadDevAllOutEpInterrupt(hpcd->Instance);
 8001760:	6820      	ldr	r0, [r4, #0]
 8001762:	f001 fbd9 	bl	8002f18 <USB_ReadDevAllOutEpInterrupt>
 8001766:	4680      	mov	r8, r0
      epnum = 0U;
 8001768:	46b1      	mov	r9, r6
      while (ep_intr != 0U)
 800176a:	e035      	b.n	80017d8 <HAL_PCD_IRQHandler+0x1f2>
            CLEAR_OUT_EP_INTR(epnum, USB_OTG_DOEPINT_XFRC);
 800176c:	eb05 1349 	add.w	r3, r5, r9, lsl #5
 8001770:	2201      	movs	r2, #1
 8001772:	f8c3 2b08 	str.w	r2, [r3, #2824]	@ 0xb08
            (void)PCD_EP_OutXfrComplete_int(hpcd, epnum);
 8001776:	4649      	mov	r1, r9
 8001778:	4620      	mov	r0, r4
 800177a:	f7ff fd0f 	bl	800119c <PCD_EP_OutXfrComplete_int>
 800177e:	e03c      	b.n	80017fa <HAL_PCD_IRQHandler+0x214>
            CLEAR_OUT_EP_INTR(epnum, USB_OTG_DOEPINT_STUP);
 8001780:	eb05 1349 	add.w	r3, r5, r9, lsl #5
 8001784:	2208      	movs	r2, #8
 8001786:	f8c3 2b08 	str.w	r2, [r3, #2824]	@ 0xb08
            (void)PCD_EP_OutSetupPacket_int(hpcd, epnum);
 800178a:	4649      	mov	r1, r9
 800178c:	4620      	mov	r0, r4
 800178e:	f7ff fd87 	bl	80012a0 <PCD_EP_OutSetupPacket_int>
 8001792:	e035      	b.n	8001800 <HAL_PCD_IRQHandler+0x21a>
            if (ep->is_iso_incomplete == 1U)
 8001794:	eb09 03c9 	add.w	r3, r9, r9, lsl #3
 8001798:	eb04 0383 	add.w	r3, r4, r3, lsl #2
 800179c:	f893 3257 	ldrb.w	r3, [r3, #599]	@ 0x257
 80017a0:	2b01      	cmp	r3, #1
 80017a2:	d041      	beq.n	8001828 <HAL_PCD_IRQHandler+0x242>
            CLEAR_OUT_EP_INTR(epnum, USB_OTG_DOEPINT_EPDISD);
 80017a4:	eb05 1349 	add.w	r3, r5, r9, lsl #5
 80017a8:	2202      	movs	r2, #2
 80017aa:	f8c3 2b08 	str.w	r2, [r3, #2824]	@ 0xb08
          if ((epint & USB_OTG_DOEPINT_OTEPSPR) == USB_OTG_DOEPINT_OTEPSPR)
 80017ae:	f01a 0f20 	tst.w	sl, #32
 80017b2:	d004      	beq.n	80017be <HAL_PCD_IRQHandler+0x1d8>
            CLEAR_OUT_EP_INTR(epnum, USB_OTG_DOEPINT_OTEPSPR);
 80017b4:	eb05 1349 	add.w	r3, r5, r9, lsl #5
 80017b8:	2220      	movs	r2, #32
 80017ba:	f8c3 2b08 	str.w	r2, [r3, #2824]	@ 0xb08
          if ((epint & USB_OTG_DOEPINT_NAK) == USB_OTG_DOEPINT_NAK)
 80017be:	f41a 5f00 	tst.w	sl, #8192	@ 0x2000
 80017c2:	d005      	beq.n	80017d0 <HAL_PCD_IRQHandler+0x1ea>
            CLEAR_OUT_EP_INTR(epnum, USB_OTG_DOEPINT_NAK);
 80017c4:	eb05 1349 	add.w	r3, r5, r9, lsl #5
 80017c8:	f44f 5200 	mov.w	r2, #8192	@ 0x2000
 80017cc:	f8c3 2b08 	str.w	r2, [r3, #2824]	@ 0xb08
        epnum++;
 80017d0:	f109 0901 	add.w	r9, r9, #1
        ep_intr >>= 1U;
 80017d4:	ea4f 0858 	mov.w	r8, r8, lsr #1
      while (ep_intr != 0U)
 80017d8:	f1b8 0f00 	cmp.w	r8, #0
 80017dc:	f43f af49 	beq.w	8001672 <HAL_PCD_IRQHandler+0x8c>
        if ((ep_intr & 0x1U) != 0U)
 80017e0:	f018 0f01 	tst.w	r8, #1
 80017e4:	d0f4      	beq.n	80017d0 <HAL_PCD_IRQHandler+0x1ea>
          epint = USB_ReadDevOutEPInterrupt(hpcd->Instance, (uint8_t)epnum);
 80017e6:	fa5f fb89 	uxtb.w	fp, r9
 80017ea:	4659      	mov	r1, fp
 80017ec:	6820      	ldr	r0, [r4, #0]
 80017ee:	f001 fba3 	bl	8002f38 <USB_ReadDevOutEPInterrupt>
 80017f2:	4682      	mov	sl, r0
          if ((epint & USB_OTG_DOEPINT_XFRC) == USB_OTG_DOEPINT_XFRC)
 80017f4:	f010 0f01 	tst.w	r0, #1
 80017f8:	d1b8      	bne.n	800176c <HAL_PCD_IRQHandler+0x186>
          if ((epint & USB_OTG_DOEPINT_STUP) == USB_OTG_DOEPINT_STUP)
 80017fa:	f01a 0f08 	tst.w	sl, #8
 80017fe:	d1bf      	bne.n	8001780 <HAL_PCD_IRQHandler+0x19a>
          if ((epint & USB_OTG_DOEPINT_OTEPDIS) == USB_OTG_DOEPINT_OTEPDIS)
 8001800:	f01a 0f10 	tst.w	sl, #16
 8001804:	d004      	beq.n	8001810 <HAL_PCD_IRQHandler+0x22a>
            CLEAR_OUT_EP_INTR(epnum, USB_OTG_DOEPINT_OTEPDIS);
 8001806:	eb05 1349 	add.w	r3, r5, r9, lsl #5
 800180a:	2210      	movs	r2, #16
 800180c:	f8c3 2b08 	str.w	r2, [r3, #2824]	@ 0xb08
          if ((epint & USB_OTG_DOEPINT_EPDISD) == USB_OTG_DOEPINT_EPDISD)
 8001810:	f01a 0f02 	tst.w	sl, #2
 8001814:	d0cb      	beq.n	80017ae <HAL_PCD_IRQHandler+0x1c8>
            if ((USBx->GINTSTS & USB_OTG_GINTSTS_BOUTNAKEFF) == USB_OTG_GINTSTS_BOUTNAKEFF)
 8001816:	696b      	ldr	r3, [r5, #20]
 8001818:	f013 0f80 	tst.w	r3, #128	@ 0x80
 800181c:	d0ba      	beq.n	8001794 <HAL_PCD_IRQHandler+0x1ae>
              USBx_DEVICE->DCTL |= USB_OTG_DCTL_CGONAK;
 800181e:	687b      	ldr	r3, [r7, #4]
 8001820:	f443 6380 	orr.w	r3, r3, #1024	@ 0x400
 8001824:	607b      	str	r3, [r7, #4]
 8001826:	e7b5      	b.n	8001794 <HAL_PCD_IRQHandler+0x1ae>
              ep->is_iso_incomplete = 0U;
 8001828:	eb09 03c9 	add.w	r3, r9, r9, lsl #3
 800182c:	eb04 0383 	add.w	r3, r4, r3, lsl #2
 8001830:	2200      	movs	r2, #0
 8001832:	f883 2257 	strb.w	r2, [r3, #599]	@ 0x257
              HAL_PCD_ISOOUTIncompleteCallback(hpcd, (uint8_t)epnum);
 8001836:	4659      	mov	r1, fp
 8001838:	4620      	mov	r0, r4
 800183a:	f002 f83f 	bl	80038bc <HAL_PCD_ISOOUTIncompleteCallback>
 800183e:	e7b1      	b.n	80017a4 <HAL_PCD_IRQHandler+0x1be>
      ep_intr = USB_ReadDevAllInEpInterrupt(hpcd->Instance);
 8001840:	6820      	ldr	r0, [r4, #0]
 8001842:	f001 fb71 	bl	8002f28 <USB_ReadDevAllInEpInterrupt>
 8001846:	4680      	mov	r8, r0
      epnum = 0U;
 8001848:	46b1      	mov	r9, r6
      while (ep_intr != 0U)
 800184a:	e025      	b.n	8001898 <HAL_PCD_IRQHandler+0x2b2>
            HAL_PCD_DataInStageCallback(hpcd, (uint8_t)epnum);
 800184c:	4659      	mov	r1, fp
 800184e:	4620      	mov	r0, r4
 8001850:	f001 fff0 	bl	8003834 <HAL_PCD_DataInStageCallback>
          if ((epint & USB_OTG_DIEPINT_TOC) == USB_OTG_DIEPINT_TOC)
 8001854:	f01a 0f08 	tst.w	sl, #8
 8001858:	d004      	beq.n	8001864 <HAL_PCD_IRQHandler+0x27e>
            CLEAR_IN_EP_INTR(epnum, USB_OTG_DIEPINT_TOC);
 800185a:	eb05 1349 	add.w	r3, r5, r9, lsl #5
 800185e:	2208      	movs	r2, #8
 8001860:	f8c3 2908 	str.w	r2, [r3, #2312]	@ 0x908
          if ((epint & USB_OTG_DIEPINT_ITTXFE) == USB_OTG_DIEPINT_ITTXFE)
 8001864:	f01a 0f10 	tst.w	sl, #16
 8001868:	d004      	beq.n	8001874 <HAL_PCD_IRQHandler+0x28e>
            CLEAR_IN_EP_INTR(epnum, USB_OTG_DIEPINT_ITTXFE);
 800186a:	eb05 1349 	add.w	r3, r5, r9, lsl #5
 800186e:	2210      	movs	r2, #16
 8001870:	f8c3 2908 	str.w	r2, [r3, #2312]	@ 0x908
          if ((epint & USB_OTG_DIEPINT_INEPNE) == USB_OTG_DIEPINT_INEPNE)
 8001874:	f01a 0f40 	tst.w	sl, #64	@ 0x40
 8001878:	d004      	beq.n	8001884 <HAL_PCD_IRQHandler+0x29e>
            CLEAR_IN_EP_INTR(epnum, USB_OTG_DIEPINT_INEPNE);
 800187a:	eb05 1349 	add.w	r3, r5, r9, lsl #5
 800187e:	2240      	movs	r2, #64	@ 0x40
 8001880:	f8c3 2908 	str.w	r2, [r3, #2312]	@ 0x908
          if ((epint & USB_OTG_DIEPINT_EPDISD) == USB_OTG_DIEPINT_EPDISD)
 8001884:	f01a 0f02 	tst.w	sl, #2
 8001888:	d140      	bne.n	800190c <HAL_PCD_IRQHandler+0x326>
          if ((epint & USB_OTG_DIEPINT_TXFE) == USB_OTG_DIEPINT_TXFE)
 800188a:	f01a 0f80 	tst.w	sl, #128	@ 0x80
 800188e:	d159      	bne.n	8001944 <HAL_PCD_IRQHandler+0x35e>
        epnum++;
 8001890:	f109 0901 	add.w	r9, r9, #1
        ep_intr >>= 1U;
 8001894:	ea4f 0858 	mov.w	r8, r8, lsr #1
      while (ep_intr != 0U)
 8001898:	f1b8 0f00 	cmp.w	r8, #0
 800189c:	f43f aef0 	beq.w	8001680 <HAL_PCD_IRQHandler+0x9a>
        if ((ep_intr & 0x1U) != 0U) /* In ITR */
 80018a0:	f018 0f01 	tst.w	r8, #1
 80018a4:	d0f4      	beq.n	8001890 <HAL_PCD_IRQHandler+0x2aa>
          epint = USB_ReadDevInEPInterrupt(hpcd->Instance, (uint8_t)epnum);
 80018a6:	fa5f fb89 	uxtb.w	fp, r9
 80018aa:	4659      	mov	r1, fp
 80018ac:	6820      	ldr	r0, [r4, #0]
 80018ae:	f001 fb4c 	bl	8002f4a <USB_ReadDevInEPInterrupt>
 80018b2:	4682      	mov	sl, r0
          if ((epint & USB_OTG_DIEPINT_XFRC) == USB_OTG_DIEPINT_XFRC)
 80018b4:	f010 0f01 	tst.w	r0, #1
 80018b8:	d0cc      	beq.n	8001854 <HAL_PCD_IRQHandler+0x26e>
            fifoemptymsk = (uint32_t)(0x1UL << (epnum & EP_ADDR_MSK));
 80018ba:	f009 020f 	and.w	r2, r9, #15
 80018be:	2101      	movs	r1, #1
 80018c0:	fa01 f202 	lsl.w	r2, r1, r2
            USBx_DEVICE->DIEPEMPMSK &= ~fifoemptymsk;
 80018c4:	6b7b      	ldr	r3, [r7, #52]	@ 0x34
 80018c6:	ea23 0302 	bic.w	r3, r3, r2
 80018ca:	637b      	str	r3, [r7, #52]	@ 0x34
            CLEAR_IN_EP_INTR(epnum, USB_OTG_DIEPINT_XFRC);
 80018cc:	eb05 1349 	add.w	r3, r5, r9, lsl #5
 80018d0:	f8c3 1908 	str.w	r1, [r3, #2312]	@ 0x908
            if (hpcd->Init.dma_enable == 1U)
 80018d4:	79a3      	ldrb	r3, [r4, #6]
 80018d6:	428b      	cmp	r3, r1
 80018d8:	d1b8      	bne.n	800184c <HAL_PCD_IRQHandler+0x266>
              hpcd->IN_ep[epnum].xfer_buff += hpcd->IN_ep[epnum].maxpacket;
 80018da:	eb09 03c9 	add.w	r3, r9, r9, lsl #3
 80018de:	eb04 0383 	add.w	r3, r4, r3, lsl #2
 80018e2:	6a1a      	ldr	r2, [r3, #32]
 80018e4:	69d9      	ldr	r1, [r3, #28]
 80018e6:	440a      	add	r2, r1
 80018e8:	621a      	str	r2, [r3, #32]
              if ((epnum == 0U) && (hpcd->IN_ep[epnum].xfer_len == 0U))
 80018ea:	f1b9 0f00 	cmp.w	r9, #0
 80018ee:	d1ad      	bne.n	800184c <HAL_PCD_IRQHandler+0x266>
 80018f0:	eb09 03c9 	add.w	r3, r9, r9, lsl #3
 80018f4:	eb04 0383 	add.w	r3, r4, r3, lsl #2
 80018f8:	6a5b      	ldr	r3, [r3, #36]	@ 0x24
 80018fa:	2b00      	cmp	r3, #0
 80018fc:	d1a6      	bne.n	800184c <HAL_PCD_IRQHandler+0x266>
                (void)USB_EP0_OutStart(hpcd->Instance, 1U, (uint8_t *)hpcd->Setup);
 80018fe:	f204 429c 	addw	r2, r4, #1180	@ 0x49c
 8001902:	2101      	movs	r1, #1
 8001904:	6820      	ldr	r0, [r4, #0]
 8001906:	f001 fb75 	bl	8002ff4 <USB_EP0_OutStart>
 800190a:	e79f      	b.n	800184c <HAL_PCD_IRQHandler+0x266>
            (void)USB_FlushTxFifo(USBx, epnum);
 800190c:	4649      	mov	r1, r9
 800190e:	4628      	mov	r0, r5
 8001910:	f000 fed4 	bl	80026bc <USB_FlushTxFifo>
            if (ep->is_iso_incomplete == 1U)
 8001914:	eb09 03c9 	add.w	r3, r9, r9, lsl #3
 8001918:	eb04 0383 	add.w	r3, r4, r3, lsl #2
 800191c:	7ddb      	ldrb	r3, [r3, #23]
 800191e:	2b01      	cmp	r3, #1
 8001920:	d005      	beq.n	800192e <HAL_PCD_IRQHandler+0x348>
            CLEAR_IN_EP_INTR(epnum, USB_OTG_DIEPINT_EPDISD);
 8001922:	eb05 1349 	add.w	r3, r5, r9, lsl #5
 8001926:	2202      	movs	r2, #2
 8001928:	f8c3 2908 	str.w	r2, [r3, #2312]	@ 0x908
 800192c:	e7ad      	b.n	800188a <HAL_PCD_IRQHandler+0x2a4>
              ep->is_iso_incomplete = 0U;
 800192e:	eb09 03c9 	add.w	r3, r9, r9, lsl #3
 8001932:	eb04 0383 	add.w	r3, r4, r3, lsl #2
 8001936:	2200      	movs	r2, #0
 8001938:	75da      	strb	r2, [r3, #23]
              HAL_PCD_ISOINIncompleteCallback(hpcd, (uint8_t)epnum);
 800193a:	4659      	mov	r1, fp
 800193c:	4620      	mov	r0, r4
 800193e:	f001 ffc3 	bl	80038c8 <HAL_PCD_ISOINIncompleteCallback>
 8001942:	e7ee      	b.n	8001922 <HAL_PCD_IRQHandler+0x33c>
            (void)PCD_WriteEmptyTxFifo(hpcd, epnum);
 8001944:	4649      	mov	r1, r9
 8001946:	4620      	mov	r0, r4
 8001948:	f7ff fb1c 	bl	8000f84 <PCD_WriteEmptyTxFifo>
 800194c:	e7a0      	b.n	8001890 <HAL_PCD_IRQHandler+0x2aa>
      USBx_DEVICE->DCTL &= ~USB_OTG_DCTL_RWUSIG;
 800194e:	687b      	ldr	r3, [r7, #4]
 8001950:	f023 0301 	bic.w	r3, r3, #1
 8001954:	607b      	str	r3, [r7, #4]
      if (hpcd->LPM_State == LPM_L1)
 8001956:	f894 34cc 	ldrb.w	r3, [r4, #1228]	@ 0x4cc
 800195a:	2b01      	cmp	r3, #1
 800195c:	d008      	beq.n	8001970 <HAL_PCD_IRQHandler+0x38a>
        HAL_PCD_ResumeCallback(hpcd);
 800195e:	4620      	mov	r0, r4
 8001960:	f001 ffa6 	bl	80038b0 <HAL_PCD_ResumeCallback>
      __HAL_PCD_CLEAR_FLAG(hpcd, USB_OTG_GINTSTS_WKUINT);
 8001964:	6822      	ldr	r2, [r4, #0]
 8001966:	6953      	ldr	r3, [r2, #20]
 8001968:	f003 4300 	and.w	r3, r3, #2147483648	@ 0x80000000
 800196c:	6153      	str	r3, [r2, #20]
 800196e:	e68d      	b.n	800168c <HAL_PCD_IRQHandler+0xa6>
        hpcd->LPM_State = LPM_L0;
 8001970:	2100      	movs	r1, #0
 8001972:	f884 14cc 	strb.w	r1, [r4, #1228]	@ 0x4cc
        HAL_PCDEx_LPM_Callback(hpcd, PCD_LPM_L0_ACTIVE);
 8001976:	4620      	mov	r0, r4
 8001978:	f000 f93e 	bl	8001bf8 <HAL_PCDEx_LPM_Callback>
 800197c:	e7f2      	b.n	8001964 <HAL_PCD_IRQHandler+0x37e>
        HAL_PCD_SuspendCallback(hpcd);
 800197e:	4620      	mov	r0, r4
 8001980:	f001 ff7e 	bl	8003880 <HAL_PCD_SuspendCallback>
 8001984:	e68d      	b.n	80016a2 <HAL_PCD_IRQHandler+0xbc>
      USBx_DEVICE->DCTL &= ~USB_OTG_DCTL_RWUSIG;
 8001986:	687b      	ldr	r3, [r7, #4]
 8001988:	f023 0301 	bic.w	r3, r3, #1
 800198c:	607b      	str	r3, [r7, #4]
      (void)USB_FlushTxFifo(hpcd->Instance, 0x10U);
 800198e:	2110      	movs	r1, #16
 8001990:	6820      	ldr	r0, [r4, #0]
 8001992:	f000 fe93 	bl	80026bc <USB_FlushTxFifo>
      for (i = 0U; i < hpcd->Init.dev_endpoints; i++)
 8001996:	e01a      	b.n	80019ce <HAL_PCD_IRQHandler+0x3e8>
        USBx_INEP(i)->DIEPINT = 0xFB7FU;
 8001998:	eb05 1346 	add.w	r3, r5, r6, lsl #5
 800199c:	f64f 317f 	movw	r1, #64383	@ 0xfb7f
 80019a0:	f8c3 1908 	str.w	r1, [r3, #2312]	@ 0x908
        USBx_INEP(i)->DIEPCTL &= ~USB_OTG_DIEPCTL_STALL;
 80019a4:	f8d3 2900 	ldr.w	r2, [r3, #2304]	@ 0x900
 80019a8:	f422 1200 	bic.w	r2, r2, #2097152	@ 0x200000
 80019ac:	f8c3 2900 	str.w	r2, [r3, #2304]	@ 0x900
        USBx_OUTEP(i)->DOEPINT = 0xFB7FU;
 80019b0:	f8c3 1b08 	str.w	r1, [r3, #2824]	@ 0xb08
        USBx_OUTEP(i)->DOEPCTL &= ~USB_OTG_DOEPCTL_STALL;
 80019b4:	f8d3 2b00 	ldr.w	r2, [r3, #2816]	@ 0xb00
 80019b8:	f422 1200 	bic.w	r2, r2, #2097152	@ 0x200000
 80019bc:	f8c3 2b00 	str.w	r2, [r3, #2816]	@ 0xb00
        USBx_OUTEP(i)->DOEPCTL |= USB_OTG_DOEPCTL_SNAK;
 80019c0:	f8d3 2b00 	ldr.w	r2, [r3, #2816]	@ 0xb00
 80019c4:	f042 6200 	orr.w	r2, r2, #134217728	@ 0x8000000
 80019c8:	f8c3 2b00 	str.w	r2, [r3, #2816]	@ 0xb00
      for (i = 0U; i < hpcd->Init.dev_endpoints; i++)
 80019cc:	3601      	adds	r6, #1
 80019ce:	7923      	ldrb	r3, [r4, #4]
 80019d0:	42b3      	cmp	r3, r6
 80019d2:	d8e1      	bhi.n	8001998 <HAL_PCD_IRQHandler+0x3b2>
      USBx_DEVICE->DAINTMSK |= 0x10001U;
 80019d4:	69fb      	ldr	r3, [r7, #28]
 80019d6:	f043 1301 	orr.w	r3, r3, #65537	@ 0x10001
 80019da:	61fb      	str	r3, [r7, #28]
      if (hpcd->Init.use_dedicated_ep1 != 0U)
 80019dc:	7be3      	ldrb	r3, [r4, #15]
 80019de:	b1db      	cbz	r3, 8001a18 <HAL_PCD_IRQHandler+0x432>
        USBx_DEVICE->DOUTEP1MSK |= USB_OTG_DOEPMSK_STUPM |
 80019e0:	f8d7 3084 	ldr.w	r3, [r7, #132]	@ 0x84
 80019e4:	f043 030b 	orr.w	r3, r3, #11
 80019e8:	f8c7 3084 	str.w	r3, [r7, #132]	@ 0x84
        USBx_DEVICE->DINEP1MSK |= USB_OTG_DIEPMSK_TOM |
 80019ec:	6c7b      	ldr	r3, [r7, #68]	@ 0x44
 80019ee:	f043 030b 	orr.w	r3, r3, #11
 80019f2:	647b      	str	r3, [r7, #68]	@ 0x44
      USBx_DEVICE->DCFG &= ~USB_OTG_DCFG_DAD;
 80019f4:	f8d5 3800 	ldr.w	r3, [r5, #2048]	@ 0x800
 80019f8:	f423 63fe 	bic.w	r3, r3, #2032	@ 0x7f0
 80019fc:	f8c5 3800 	str.w	r3, [r5, #2048]	@ 0x800
      (void)USB_EP0_OutStart(hpcd->Instance, (uint8_t)hpcd->Init.dma_enable,
 8001a00:	f204 429c 	addw	r2, r4, #1180	@ 0x49c
 8001a04:	79a1      	ldrb	r1, [r4, #6]
 8001a06:	6820      	ldr	r0, [r4, #0]
 8001a08:	f001 faf4 	bl	8002ff4 <USB_EP0_OutStart>
      __HAL_PCD_CLEAR_FLAG(hpcd, USB_OTG_GINTSTS_USBRST);
 8001a0c:	6822      	ldr	r2, [r4, #0]
 8001a0e:	6953      	ldr	r3, [r2, #20]
 8001a10:	f403 5380 	and.w	r3, r3, #4096	@ 0x1000
 8001a14:	6153      	str	r3, [r2, #20]
 8001a16:	e650      	b.n	80016ba <HAL_PCD_IRQHandler+0xd4>
        USBx_DEVICE->DOEPMSK |= USB_OTG_DOEPMSK_STUPM |
 8001a18:	697b      	ldr	r3, [r7, #20]
 8001a1a:	f443 5300 	orr.w	r3, r3, #8192	@ 0x2000
 8001a1e:	f043 032b 	orr.w	r3, r3, #43	@ 0x2b
 8001a22:	617b      	str	r3, [r7, #20]
        USBx_DEVICE->DIEPMSK |= USB_OTG_DIEPMSK_TOM |
 8001a24:	693b      	ldr	r3, [r7, #16]
 8001a26:	f043 030b 	orr.w	r3, r3, #11
 8001a2a:	613b      	str	r3, [r7, #16]
 8001a2c:	e7e2      	b.n	80019f4 <HAL_PCD_IRQHandler+0x40e>
      (void)USB_ActivateSetup(hpcd->Instance);
 8001a2e:	6820      	ldr	r0, [r4, #0]
 8001a30:	f001 fad2 	bl	8002fd8 <USB_ActivateSetup>
      hpcd->Init.speed = USB_GetDevSpeed(hpcd->Instance);
 8001a34:	6820      	ldr	r0, [r4, #0]
 8001a36:	f000 ff5b 	bl	80028f0 <USB_GetDevSpeed>
 8001a3a:	71e0      	strb	r0, [r4, #7]
      (void)USB_SetTurnaroundTime(hpcd->Instance,
 8001a3c:	6826      	ldr	r6, [r4, #0]
 8001a3e:	f000 fbf7 	bl	8002230 <HAL_RCC_GetHCLKFreq>
 8001a42:	4601      	mov	r1, r0
 8001a44:	79e2      	ldrb	r2, [r4, #7]
 8001a46:	4630      	mov	r0, r6
 8001a48:	f000 fdba 	bl	80025c0 <USB_SetTurnaroundTime>
      HAL_PCD_ResetCallback(hpcd);
 8001a4c:	4620      	mov	r0, r4
 8001a4e:	f001 ff02 	bl	8003856 <HAL_PCD_ResetCallback>
      __HAL_PCD_CLEAR_FLAG(hpcd, USB_OTG_GINTSTS_ENUMDNE);
 8001a52:	6822      	ldr	r2, [r4, #0]
 8001a54:	6953      	ldr	r3, [r2, #20]
 8001a56:	f403 5300 	and.w	r3, r3, #8192	@ 0x2000
 8001a5a:	6153      	str	r3, [r2, #20]
 8001a5c:	e634      	b.n	80016c8 <HAL_PCD_IRQHandler+0xe2>
      HAL_PCD_SOFCallback(hpcd);
 8001a5e:	4620      	mov	r0, r4
 8001a60:	f001 fef3 	bl	800384a <HAL_PCD_SOFCallback>
      __HAL_PCD_CLEAR_FLAG(hpcd, USB_OTG_GINTSTS_SOF);
 8001a64:	6822      	ldr	r2, [r4, #0]
 8001a66:	6953      	ldr	r3, [r2, #20]
 8001a68:	f003 0308 	and.w	r3, r3, #8
 8001a6c:	6153      	str	r3, [r2, #20]
 8001a6e:	e632      	b.n	80016d6 <HAL_PCD_IRQHandler+0xf0>
      for (epnum = 1U; epnum < hpcd->Init.dev_endpoints; epnum++)
 8001a70:	3601      	adds	r6, #1
 8001a72:	7923      	ldrb	r3, [r4, #4]
 8001a74:	42b3      	cmp	r3, r6
 8001a76:	d90c      	bls.n	8001a92 <HAL_PCD_IRQHandler+0x4ac>
        if (hpcd->OUT_ep[epnum].is_iso_incomplete == 1U)
 8001a78:	eb06 03c6 	add.w	r3, r6, r6, lsl #3
 8001a7c:	eb04 0383 	add.w	r3, r4, r3, lsl #2
 8001a80:	f893 3257 	ldrb.w	r3, [r3, #599]	@ 0x257
 8001a84:	2b01      	cmp	r3, #1
 8001a86:	d1f3      	bne.n	8001a70 <HAL_PCD_IRQHandler+0x48a>
          (void)HAL_PCD_EP_Abort(hpcd, (uint8_t)epnum);
 8001a88:	b2f1      	uxtb	r1, r6
 8001a8a:	4620      	mov	r0, r4
 8001a8c:	f7ff fd91 	bl	80015b2 <HAL_PCD_EP_Abort>
 8001a90:	e7ee      	b.n	8001a70 <HAL_PCD_IRQHandler+0x48a>
    if (__HAL_PCD_GET_FLAG(hpcd, USB_OTG_GINTSTS_IISOIXFR))
 8001a92:	6820      	ldr	r0, [r4, #0]
 8001a94:	f001 fa3c 	bl	8002f10 <USB_ReadInterrupts>
 8001a98:	f410 1f80 	tst.w	r0, #1048576	@ 0x100000
 8001a9c:	d125      	bne.n	8001aea <HAL_PCD_IRQHandler+0x504>
    if (__HAL_PCD_GET_FLAG(hpcd, USB_OTG_GINTSTS_PXFR_INCOMPISOOUT))
 8001a9e:	6820      	ldr	r0, [r4, #0]
 8001aa0:	f001 fa36 	bl	8002f10 <USB_ReadInterrupts>
 8001aa4:	f410 1f00 	tst.w	r0, #2097152	@ 0x200000
 8001aa8:	d058      	beq.n	8001b5c <HAL_PCD_IRQHandler+0x576>
      for (epnum = 1U; epnum < hpcd->Init.dev_endpoints; epnum++)
 8001aaa:	2301      	movs	r3, #1
 8001aac:	e026      	b.n	8001afc <HAL_PCD_IRQHandler+0x516>
      for (epnum = 1U; epnum < hpcd->Init.dev_endpoints; epnum++)
 8001aae:	3601      	adds	r6, #1
 8001ab0:	7923      	ldrb	r3, [r4, #4]
 8001ab2:	42b3      	cmp	r3, r6
 8001ab4:	d91b      	bls.n	8001aee <HAL_PCD_IRQHandler+0x508>
        RegVal = USBx_INEP(epnum)->DIEPCTL;
 8001ab6:	eb05 1346 	add.w	r3, r5, r6, lsl #5
 8001aba:	f8d3 2900 	ldr.w	r2, [r3, #2304]	@ 0x900
        if ((hpcd->IN_ep[epnum].type == EP_TYPE_ISOC) &&
 8001abe:	eb06 03c6 	add.w	r3, r6, r6, lsl #3
 8001ac2:	eb04 0383 	add.w	r3, r4, r3, lsl #2
 8001ac6:	7e1b      	ldrb	r3, [r3, #24]
 8001ac8:	2b01      	cmp	r3, #1
 8001aca:	d1f0      	bne.n	8001aae <HAL_PCD_IRQHandler+0x4c8>
 8001acc:	2a00      	cmp	r2, #0
 8001ace:	daee      	bge.n	8001aae <HAL_PCD_IRQHandler+0x4c8>
          hpcd->IN_ep[epnum].is_iso_incomplete = 1U;
 8001ad0:	eb06 03c6 	add.w	r3, r6, r6, lsl #3
 8001ad4:	eb04 0383 	add.w	r3, r4, r3, lsl #2
 8001ad8:	2201      	movs	r2, #1
 8001ada:	75da      	strb	r2, [r3, #23]
          (void)HAL_PCD_EP_Abort(hpcd, (uint8_t)(epnum | 0x80U));
 8001adc:	f066 017f 	orn	r1, r6, #127	@ 0x7f
 8001ae0:	b2c9      	uxtb	r1, r1
 8001ae2:	4620      	mov	r0, r4
 8001ae4:	f7ff fd65 	bl	80015b2 <HAL_PCD_EP_Abort>
 8001ae8:	e7e1      	b.n	8001aae <HAL_PCD_IRQHandler+0x4c8>
      for (epnum = 1U; epnum < hpcd->Init.dev_endpoints; epnum++)
 8001aea:	2601      	movs	r6, #1
 8001aec:	e7e0      	b.n	8001ab0 <HAL_PCD_IRQHandler+0x4ca>
      __HAL_PCD_CLEAR_FLAG(hpcd, USB_OTG_GINTSTS_IISOIXFR);
 8001aee:	6822      	ldr	r2, [r4, #0]
 8001af0:	6953      	ldr	r3, [r2, #20]
 8001af2:	f403 1380 	and.w	r3, r3, #1048576	@ 0x100000
 8001af6:	6153      	str	r3, [r2, #20]
 8001af8:	e7d1      	b.n	8001a9e <HAL_PCD_IRQHandler+0x4b8>
      for (epnum = 1U; epnum < hpcd->Init.dev_endpoints; epnum++)
 8001afa:	3301      	adds	r3, #1
 8001afc:	7922      	ldrb	r2, [r4, #4]
 8001afe:	429a      	cmp	r2, r3
 8001b00:	d927      	bls.n	8001b52 <HAL_PCD_IRQHandler+0x56c>
        RegVal = USBx_OUTEP(epnum)->DOEPCTL;
 8001b02:	eb05 1243 	add.w	r2, r5, r3, lsl #5
 8001b06:	f8d2 1b00 	ldr.w	r1, [r2, #2816]	@ 0xb00
        if ((hpcd->OUT_ep[epnum].type == EP_TYPE_ISOC) &&
 8001b0a:	eb03 02c3 	add.w	r2, r3, r3, lsl #3
 8001b0e:	eb04 0282 	add.w	r2, r4, r2, lsl #2
 8001b12:	f892 2258 	ldrb.w	r2, [r2, #600]	@ 0x258
 8001b16:	2a01      	cmp	r2, #1
 8001b18:	d1ef      	bne.n	8001afa <HAL_PCD_IRQHandler+0x514>
 8001b1a:	2900      	cmp	r1, #0
 8001b1c:	daed      	bge.n	8001afa <HAL_PCD_IRQHandler+0x514>
            (((RegVal & (0x1U << 16)) >> 16U) == (hpcd->FrameNumber & 0x1U)))
 8001b1e:	f8d4 24d4 	ldr.w	r2, [r4, #1236]	@ 0x4d4
 8001b22:	ea82 4211 	eor.w	r2, r2, r1, lsr #16
            ((RegVal & USB_OTG_DOEPCTL_EPENA) == USB_OTG_DOEPCTL_EPENA) &&
 8001b26:	f012 0f01 	tst.w	r2, #1
 8001b2a:	d1e6      	bne.n	8001afa <HAL_PCD_IRQHandler+0x514>
          hpcd->OUT_ep[epnum].is_iso_incomplete = 1U;
 8001b2c:	eb03 02c3 	add.w	r2, r3, r3, lsl #3
 8001b30:	eb04 0282 	add.w	r2, r4, r2, lsl #2
 8001b34:	2101      	movs	r1, #1
 8001b36:	f882 1257 	strb.w	r1, [r2, #599]	@ 0x257
          USBx->GINTMSK |= USB_OTG_GINTMSK_GONAKEFFM;
 8001b3a:	69aa      	ldr	r2, [r5, #24]
 8001b3c:	f042 0280 	orr.w	r2, r2, #128	@ 0x80
 8001b40:	61aa      	str	r2, [r5, #24]
          if ((USBx->GINTSTS & USB_OTG_GINTSTS_BOUTNAKEFF) == 0U)
 8001b42:	696a      	ldr	r2, [r5, #20]
 8001b44:	f012 0f80 	tst.w	r2, #128	@ 0x80
 8001b48:	d1d7      	bne.n	8001afa <HAL_PCD_IRQHandler+0x514>
            USBx_DEVICE->DCTL |= USB_OTG_DCTL_SGONAK;
 8001b4a:	687b      	ldr	r3, [r7, #4]
 8001b4c:	f443 7300 	orr.w	r3, r3, #512	@ 0x200
 8001b50:	607b      	str	r3, [r7, #4]
      __HAL_PCD_CLEAR_FLAG(hpcd, USB_OTG_GINTSTS_PXFR_INCOMPISOOUT);
 8001b52:	6822      	ldr	r2, [r4, #0]
 8001b54:	6953      	ldr	r3, [r2, #20]
 8001b56:	f403 1300 	and.w	r3, r3, #2097152	@ 0x200000
 8001b5a:	6153      	str	r3, [r2, #20]
    if (__HAL_PCD_GET_FLAG(hpcd, USB_OTG_GINTSTS_SRQINT))
 8001b5c:	6820      	ldr	r0, [r4, #0]
 8001b5e:	f001 f9d7 	bl	8002f10 <USB_ReadInterrupts>
 8001b62:	f010 4f80 	tst.w	r0, #1073741824	@ 0x40000000
 8001b66:	d110      	bne.n	8001b8a <HAL_PCD_IRQHandler+0x5a4>
    if (__HAL_PCD_GET_FLAG(hpcd, USB_OTG_GINTSTS_OTGINT))
 8001b68:	6820      	ldr	r0, [r4, #0]
 8001b6a:	f001 f9d1 	bl	8002f10 <USB_ReadInterrupts>
 8001b6e:	f010 0f04 	tst.w	r0, #4
 8001b72:	f43f ad41 	beq.w	80015f8 <HAL_PCD_IRQHandler+0x12>
      RegVal = hpcd->Instance->GOTGINT;
 8001b76:	6823      	ldr	r3, [r4, #0]
 8001b78:	685d      	ldr	r5, [r3, #4]
      if ((RegVal & USB_OTG_GOTGINT_SEDET) == USB_OTG_GOTGINT_SEDET)
 8001b7a:	f015 0f04 	tst.w	r5, #4
 8001b7e:	d10d      	bne.n	8001b9c <HAL_PCD_IRQHandler+0x5b6>
      hpcd->Instance->GOTGINT |= RegVal;
 8001b80:	6822      	ldr	r2, [r4, #0]
 8001b82:	6853      	ldr	r3, [r2, #4]
 8001b84:	432b      	orrs	r3, r5
 8001b86:	6053      	str	r3, [r2, #4]
 8001b88:	e536      	b.n	80015f8 <HAL_PCD_IRQHandler+0x12>
      HAL_PCD_ConnectCallback(hpcd);
 8001b8a:	4620      	mov	r0, r4
 8001b8c:	f001 fea2 	bl	80038d4 <HAL_PCD_ConnectCallback>
      __HAL_PCD_CLEAR_FLAG(hpcd, USB_OTG_GINTSTS_SRQINT);
 8001b90:	6822      	ldr	r2, [r4, #0]
 8001b92:	6953      	ldr	r3, [r2, #20]
 8001b94:	f003 4380 	and.w	r3, r3, #1073741824	@ 0x40000000
 8001b98:	6153      	str	r3, [r2, #20]
 8001b9a:	e7e5      	b.n	8001b68 <HAL_PCD_IRQHandler+0x582>
        HAL_PCD_DisconnectCallback(hpcd);
 8001b9c:	4620      	mov	r0, r4
 8001b9e:	f001 fe9f 	bl	80038e0 <HAL_PCD_DisconnectCallback>
 8001ba2:	e7ed      	b.n	8001b80 <HAL_PCD_IRQHandler+0x59a>

08001ba4 <HAL_PCDEx_SetTxFiFo>:
  * @param  fifo The number of Tx fifo
  * @param  size Fifo size
  * @retval HAL status
  */
HAL_StatusTypeDef HAL_PCDEx_SetTxFiFo(PCD_HandleTypeDef *hpcd, uint8_t fifo, uint16_t size)
{
 8001ba4:	b410      	push	{r4}
         --> Txn should be configured with the minimum space of 16 words
     The FIFO is used optimally when used TxFIFOs are allocated in the top
         of the FIFO.Ex: use EP1 and EP2 as IN instead of EP1 and EP3 as IN ones.
     When DMA is used 3n * FIFO locations should be reserved for internal DMA registers */

  Tx_Offset = hpcd->Instance->GRXFSIZ;
 8001ba6:	6804      	ldr	r4, [r0, #0]
 8001ba8:	6a60      	ldr	r0, [r4, #36]	@ 0x24

  if (fifo == 0U)
 8001baa:	b931      	cbnz	r1, 8001bba <HAL_PCDEx_SetTxFiFo+0x16>
  {
    hpcd->Instance->DIEPTXF0_HNPTXFSIZ = ((uint32_t)size << 16) | Tx_Offset;
 8001bac:	ea40 4002 	orr.w	r0, r0, r2, lsl #16
 8001bb0:	62a0      	str	r0, [r4, #40]	@ 0x28
    /* Multiply Tx_Size by 2 to get higher performance */
    hpcd->Instance->DIEPTXF[fifo - 1U] = ((uint32_t)size << 16) | Tx_Offset;
  }

  return HAL_OK;
}
 8001bb2:	2000      	movs	r0, #0
 8001bb4:	f85d 4b04 	ldr.w	r4, [sp], #4
 8001bb8:	4770      	bx	lr
 8001bba:	468c      	mov	ip, r1
    Tx_Offset += (hpcd->Instance->DIEPTXF0_HNPTXFSIZ) >> 16;
 8001bbc:	6aa3      	ldr	r3, [r4, #40]	@ 0x28
 8001bbe:	eb00 4013 	add.w	r0, r0, r3, lsr #16
    for (i = 0U; i < (fifo - 1U); i++)
 8001bc2:	2300      	movs	r3, #0
 8001bc4:	e008      	b.n	8001bd8 <HAL_PCDEx_SetTxFiFo+0x34>
      Tx_Offset += (hpcd->Instance->DIEPTXF[i] >> 16);
 8001bc6:	f103 0140 	add.w	r1, r3, #64	@ 0x40
 8001bca:	eb04 0181 	add.w	r1, r4, r1, lsl #2
 8001bce:	6849      	ldr	r1, [r1, #4]
 8001bd0:	eb00 4011 	add.w	r0, r0, r1, lsr #16
    for (i = 0U; i < (fifo - 1U); i++)
 8001bd4:	3301      	adds	r3, #1
 8001bd6:	b2db      	uxtb	r3, r3
 8001bd8:	f10c 31ff 	add.w	r1, ip, #4294967295	@ 0xffffffff
 8001bdc:	428b      	cmp	r3, r1
 8001bde:	d3f2      	bcc.n	8001bc6 <HAL_PCDEx_SetTxFiFo+0x22>
    hpcd->Instance->DIEPTXF[fifo - 1U] = ((uint32_t)size << 16) | Tx_Offset;
 8001be0:	ea40 4002 	orr.w	r0, r0, r2, lsl #16
 8001be4:	f10c 013f 	add.w	r1, ip, #63	@ 0x3f
 8001be8:	eb04 0481 	add.w	r4, r4, r1, lsl #2
 8001bec:	6060      	str	r0, [r4, #4]
 8001bee:	e7e0      	b.n	8001bb2 <HAL_PCDEx_SetTxFiFo+0xe>

08001bf0 <HAL_PCDEx_SetRxFiFo>:
  * @param  size Size of Rx fifo
  * @retval HAL status
  */
HAL_StatusTypeDef HAL_PCDEx_SetRxFiFo(PCD_HandleTypeDef *hpcd, uint16_t size)
{
  hpcd->Instance->GRXFSIZ = size;
 8001bf0:	6803      	ldr	r3, [r0, #0]
 8001bf2:	6259      	str	r1, [r3, #36]	@ 0x24

  return HAL_OK;
}
 8001bf4:	2000      	movs	r0, #0
 8001bf6:	4770      	bx	lr

08001bf8 <HAL_PCDEx_LPM_Callback>:
  UNUSED(msg);

  /* NOTE : This function should not be modified, when the callback is needed,
            the HAL_PCDEx_LPM_Callback could be implemented in the user file
   */
}
 8001bf8:	4770      	bx	lr
	...

08001bfc <HAL_RCC_OscConfig>:
__weak HAL_StatusTypeDef HAL_RCC_OscConfig(const RCC_OscInitTypeDef  *RCC_OscInitStruct)
{
  uint32_t tickstart;
  uint32_t pll_config;
  /* Check Null pointer */
  if (RCC_OscInitStruct == NULL)
 8001bfc:	2800      	cmp	r0, #0
 8001bfe:	f000 81e0 	beq.w	8001fc2 <HAL_RCC_OscConfig+0x3c6>
{
 8001c02:	b570      	push	{r4, r5, r6, lr}
 8001c04:	b082      	sub	sp, #8
 8001c06:	4604      	mov	r4, r0
  }

  /* Check the parameters */
  assert_param(IS_RCC_OSCILLATORTYPE(RCC_OscInitStruct->OscillatorType));
  /*------------------------------- HSE Configuration ------------------------*/
  if (((RCC_OscInitStruct->OscillatorType) & RCC_OSCILLATORTYPE_HSE) == RCC_OSCILLATORTYPE_HSE)
 8001c08:	6803      	ldr	r3, [r0, #0]
 8001c0a:	f013 0f01 	tst.w	r3, #1
 8001c0e:	d03b      	beq.n	8001c88 <HAL_RCC_OscConfig+0x8c>
  {
    /* Check the parameters */
    assert_param(IS_RCC_HSE(RCC_OscInitStruct->HSEState));
    /* When the HSE is used as system clock or clock source for PLL in these cases HSE will not disabled */
    if ((__HAL_RCC_GET_SYSCLK_SOURCE() == RCC_CFGR_SWS_HSE) || \
 8001c10:	4b9f      	ldr	r3, [pc, #636]	@ (8001e90 <HAL_RCC_OscConfig+0x294>)
 8001c12:	689b      	ldr	r3, [r3, #8]
 8001c14:	f003 030c 	and.w	r3, r3, #12
 8001c18:	2b04      	cmp	r3, #4
 8001c1a:	d02c      	beq.n	8001c76 <HAL_RCC_OscConfig+0x7a>
        ((__HAL_RCC_GET_SYSCLK_SOURCE() == RCC_CFGR_SWS_PLL) && ((RCC->PLLCFGR & RCC_PLLCFGR_PLLSRC) == RCC_PLLCFGR_PLLSRC_HSE)))
 8001c1c:	4b9c      	ldr	r3, [pc, #624]	@ (8001e90 <HAL_RCC_OscConfig+0x294>)
 8001c1e:	689b      	ldr	r3, [r3, #8]
 8001c20:	f003 030c 	and.w	r3, r3, #12
    if ((__HAL_RCC_GET_SYSCLK_SOURCE() == RCC_CFGR_SWS_HSE) || \
 8001c24:	2b08      	cmp	r3, #8
 8001c26:	d021      	beq.n	8001c6c <HAL_RCC_OscConfig+0x70>
      }
    }
    else
    {
      /* Set the new HSE configuration ---------------------------------------*/
      __HAL_RCC_HSE_CONFIG(RCC_OscInitStruct->HSEState);
 8001c28:	6863      	ldr	r3, [r4, #4]
 8001c2a:	f5b3 3f80 	cmp.w	r3, #65536	@ 0x10000
 8001c2e:	d04f      	beq.n	8001cd0 <HAL_RCC_OscConfig+0xd4>
 8001c30:	f5b3 2fa0 	cmp.w	r3, #327680	@ 0x50000
 8001c34:	d052      	beq.n	8001cdc <HAL_RCC_OscConfig+0xe0>
 8001c36:	4b96      	ldr	r3, [pc, #600]	@ (8001e90 <HAL_RCC_OscConfig+0x294>)
 8001c38:	681a      	ldr	r2, [r3, #0]
 8001c3a:	f422 3280 	bic.w	r2, r2, #65536	@ 0x10000
 8001c3e:	601a      	str	r2, [r3, #0]
 8001c40:	681a      	ldr	r2, [r3, #0]
 8001c42:	f422 2280 	bic.w	r2, r2, #262144	@ 0x40000
 8001c46:	601a      	str	r2, [r3, #0]

      /* Check the HSE State */
      if ((RCC_OscInitStruct->HSEState) != RCC_HSE_OFF)
 8001c48:	6863      	ldr	r3, [r4, #4]
 8001c4a:	2b00      	cmp	r3, #0
 8001c4c:	d050      	beq.n	8001cf0 <HAL_RCC_OscConfig+0xf4>
      {
        /* Get Start Tick */
        tickstart = HAL_GetTick();
 8001c4e:	f7fe ff13 	bl	8000a78 <HAL_GetTick>
 8001c52:	4605      	mov	r5, r0

        /* Wait till HSE is ready */
        while (__HAL_RCC_GET_FLAG(RCC_FLAG_HSERDY) == RESET)
 8001c54:	4b8e      	ldr	r3, [pc, #568]	@ (8001e90 <HAL_RCC_OscConfig+0x294>)
 8001c56:	681b      	ldr	r3, [r3, #0]
 8001c58:	f413 3f00 	tst.w	r3, #131072	@ 0x20000
 8001c5c:	d114      	bne.n	8001c88 <HAL_RCC_OscConfig+0x8c>
        {
          if ((HAL_GetTick() - tickstart) > HSE_TIMEOUT_VALUE)
 8001c5e:	f7fe ff0b 	bl	8000a78 <HAL_GetTick>
 8001c62:	1b40      	subs	r0, r0, r5
 8001c64:	2864      	cmp	r0, #100	@ 0x64
 8001c66:	d9f5      	bls.n	8001c54 <HAL_RCC_OscConfig+0x58>
          {
            return HAL_TIMEOUT;
 8001c68:	2003      	movs	r0, #3
 8001c6a:	e1b1      	b.n	8001fd0 <HAL_RCC_OscConfig+0x3d4>
        ((__HAL_RCC_GET_SYSCLK_SOURCE() == RCC_CFGR_SWS_PLL) && ((RCC->PLLCFGR & RCC_PLLCFGR_PLLSRC) == RCC_PLLCFGR_PLLSRC_HSE)))
 8001c6c:	4b88      	ldr	r3, [pc, #544]	@ (8001e90 <HAL_RCC_OscConfig+0x294>)
 8001c6e:	685b      	ldr	r3, [r3, #4]
 8001c70:	f413 0f80 	tst.w	r3, #4194304	@ 0x400000
 8001c74:	d0d8      	beq.n	8001c28 <HAL_RCC_OscConfig+0x2c>
      if ((__HAL_RCC_GET_FLAG(RCC_FLAG_HSERDY) != RESET) && (RCC_OscInitStruct->HSEState == RCC_HSE_OFF))
 8001c76:	4b86      	ldr	r3, [pc, #536]	@ (8001e90 <HAL_RCC_OscConfig+0x294>)
 8001c78:	681b      	ldr	r3, [r3, #0]
 8001c7a:	f413 3f00 	tst.w	r3, #131072	@ 0x20000
 8001c7e:	d003      	beq.n	8001c88 <HAL_RCC_OscConfig+0x8c>
 8001c80:	6863      	ldr	r3, [r4, #4]
 8001c82:	2b00      	cmp	r3, #0
 8001c84:	f000 819f 	beq.w	8001fc6 <HAL_RCC_OscConfig+0x3ca>
        }
      }
    }
  }
  /*----------------------------- HSI Configuration --------------------------*/
  if (((RCC_OscInitStruct->OscillatorType) & RCC_OSCILLATORTYPE_HSI) == RCC_OSCILLATORTYPE_HSI)
 8001c88:	6823      	ldr	r3, [r4, #0]
 8001c8a:	f013 0f02 	tst.w	r3, #2
 8001c8e:	d054      	beq.n	8001d3a <HAL_RCC_OscConfig+0x13e>
    /* Check the parameters */
    assert_param(IS_RCC_HSI(RCC_OscInitStruct->HSIState));
    assert_param(IS_RCC_CALIBRATION_VALUE(RCC_OscInitStruct->HSICalibrationValue));

    /* Check if HSI is used as system clock or as PLL source when PLL is selected as system clock */
    if ((__HAL_RCC_GET_SYSCLK_SOURCE() == RCC_CFGR_SWS_HSI) || \
 8001c90:	4b7f      	ldr	r3, [pc, #508]	@ (8001e90 <HAL_RCC_OscConfig+0x294>)
 8001c92:	689b      	ldr	r3, [r3, #8]
 8001c94:	f013 0f0c 	tst.w	r3, #12
 8001c98:	d03e      	beq.n	8001d18 <HAL_RCC_OscConfig+0x11c>
        ((__HAL_RCC_GET_SYSCLK_SOURCE() == RCC_CFGR_SWS_PLL) && ((RCC->PLLCFGR & RCC_PLLCFGR_PLLSRC) == RCC_PLLCFGR_PLLSRC_HSI)))
 8001c9a:	4b7d      	ldr	r3, [pc, #500]	@ (8001e90 <HAL_RCC_OscConfig+0x294>)
 8001c9c:	689b      	ldr	r3, [r3, #8]
 8001c9e:	f003 030c 	and.w	r3, r3, #12
    if ((__HAL_RCC_GET_SYSCLK_SOURCE() == RCC_CFGR_SWS_HSI) || \
 8001ca2:	2b08      	cmp	r3, #8
 8001ca4:	d033      	beq.n	8001d0e <HAL_RCC_OscConfig+0x112>
      }
    }
    else
    {
      /* Check the HSI State */
      if ((RCC_OscInitStruct->HSIState) != RCC_HSI_OFF)
 8001ca6:	68e3      	ldr	r3, [r4, #12]
 8001ca8:	2b00      	cmp	r3, #0
 8001caa:	d068      	beq.n	8001d7e <HAL_RCC_OscConfig+0x182>
      {
        /* Enable the Internal High Speed oscillator (HSI). */
        __HAL_RCC_HSI_ENABLE();
 8001cac:	4b79      	ldr	r3, [pc, #484]	@ (8001e94 <HAL_RCC_OscConfig+0x298>)
 8001cae:	2201      	movs	r2, #1
 8001cb0:	601a      	str	r2, [r3, #0]

        /* Get Start Tick*/
        tickstart = HAL_GetTick();
 8001cb2:	f7fe fee1 	bl	8000a78 <HAL_GetTick>
 8001cb6:	4605      	mov	r5, r0

        /* Wait till HSI is ready */
        while (__HAL_RCC_GET_FLAG(RCC_FLAG_HSIRDY) == RESET)
 8001cb8:	4b75      	ldr	r3, [pc, #468]	@ (8001e90 <HAL_RCC_OscConfig+0x294>)
 8001cba:	681b      	ldr	r3, [r3, #0]
 8001cbc:	f013 0f02 	tst.w	r3, #2
 8001cc0:	d154      	bne.n	8001d6c <HAL_RCC_OscConfig+0x170>
        {
          if ((HAL_GetTick() - tickstart) > HSI_TIMEOUT_VALUE)
 8001cc2:	f7fe fed9 	bl	8000a78 <HAL_GetTick>
 8001cc6:	1b40      	subs	r0, r0, r5
 8001cc8:	2802      	cmp	r0, #2
 8001cca:	d9f5      	bls.n	8001cb8 <HAL_RCC_OscConfig+0xbc>
          {
            return HAL_TIMEOUT;
 8001ccc:	2003      	movs	r0, #3
 8001cce:	e17f      	b.n	8001fd0 <HAL_RCC_OscConfig+0x3d4>
      __HAL_RCC_HSE_CONFIG(RCC_OscInitStruct->HSEState);
 8001cd0:	4a6f      	ldr	r2, [pc, #444]	@ (8001e90 <HAL_RCC_OscConfig+0x294>)
 8001cd2:	6813      	ldr	r3, [r2, #0]
 8001cd4:	f443 3380 	orr.w	r3, r3, #65536	@ 0x10000
 8001cd8:	6013      	str	r3, [r2, #0]
 8001cda:	e7b5      	b.n	8001c48 <HAL_RCC_OscConfig+0x4c>
 8001cdc:	4b6c      	ldr	r3, [pc, #432]	@ (8001e90 <HAL_RCC_OscConfig+0x294>)
 8001cde:	681a      	ldr	r2, [r3, #0]
 8001ce0:	f442 2280 	orr.w	r2, r2, #262144	@ 0x40000
 8001ce4:	601a      	str	r2, [r3, #0]
 8001ce6:	681a      	ldr	r2, [r3, #0]
 8001ce8:	f442 3280 	orr.w	r2, r2, #65536	@ 0x10000
 8001cec:	601a      	str	r2, [r3, #0]
 8001cee:	e7ab      	b.n	8001c48 <HAL_RCC_OscConfig+0x4c>
        tickstart = HAL_GetTick();
 8001cf0:	f7fe fec2 	bl	8000a78 <HAL_GetTick>
 8001cf4:	4605      	mov	r5, r0
        while (__HAL_RCC_GET_FLAG(RCC_FLAG_HSERDY) != RESET)
 8001cf6:	4b66      	ldr	r3, [pc, #408]	@ (8001e90 <HAL_RCC_OscConfig+0x294>)
 8001cf8:	681b      	ldr	r3, [r3, #0]
 8001cfa:	f413 3f00 	tst.w	r3, #131072	@ 0x20000
 8001cfe:	d0c3      	beq.n	8001c88 <HAL_RCC_OscConfig+0x8c>
          if ((HAL_GetTick() - tickstart) > HSE_TIMEOUT_VALUE)
 8001d00:	f7fe feba 	bl	8000a78 <HAL_GetTick>
 8001d04:	1b40      	subs	r0, r0, r5
 8001d06:	2864      	cmp	r0, #100	@ 0x64
 8001d08:	d9f5      	bls.n	8001cf6 <HAL_RCC_OscConfig+0xfa>
            return HAL_TIMEOUT;
 8001d0a:	2003      	movs	r0, #3
 8001d0c:	e160      	b.n	8001fd0 <HAL_RCC_OscConfig+0x3d4>
        ((__HAL_RCC_GET_SYSCLK_SOURCE() == RCC_CFGR_SWS_PLL) && ((RCC->PLLCFGR & RCC_PLLCFGR_PLLSRC) == RCC_PLLCFGR_PLLSRC_HSI)))
 8001d0e:	4b60      	ldr	r3, [pc, #384]	@ (8001e90 <HAL_RCC_OscConfig+0x294>)
 8001d10:	685b      	ldr	r3, [r3, #4]
 8001d12:	f413 0f80 	tst.w	r3, #4194304	@ 0x400000
 8001d16:	d1c6      	bne.n	8001ca6 <HAL_RCC_OscConfig+0xaa>
      if ((__HAL_RCC_GET_FLAG(RCC_FLAG_HSIRDY) != RESET) && (RCC_OscInitStruct->HSIState != RCC_HSI_ON))
 8001d18:	4b5d      	ldr	r3, [pc, #372]	@ (8001e90 <HAL_RCC_OscConfig+0x294>)
 8001d1a:	681b      	ldr	r3, [r3, #0]
 8001d1c:	f013 0f02 	tst.w	r3, #2
 8001d20:	d003      	beq.n	8001d2a <HAL_RCC_OscConfig+0x12e>
 8001d22:	68e3      	ldr	r3, [r4, #12]
 8001d24:	2b01      	cmp	r3, #1
 8001d26:	f040 8150 	bne.w	8001fca <HAL_RCC_OscConfig+0x3ce>
        __HAL_RCC_HSI_CALIBRATIONVALUE_ADJUST(RCC_OscInitStruct->HSICalibrationValue);
 8001d2a:	4a59      	ldr	r2, [pc, #356]	@ (8001e90 <HAL_RCC_OscConfig+0x294>)
 8001d2c:	6813      	ldr	r3, [r2, #0]
 8001d2e:	f023 03f8 	bic.w	r3, r3, #248	@ 0xf8
 8001d32:	6921      	ldr	r1, [r4, #16]
 8001d34:	ea43 03c1 	orr.w	r3, r3, r1, lsl #3
 8001d38:	6013      	str	r3, [r2, #0]
        }
      }
    }
  }
  /*------------------------------ LSI Configuration -------------------------*/
  if (((RCC_OscInitStruct->OscillatorType) & RCC_OSCILLATORTYPE_LSI) == RCC_OSCILLATORTYPE_LSI)
 8001d3a:	6823      	ldr	r3, [r4, #0]
 8001d3c:	f013 0f08 	tst.w	r3, #8
 8001d40:	d042      	beq.n	8001dc8 <HAL_RCC_OscConfig+0x1cc>
  {
    /* Check the parameters */
    assert_param(IS_RCC_LSI(RCC_OscInitStruct->LSIState));

    /* Check the LSI State */
    if ((RCC_OscInitStruct->LSIState) != RCC_LSI_OFF)
 8001d42:	6963      	ldr	r3, [r4, #20]
 8001d44:	b36b      	cbz	r3, 8001da2 <HAL_RCC_OscConfig+0x1a6>
    {
      /* Enable the Internal Low Speed oscillator (LSI). */
      __HAL_RCC_LSI_ENABLE();
 8001d46:	4b53      	ldr	r3, [pc, #332]	@ (8001e94 <HAL_RCC_OscConfig+0x298>)
 8001d48:	2201      	movs	r2, #1
 8001d4a:	f8c3 2e80 	str.w	r2, [r3, #3712]	@ 0xe80

      /* Get Start Tick*/
      tickstart = HAL_GetTick();
 8001d4e:	f7fe fe93 	bl	8000a78 <HAL_GetTick>
 8001d52:	4605      	mov	r5, r0

      /* Wait till LSI is ready */
      while (__HAL_RCC_GET_FLAG(RCC_FLAG_LSIRDY) == RESET)
 8001d54:	4b4e      	ldr	r3, [pc, #312]	@ (8001e90 <HAL_RCC_OscConfig+0x294>)
 8001d56:	6f5b      	ldr	r3, [r3, #116]	@ 0x74
 8001d58:	f013 0f02 	tst.w	r3, #2
 8001d5c:	d134      	bne.n	8001dc8 <HAL_RCC_OscConfig+0x1cc>
      {
        if ((HAL_GetTick() - tickstart) > LSI_TIMEOUT_VALUE)
 8001d5e:	f7fe fe8b 	bl	8000a78 <HAL_GetTick>
 8001d62:	1b40      	subs	r0, r0, r5
 8001d64:	2802      	cmp	r0, #2
 8001d66:	d9f5      	bls.n	8001d54 <HAL_RCC_OscConfig+0x158>
        {
          return HAL_TIMEOUT;
 8001d68:	2003      	movs	r0, #3
 8001d6a:	e131      	b.n	8001fd0 <HAL_RCC_OscConfig+0x3d4>
        __HAL_RCC_HSI_CALIBRATIONVALUE_ADJUST(RCC_OscInitStruct->HSICalibrationValue);
 8001d6c:	4a48      	ldr	r2, [pc, #288]	@ (8001e90 <HAL_RCC_OscConfig+0x294>)
 8001d6e:	6813      	ldr	r3, [r2, #0]
 8001d70:	f023 03f8 	bic.w	r3, r3, #248	@ 0xf8
 8001d74:	6921      	ldr	r1, [r4, #16]
 8001d76:	ea43 03c1 	orr.w	r3, r3, r1, lsl #3
 8001d7a:	6013      	str	r3, [r2, #0]
 8001d7c:	e7dd      	b.n	8001d3a <HAL_RCC_OscConfig+0x13e>
        __HAL_RCC_HSI_DISABLE();
 8001d7e:	4b45      	ldr	r3, [pc, #276]	@ (8001e94 <HAL_RCC_OscConfig+0x298>)
 8001d80:	2200      	movs	r2, #0
 8001d82:	601a      	str	r2, [r3, #0]
        tickstart = HAL_GetTick();
 8001d84:	f7fe fe78 	bl	8000a78 <HAL_GetTick>
 8001d88:	4605      	mov	r5, r0
        while (__HAL_RCC_GET_FLAG(RCC_FLAG_HSIRDY) != RESET)
 8001d8a:	4b41      	ldr	r3, [pc, #260]	@ (8001e90 <HAL_RCC_OscConfig+0x294>)
 8001d8c:	681b      	ldr	r3, [r3, #0]
 8001d8e:	f013 0f02 	tst.w	r3, #2
 8001d92:	d0d2      	beq.n	8001d3a <HAL_RCC_OscConfig+0x13e>
          if ((HAL_GetTick() - tickstart) > HSI_TIMEOUT_VALUE)
 8001d94:	f7fe fe70 	bl	8000a78 <HAL_GetTick>
 8001d98:	1b40      	subs	r0, r0, r5
 8001d9a:	2802      	cmp	r0, #2
 8001d9c:	d9f5      	bls.n	8001d8a <HAL_RCC_OscConfig+0x18e>
            return HAL_TIMEOUT;
 8001d9e:	2003      	movs	r0, #3
 8001da0:	e116      	b.n	8001fd0 <HAL_RCC_OscConfig+0x3d4>
      }
    }
    else
    {
      /* Disable the Internal Low Speed oscillator (LSI). */
      __HAL_RCC_LSI_DISABLE();
 8001da2:	4b3c      	ldr	r3, [pc, #240]	@ (8001e94 <HAL_RCC_OscConfig+0x298>)
 8001da4:	2200      	movs	r2, #0
 8001da6:	f8c3 2e80 	str.w	r2, [r3, #3712]	@ 0xe80

      /* Get Start Tick */
      tickstart = HAL_GetTick();
 8001daa:	f7fe fe65 	bl	8000a78 <HAL_GetTick>
 8001dae:	4605      	mov	r5, r0

      /* Wait till LSI is ready */
      while (__HAL_RCC_GET_FLAG(RCC_FLAG_LSIRDY) != RESET)
 8001db0:	4b37      	ldr	r3, [pc, #220]	@ (8001e90 <HAL_RCC_OscConfig+0x294>)
 8001db2:	6f5b      	ldr	r3, [r3, #116]	@ 0x74
 8001db4:	f013 0f02 	tst.w	r3, #2
 8001db8:	d006      	beq.n	8001dc8 <HAL_RCC_OscConfig+0x1cc>
      {
        if ((HAL_GetTick() - tickstart) > LSI_TIMEOUT_VALUE)
 8001dba:	f7fe fe5d 	bl	8000a78 <HAL_GetTick>
 8001dbe:	1b40      	subs	r0, r0, r5
 8001dc0:	2802      	cmp	r0, #2
 8001dc2:	d9f5      	bls.n	8001db0 <HAL_RCC_OscConfig+0x1b4>
        {
          return HAL_TIMEOUT;
 8001dc4:	2003      	movs	r0, #3
 8001dc6:	e103      	b.n	8001fd0 <HAL_RCC_OscConfig+0x3d4>
        }
      }
    }
  }
  /*------------------------------ LSE Configuration -------------------------*/
  if (((RCC_OscInitStruct->OscillatorType) & RCC_OSCILLATORTYPE_LSE) == RCC_OSCILLATORTYPE_LSE)
 8001dc8:	6823      	ldr	r3, [r4, #0]
 8001dca:	f013 0f04 	tst.w	r3, #4
 8001dce:	d077      	beq.n	8001ec0 <HAL_RCC_OscConfig+0x2c4>
    /* Check the parameters */
    assert_param(IS_RCC_LSE(RCC_OscInitStruct->LSEState));

    /* Update LSE configuration in Backup Domain control register    */
    /* Requires to enable write access to Backup Domain of necessary */
    if (__HAL_RCC_PWR_IS_CLK_DISABLED())
 8001dd0:	4b2f      	ldr	r3, [pc, #188]	@ (8001e90 <HAL_RCC_OscConfig+0x294>)
 8001dd2:	6c1b      	ldr	r3, [r3, #64]	@ 0x40
 8001dd4:	f013 5f80 	tst.w	r3, #268435456	@ 0x10000000
 8001dd8:	d133      	bne.n	8001e42 <HAL_RCC_OscConfig+0x246>
    {
      __HAL_RCC_PWR_CLK_ENABLE();
 8001dda:	2300      	movs	r3, #0
 8001ddc:	9301      	str	r3, [sp, #4]
 8001dde:	4b2c      	ldr	r3, [pc, #176]	@ (8001e90 <HAL_RCC_OscConfig+0x294>)
 8001de0:	6c1a      	ldr	r2, [r3, #64]	@ 0x40
 8001de2:	f042 5280 	orr.w	r2, r2, #268435456	@ 0x10000000
 8001de6:	641a      	str	r2, [r3, #64]	@ 0x40
 8001de8:	6c1b      	ldr	r3, [r3, #64]	@ 0x40
 8001dea:	f003 5380 	and.w	r3, r3, #268435456	@ 0x10000000
 8001dee:	9301      	str	r3, [sp, #4]
 8001df0:	9b01      	ldr	r3, [sp, #4]
      pwrclkchanged = SET;
 8001df2:	2501      	movs	r5, #1
    }

    if (HAL_IS_BIT_CLR(PWR->CR, PWR_CR_DBP))
 8001df4:	4b28      	ldr	r3, [pc, #160]	@ (8001e98 <HAL_RCC_OscConfig+0x29c>)
 8001df6:	681b      	ldr	r3, [r3, #0]
 8001df8:	f413 7f80 	tst.w	r3, #256	@ 0x100
 8001dfc:	d023      	beq.n	8001e46 <HAL_RCC_OscConfig+0x24a>
        }
      }
    }

    /* Set the new LSE configuration -----------------------------------------*/
    __HAL_RCC_LSE_CONFIG(RCC_OscInitStruct->LSEState);
 8001dfe:	68a3      	ldr	r3, [r4, #8]
 8001e00:	2b01      	cmp	r3, #1
 8001e02:	d034      	beq.n	8001e6e <HAL_RCC_OscConfig+0x272>
 8001e04:	2b05      	cmp	r3, #5
 8001e06:	d038      	beq.n	8001e7a <HAL_RCC_OscConfig+0x27e>
 8001e08:	4b21      	ldr	r3, [pc, #132]	@ (8001e90 <HAL_RCC_OscConfig+0x294>)
 8001e0a:	6f1a      	ldr	r2, [r3, #112]	@ 0x70
 8001e0c:	f022 0201 	bic.w	r2, r2, #1
 8001e10:	671a      	str	r2, [r3, #112]	@ 0x70
 8001e12:	6f1a      	ldr	r2, [r3, #112]	@ 0x70
 8001e14:	f022 0204 	bic.w	r2, r2, #4
 8001e18:	671a      	str	r2, [r3, #112]	@ 0x70
    /* Check the LSE State */
    if ((RCC_OscInitStruct->LSEState) != RCC_LSE_OFF)
 8001e1a:	68a3      	ldr	r3, [r4, #8]
 8001e1c:	2b00      	cmp	r3, #0
 8001e1e:	d03d      	beq.n	8001e9c <HAL_RCC_OscConfig+0x2a0>
    {
      /* Get Start Tick*/
      tickstart = HAL_GetTick();
 8001e20:	f7fe fe2a 	bl	8000a78 <HAL_GetTick>
 8001e24:	4606      	mov	r6, r0

      /* Wait till LSE is ready */
      while (__HAL_RCC_GET_FLAG(RCC_FLAG_LSERDY) == RESET)
 8001e26:	4b1a      	ldr	r3, [pc, #104]	@ (8001e90 <HAL_RCC_OscConfig+0x294>)
 8001e28:	6f1b      	ldr	r3, [r3, #112]	@ 0x70
 8001e2a:	f013 0f02 	tst.w	r3, #2
 8001e2e:	d146      	bne.n	8001ebe <HAL_RCC_OscConfig+0x2c2>
      {
        if ((HAL_GetTick() - tickstart) > RCC_LSE_TIMEOUT_VALUE)
 8001e30:	f7fe fe22 	bl	8000a78 <HAL_GetTick>
 8001e34:	1b80      	subs	r0, r0, r6
 8001e36:	f241 3388 	movw	r3, #5000	@ 0x1388
 8001e3a:	4298      	cmp	r0, r3
 8001e3c:	d9f3      	bls.n	8001e26 <HAL_RCC_OscConfig+0x22a>
        {
          return HAL_TIMEOUT;
 8001e3e:	2003      	movs	r0, #3
 8001e40:	e0c6      	b.n	8001fd0 <HAL_RCC_OscConfig+0x3d4>
    FlagStatus       pwrclkchanged = RESET;
 8001e42:	2500      	movs	r5, #0
 8001e44:	e7d6      	b.n	8001df4 <HAL_RCC_OscConfig+0x1f8>
      SET_BIT(PWR->CR, PWR_CR_DBP);
 8001e46:	4a14      	ldr	r2, [pc, #80]	@ (8001e98 <HAL_RCC_OscConfig+0x29c>)
 8001e48:	6813      	ldr	r3, [r2, #0]
 8001e4a:	f443 7380 	orr.w	r3, r3, #256	@ 0x100
 8001e4e:	6013      	str	r3, [r2, #0]
      tickstart = HAL_GetTick();
 8001e50:	f7fe fe12 	bl	8000a78 <HAL_GetTick>
 8001e54:	4606      	mov	r6, r0
      while (HAL_IS_BIT_CLR(PWR->CR, PWR_CR_DBP))
 8001e56:	4b10      	ldr	r3, [pc, #64]	@ (8001e98 <HAL_RCC_OscConfig+0x29c>)
 8001e58:	681b      	ldr	r3, [r3, #0]
 8001e5a:	f413 7f80 	tst.w	r3, #256	@ 0x100
 8001e5e:	d1ce      	bne.n	8001dfe <HAL_RCC_OscConfig+0x202>
        if ((HAL_GetTick() - tickstart) > RCC_DBP_TIMEOUT_VALUE)
 8001e60:	f7fe fe0a 	bl	8000a78 <HAL_GetTick>
 8001e64:	1b80      	subs	r0, r0, r6
 8001e66:	2802      	cmp	r0, #2
 8001e68:	d9f5      	bls.n	8001e56 <HAL_RCC_OscConfig+0x25a>
          return HAL_TIMEOUT;
 8001e6a:	2003      	movs	r0, #3
 8001e6c:	e0b0      	b.n	8001fd0 <HAL_RCC_OscConfig+0x3d4>
    __HAL_RCC_LSE_CONFIG(RCC_OscInitStruct->LSEState);
 8001e6e:	4a08      	ldr	r2, [pc, #32]	@ (8001e90 <HAL_RCC_OscConfig+0x294>)
 8001e70:	6f13      	ldr	r3, [r2, #112]	@ 0x70
 8001e72:	f043 0301 	orr.w	r3, r3, #1
 8001e76:	6713      	str	r3, [r2, #112]	@ 0x70
 8001e78:	e7cf      	b.n	8001e1a <HAL_RCC_OscConfig+0x21e>
 8001e7a:	4b05      	ldr	r3, [pc, #20]	@ (8001e90 <HAL_RCC_OscConfig+0x294>)
 8001e7c:	6f1a      	ldr	r2, [r3, #112]	@ 0x70
 8001e7e:	f042 0204 	orr.w	r2, r2, #4
 8001e82:	671a      	str	r2, [r3, #112]	@ 0x70
 8001e84:	6f1a      	ldr	r2, [r3, #112]	@ 0x70
 8001e86:	f042 0201 	orr.w	r2, r2, #1
 8001e8a:	671a      	str	r2, [r3, #112]	@ 0x70
 8001e8c:	e7c5      	b.n	8001e1a <HAL_RCC_OscConfig+0x21e>
 8001e8e:	bf00      	nop
 8001e90:	40023800 	.word	0x40023800
 8001e94:	42470000 	.word	0x42470000
 8001e98:	40007000 	.word	0x40007000
      }
    }
    else
    {
      /* Get Start Tick */
      tickstart = HAL_GetTick();
 8001e9c:	f7fe fdec 	bl	8000a78 <HAL_GetTick>
 8001ea0:	4606      	mov	r6, r0

      /* Wait till LSE is ready */
      while (__HAL_RCC_GET_FLAG(RCC_FLAG_LSERDY) != RESET)
 8001ea2:	4b52      	ldr	r3, [pc, #328]	@ (8001fec <HAL_RCC_OscConfig+0x3f0>)
 8001ea4:	6f1b      	ldr	r3, [r3, #112]	@ 0x70
 8001ea6:	f013 0f02 	tst.w	r3, #2
 8001eaa:	d008      	beq.n	8001ebe <HAL_RCC_OscConfig+0x2c2>
      {
        if ((HAL_GetTick() - tickstart) > RCC_LSE_TIMEOUT_VALUE)
 8001eac:	f7fe fde4 	bl	8000a78 <HAL_GetTick>
 8001eb0:	1b80      	subs	r0, r0, r6
 8001eb2:	f241 3388 	movw	r3, #5000	@ 0x1388
 8001eb6:	4298      	cmp	r0, r3
 8001eb8:	d9f3      	bls.n	8001ea2 <HAL_RCC_OscConfig+0x2a6>
        {
          return HAL_TIMEOUT;
 8001eba:	2003      	movs	r0, #3
 8001ebc:	e088      	b.n	8001fd0 <HAL_RCC_OscConfig+0x3d4>
        }
      }
    }

    /* Restore clock configuration if changed */
    if (pwrclkchanged == SET)
 8001ebe:	b9ed      	cbnz	r5, 8001efc <HAL_RCC_OscConfig+0x300>
    }
  }
  /*-------------------------------- PLL Configuration -----------------------*/
  /* Check the parameters */
  assert_param(IS_RCC_PLL(RCC_OscInitStruct->PLL.PLLState));
  if ((RCC_OscInitStruct->PLL.PLLState) != RCC_PLL_NONE)
 8001ec0:	69a3      	ldr	r3, [r4, #24]
 8001ec2:	2b00      	cmp	r3, #0
 8001ec4:	f000 8083 	beq.w	8001fce <HAL_RCC_OscConfig+0x3d2>
  {
    /* Check if the PLL is used as system clock or not */
    if (__HAL_RCC_GET_SYSCLK_SOURCE() != RCC_CFGR_SWS_PLL)
 8001ec8:	4a48      	ldr	r2, [pc, #288]	@ (8001fec <HAL_RCC_OscConfig+0x3f0>)
 8001eca:	6892      	ldr	r2, [r2, #8]
 8001ecc:	f002 020c 	and.w	r2, r2, #12
 8001ed0:	2a08      	cmp	r2, #8
 8001ed2:	d051      	beq.n	8001f78 <HAL_RCC_OscConfig+0x37c>
    {
      if ((RCC_OscInitStruct->PLL.PLLState) == RCC_PLL_ON)
 8001ed4:	2b02      	cmp	r3, #2
 8001ed6:	d017      	beq.n	8001f08 <HAL_RCC_OscConfig+0x30c>
        }
      }
      else
      {
        /* Disable the main PLL. */
        __HAL_RCC_PLL_DISABLE();
 8001ed8:	4b45      	ldr	r3, [pc, #276]	@ (8001ff0 <HAL_RCC_OscConfig+0x3f4>)
 8001eda:	2200      	movs	r2, #0
 8001edc:	661a      	str	r2, [r3, #96]	@ 0x60

        /* Get Start Tick */
        tickstart = HAL_GetTick();
 8001ede:	f7fe fdcb 	bl	8000a78 <HAL_GetTick>
 8001ee2:	4604      	mov	r4, r0

        /* Wait till PLL is disabled */
        while (__HAL_RCC_GET_FLAG(RCC_FLAG_PLLRDY) != RESET)
 8001ee4:	4b41      	ldr	r3, [pc, #260]	@ (8001fec <HAL_RCC_OscConfig+0x3f0>)
 8001ee6:	681b      	ldr	r3, [r3, #0]
 8001ee8:	f013 7f00 	tst.w	r3, #33554432	@ 0x2000000
 8001eec:	d042      	beq.n	8001f74 <HAL_RCC_OscConfig+0x378>
        {
          if ((HAL_GetTick() - tickstart) > PLL_TIMEOUT_VALUE)
 8001eee:	f7fe fdc3 	bl	8000a78 <HAL_GetTick>
 8001ef2:	1b00      	subs	r0, r0, r4
 8001ef4:	2802      	cmp	r0, #2
 8001ef6:	d9f5      	bls.n	8001ee4 <HAL_RCC_OscConfig+0x2e8>
          {
            return HAL_TIMEOUT;
 8001ef8:	2003      	movs	r0, #3
 8001efa:	e069      	b.n	8001fd0 <HAL_RCC_OscConfig+0x3d4>
      __HAL_RCC_PWR_CLK_DISABLE();
 8001efc:	4a3b      	ldr	r2, [pc, #236]	@ (8001fec <HAL_RCC_OscConfig+0x3f0>)
 8001efe:	6c13      	ldr	r3, [r2, #64]	@ 0x40
 8001f00:	f023 5380 	bic.w	r3, r3, #268435456	@ 0x10000000
 8001f04:	6413      	str	r3, [r2, #64]	@ 0x40
 8001f06:	e7db      	b.n	8001ec0 <HAL_RCC_OscConfig+0x2c4>
        __HAL_RCC_PLL_DISABLE();
 8001f08:	4b39      	ldr	r3, [pc, #228]	@ (8001ff0 <HAL_RCC_OscConfig+0x3f4>)
 8001f0a:	2200      	movs	r2, #0
 8001f0c:	661a      	str	r2, [r3, #96]	@ 0x60
        tickstart = HAL_GetTick();
 8001f0e:	f7fe fdb3 	bl	8000a78 <HAL_GetTick>
 8001f12:	4605      	mov	r5, r0
        while (__HAL_RCC_GET_FLAG(RCC_FLAG_PLLRDY) != RESET)
 8001f14:	4b35      	ldr	r3, [pc, #212]	@ (8001fec <HAL_RCC_OscConfig+0x3f0>)
 8001f16:	681b      	ldr	r3, [r3, #0]
 8001f18:	f013 7f00 	tst.w	r3, #33554432	@ 0x2000000
 8001f1c:	d006      	beq.n	8001f2c <HAL_RCC_OscConfig+0x330>
          if ((HAL_GetTick() - tickstart) > PLL_TIMEOUT_VALUE)
 8001f1e:	f7fe fdab 	bl	8000a78 <HAL_GetTick>
 8001f22:	1b40      	subs	r0, r0, r5
 8001f24:	2802      	cmp	r0, #2
 8001f26:	d9f5      	bls.n	8001f14 <HAL_RCC_OscConfig+0x318>
            return HAL_TIMEOUT;
 8001f28:	2003      	movs	r0, #3
 8001f2a:	e051      	b.n	8001fd0 <HAL_RCC_OscConfig+0x3d4>
        WRITE_REG(RCC->PLLCFGR, (RCC_OscInitStruct->PLL.PLLSource                                            | \
 8001f2c:	69e3      	ldr	r3, [r4, #28]
 8001f2e:	6a22      	ldr	r2, [r4, #32]
 8001f30:	4313      	orrs	r3, r2
 8001f32:	6a62      	ldr	r2, [r4, #36]	@ 0x24
 8001f34:	ea43 1382 	orr.w	r3, r3, r2, lsl #6
 8001f38:	6aa2      	ldr	r2, [r4, #40]	@ 0x28
 8001f3a:	0852      	lsrs	r2, r2, #1
 8001f3c:	3a01      	subs	r2, #1
 8001f3e:	ea43 4302 	orr.w	r3, r3, r2, lsl #16
 8001f42:	6ae2      	ldr	r2, [r4, #44]	@ 0x2c
 8001f44:	ea43 6302 	orr.w	r3, r3, r2, lsl #24
 8001f48:	4a28      	ldr	r2, [pc, #160]	@ (8001fec <HAL_RCC_OscConfig+0x3f0>)
 8001f4a:	6053      	str	r3, [r2, #4]
        __HAL_RCC_PLL_ENABLE();
 8001f4c:	4b28      	ldr	r3, [pc, #160]	@ (8001ff0 <HAL_RCC_OscConfig+0x3f4>)
 8001f4e:	2201      	movs	r2, #1
 8001f50:	661a      	str	r2, [r3, #96]	@ 0x60
        tickstart = HAL_GetTick();
 8001f52:	f7fe fd91 	bl	8000a78 <HAL_GetTick>
 8001f56:	4604      	mov	r4, r0
        while (__HAL_RCC_GET_FLAG(RCC_FLAG_PLLRDY) == RESET)
 8001f58:	4b24      	ldr	r3, [pc, #144]	@ (8001fec <HAL_RCC_OscConfig+0x3f0>)
 8001f5a:	681b      	ldr	r3, [r3, #0]
 8001f5c:	f013 7f00 	tst.w	r3, #33554432	@ 0x2000000
 8001f60:	d106      	bne.n	8001f70 <HAL_RCC_OscConfig+0x374>
          if ((HAL_GetTick() - tickstart) > PLL_TIMEOUT_VALUE)
 8001f62:	f7fe fd89 	bl	8000a78 <HAL_GetTick>
 8001f66:	1b00      	subs	r0, r0, r4
 8001f68:	2802      	cmp	r0, #2
 8001f6a:	d9f5      	bls.n	8001f58 <HAL_RCC_OscConfig+0x35c>
            return HAL_TIMEOUT;
 8001f6c:	2003      	movs	r0, #3
 8001f6e:	e02f      	b.n	8001fd0 <HAL_RCC_OscConfig+0x3d4>
          return HAL_ERROR;
        }
      }
    }
  }
  return HAL_OK;
 8001f70:	2000      	movs	r0, #0
 8001f72:	e02d      	b.n	8001fd0 <HAL_RCC_OscConfig+0x3d4>
 8001f74:	2000      	movs	r0, #0
 8001f76:	e02b      	b.n	8001fd0 <HAL_RCC_OscConfig+0x3d4>
      if ((RCC_OscInitStruct->PLL.PLLState) == RCC_PLL_OFF)
 8001f78:	2b01      	cmp	r3, #1
 8001f7a:	d02b      	beq.n	8001fd4 <HAL_RCC_OscConfig+0x3d8>
        pll_config = RCC->PLLCFGR;
 8001f7c:	4b1b      	ldr	r3, [pc, #108]	@ (8001fec <HAL_RCC_OscConfig+0x3f0>)
 8001f7e:	685b      	ldr	r3, [r3, #4]
            (READ_BIT(pll_config, RCC_PLLCFGR_PLLSRC) != RCC_OscInitStruct->PLL.PLLSource) ||
 8001f80:	f403 0180 	and.w	r1, r3, #4194304	@ 0x400000
 8001f84:	69e2      	ldr	r2, [r4, #28]
        if (((RCC_OscInitStruct->PLL.PLLState) == RCC_PLL_OFF) ||
 8001f86:	4291      	cmp	r1, r2
 8001f88:	d126      	bne.n	8001fd8 <HAL_RCC_OscConfig+0x3dc>
            (READ_BIT(pll_config, RCC_PLLCFGR_PLLM) != (RCC_OscInitStruct->PLL.PLLM) << RCC_PLLCFGR_PLLM_Pos) ||
 8001f8a:	f003 023f 	and.w	r2, r3, #63	@ 0x3f
 8001f8e:	6a21      	ldr	r1, [r4, #32]
            (READ_BIT(pll_config, RCC_PLLCFGR_PLLSRC) != RCC_OscInitStruct->PLL.PLLSource) ||
 8001f90:	428a      	cmp	r2, r1
 8001f92:	d123      	bne.n	8001fdc <HAL_RCC_OscConfig+0x3e0>
            (READ_BIT(pll_config, RCC_PLLCFGR_PLLN) != (RCC_OscInitStruct->PLL.PLLN) << RCC_PLLCFGR_PLLN_Pos) ||
 8001f94:	6a61      	ldr	r1, [r4, #36]	@ 0x24
            (READ_BIT(pll_config, RCC_PLLCFGR_PLLM) != (RCC_OscInitStruct->PLL.PLLM) << RCC_PLLCFGR_PLLM_Pos) ||
 8001f96:	f647 72c0 	movw	r2, #32704	@ 0x7fc0
 8001f9a:	401a      	ands	r2, r3
 8001f9c:	ebb2 1f81 	cmp.w	r2, r1, lsl #6
 8001fa0:	d11e      	bne.n	8001fe0 <HAL_RCC_OscConfig+0x3e4>
            (READ_BIT(pll_config, RCC_PLLCFGR_PLLP) != (((RCC_OscInitStruct->PLL.PLLP >> 1U) - 1U)) << RCC_PLLCFGR_PLLP_Pos) ||
 8001fa2:	f403 3140 	and.w	r1, r3, #196608	@ 0x30000
 8001fa6:	6aa2      	ldr	r2, [r4, #40]	@ 0x28
 8001fa8:	0852      	lsrs	r2, r2, #1
 8001faa:	3a01      	subs	r2, #1
            (READ_BIT(pll_config, RCC_PLLCFGR_PLLN) != (RCC_OscInitStruct->PLL.PLLN) << RCC_PLLCFGR_PLLN_Pos) ||
 8001fac:	ebb1 4f02 	cmp.w	r1, r2, lsl #16
 8001fb0:	d118      	bne.n	8001fe4 <HAL_RCC_OscConfig+0x3e8>
            (READ_BIT(pll_config, RCC_PLLCFGR_PLLQ) != (RCC_OscInitStruct->PLL.PLLQ << RCC_PLLCFGR_PLLQ_Pos)))
 8001fb2:	f003 6370 	and.w	r3, r3, #251658240	@ 0xf000000
 8001fb6:	6ae2      	ldr	r2, [r4, #44]	@ 0x2c
            (READ_BIT(pll_config, RCC_PLLCFGR_PLLP) != (((RCC_OscInitStruct->PLL.PLLP >> 1U) - 1U)) << RCC_PLLCFGR_PLLP_Pos) ||
 8001fb8:	ebb3 6f02 	cmp.w	r3, r2, lsl #24
 8001fbc:	d114      	bne.n	8001fe8 <HAL_RCC_OscConfig+0x3ec>
  return HAL_OK;
 8001fbe:	2000      	movs	r0, #0
 8001fc0:	e006      	b.n	8001fd0 <HAL_RCC_OscConfig+0x3d4>
    return HAL_ERROR;
 8001fc2:	2001      	movs	r0, #1
}
 8001fc4:	4770      	bx	lr
        return HAL_ERROR;
 8001fc6:	2001      	movs	r0, #1
 8001fc8:	e002      	b.n	8001fd0 <HAL_RCC_OscConfig+0x3d4>
        return HAL_ERROR;
 8001fca:	2001      	movs	r0, #1
 8001fcc:	e000      	b.n	8001fd0 <HAL_RCC_OscConfig+0x3d4>
  return HAL_OK;
 8001fce:	2000      	movs	r0, #0
}
 8001fd0:	b002      	add	sp, #8
 8001fd2:	bd70      	pop	{r4, r5, r6, pc}
        return HAL_ERROR;
 8001fd4:	2001      	movs	r0, #1
 8001fd6:	e7fb      	b.n	8001fd0 <HAL_RCC_OscConfig+0x3d4>
          return HAL_ERROR;
 8001fd8:	2001      	movs	r0, #1
 8001fda:	e7f9      	b.n	8001fd0 <HAL_RCC_OscConfig+0x3d4>
 8001fdc:	2001      	movs	r0, #1
 8001fde:	e7f7      	b.n	8001fd0 <HAL_RCC_OscConfig+0x3d4>
 8001fe0:	2001      	movs	r0, #1
 8001fe2:	e7f5      	b.n	8001fd0 <HAL_RCC_OscConfig+0x3d4>
 8001fe4:	2001      	movs	r0, #1
 8001fe6:	e7f3      	b.n	8001fd0 <HAL_RCC_OscConfig+0x3d4>
 8001fe8:	2001      	movs	r0, #1
 8001fea:	e7f1      	b.n	8001fd0 <HAL_RCC_OscConfig+0x3d4>
 8001fec:	40023800 	.word	0x40023800
 8001ff0:	42470000 	.word	0x42470000

08001ff4 <HAL_RCC_GetSysClockFreq>:
  *
  *
  * @retval SYSCLK frequency
  */
__weak uint32_t HAL_RCC_GetSysClockFreq(void)
{
 8001ff4:	b508      	push	{r3, lr}
  uint32_t pllvco = 0U;
  uint32_t pllp = 0U;
  uint32_t sysclockfreq = 0U;

  /* Get SYSCLK source -------------------------------------------------------*/
  switch (RCC->CFGR & RCC_CFGR_SWS)
 8001ff6:	4b33      	ldr	r3, [pc, #204]	@ (80020c4 <HAL_RCC_GetSysClockFreq+0xd0>)
 8001ff8:	689b      	ldr	r3, [r3, #8]
 8001ffa:	f003 030c 	and.w	r3, r3, #12
 8001ffe:	2b04      	cmp	r3, #4
 8002000:	d05b      	beq.n	80020ba <HAL_RCC_GetSysClockFreq+0xc6>
 8002002:	2b08      	cmp	r3, #8
 8002004:	d15b      	bne.n	80020be <HAL_RCC_GetSysClockFreq+0xca>
    }
    case RCC_CFGR_SWS_PLL:  /* PLL used as system clock  source */
    {
      /* PLL_VCO = (HSE_VALUE or HSI_VALUE / PLLM) * PLLN
      SYSCLK = PLL_VCO / PLLP */
      pllm = RCC->PLLCFGR & RCC_PLLCFGR_PLLM;
 8002006:	4b2f      	ldr	r3, [pc, #188]	@ (80020c4 <HAL_RCC_GetSysClockFreq+0xd0>)
 8002008:	685a      	ldr	r2, [r3, #4]
 800200a:	f002 023f 	and.w	r2, r2, #63	@ 0x3f
      if (__HAL_RCC_GET_PLL_OSCSOURCE() != RCC_PLLSOURCE_HSI)
 800200e:	685b      	ldr	r3, [r3, #4]
 8002010:	f413 0f80 	tst.w	r3, #4194304	@ 0x400000
 8002014:	d02c      	beq.n	8002070 <HAL_RCC_GetSysClockFreq+0x7c>
      {
        /* HSE used as PLL clock source */
        pllvco = (uint32_t)((((uint64_t) HSE_VALUE * ((uint64_t)((RCC->PLLCFGR & RCC_PLLCFGR_PLLN) >> RCC_PLLCFGR_PLLN_Pos)))) / (uint64_t)pllm);
 8002016:	4b2b      	ldr	r3, [pc, #172]	@ (80020c4 <HAL_RCC_GetSysClockFreq+0xd0>)
 8002018:	6858      	ldr	r0, [r3, #4]
 800201a:	f3c0 1088 	ubfx	r0, r0, #6, #9
 800201e:	ea4f 1c40 	mov.w	ip, r0, lsl #5
 8002022:	ebbc 0c00 	subs.w	ip, ip, r0
 8002026:	eb6e 0e0e 	sbc.w	lr, lr, lr
 800202a:	ea4f 138e 	mov.w	r3, lr, lsl #6
 800202e:	ea43 639c 	orr.w	r3, r3, ip, lsr #26
 8002032:	ea4f 118c 	mov.w	r1, ip, lsl #6
 8002036:	ebb1 010c 	subs.w	r1, r1, ip
 800203a:	eb63 030e 	sbc.w	r3, r3, lr
 800203e:	00db      	lsls	r3, r3, #3
 8002040:	ea43 7351 	orr.w	r3, r3, r1, lsr #29
 8002044:	00c9      	lsls	r1, r1, #3
 8002046:	eb11 0c00 	adds.w	ip, r1, r0
 800204a:	f143 0300 	adc.w	r3, r3, #0
 800204e:	0259      	lsls	r1, r3, #9
 8002050:	2300      	movs	r3, #0
 8002052:	ea4f 204c 	mov.w	r0, ip, lsl #9
 8002056:	ea41 51dc 	orr.w	r1, r1, ip, lsr #23
 800205a:	f7fe f953 	bl	8000304 <__aeabi_uldivmod>
      else
      {
        /* HSI used as PLL clock source */
        pllvco = (uint32_t)((((uint64_t) HSI_VALUE * ((uint64_t)((RCC->PLLCFGR & RCC_PLLCFGR_PLLN) >> RCC_PLLCFGR_PLLN_Pos)))) / (uint64_t)pllm);
      }
      pllp = ((((RCC->PLLCFGR & RCC_PLLCFGR_PLLP) >> RCC_PLLCFGR_PLLP_Pos) + 1U) * 2U);
 800205e:	4b19      	ldr	r3, [pc, #100]	@ (80020c4 <HAL_RCC_GetSysClockFreq+0xd0>)
 8002060:	685b      	ldr	r3, [r3, #4]
 8002062:	f3c3 4301 	ubfx	r3, r3, #16, #2
 8002066:	3301      	adds	r3, #1
 8002068:	005b      	lsls	r3, r3, #1

      sysclockfreq = pllvco / pllp;
 800206a:	fbb0 f0f3 	udiv	r0, r0, r3
      sysclockfreq = HSI_VALUE;
      break;
    }
  }
  return sysclockfreq;
}
 800206e:	bd08      	pop	{r3, pc}
        pllvco = (uint32_t)((((uint64_t) HSI_VALUE * ((uint64_t)((RCC->PLLCFGR & RCC_PLLCFGR_PLLN) >> RCC_PLLCFGR_PLLN_Pos)))) / (uint64_t)pllm);
 8002070:	4b14      	ldr	r3, [pc, #80]	@ (80020c4 <HAL_RCC_GetSysClockFreq+0xd0>)
 8002072:	6858      	ldr	r0, [r3, #4]
 8002074:	f3c0 1088 	ubfx	r0, r0, #6, #9
 8002078:	ea4f 1c40 	mov.w	ip, r0, lsl #5
 800207c:	ebbc 0c00 	subs.w	ip, ip, r0
 8002080:	eb6e 0e0e 	sbc.w	lr, lr, lr
 8002084:	ea4f 138e 	mov.w	r3, lr, lsl #6
 8002088:	ea43 639c 	orr.w	r3, r3, ip, lsr #26
 800208c:	ea4f 118c 	mov.w	r1, ip, lsl #6
 8002090:	ebb1 010c 	subs.w	r1, r1, ip
 8002094:	eb63 030e 	sbc.w	r3, r3, lr
 8002098:	00db      	lsls	r3, r3, #3
 800209a:	ea43 7351 	orr.w	r3, r3, r1, lsr #29
 800209e:	00c9      	lsls	r1, r1, #3
 80020a0:	eb11 0c00 	adds.w	ip, r1, r0
 80020a4:	f143 0300 	adc.w	r3, r3, #0
 80020a8:	0299      	lsls	r1, r3, #10
 80020aa:	2300      	movs	r3, #0
 80020ac:	ea4f 208c 	mov.w	r0, ip, lsl #10
 80020b0:	ea41 519c 	orr.w	r1, r1, ip, lsr #22
 80020b4:	f7fe f926 	bl	8000304 <__aeabi_uldivmod>
 80020b8:	e7d1      	b.n	800205e <HAL_RCC_GetSysClockFreq+0x6a>
      sysclockfreq = HSE_VALUE;
 80020ba:	4803      	ldr	r0, [pc, #12]	@ (80020c8 <HAL_RCC_GetSysClockFreq+0xd4>)
 80020bc:	e7d7      	b.n	800206e <HAL_RCC_GetSysClockFreq+0x7a>
  switch (RCC->CFGR & RCC_CFGR_SWS)
 80020be:	4803      	ldr	r0, [pc, #12]	@ (80020cc <HAL_RCC_GetSysClockFreq+0xd8>)
  return sysclockfreq;
 80020c0:	e7d5      	b.n	800206e <HAL_RCC_GetSysClockFreq+0x7a>
 80020c2:	bf00      	nop
 80020c4:	40023800 	.word	0x40023800
 80020c8:	007a1200 	.word	0x007a1200
 80020cc:	00f42400 	.word	0x00f42400

080020d0 <HAL_RCC_ClockConfig>:
  if (RCC_ClkInitStruct == NULL)
 80020d0:	2800      	cmp	r0, #0
 80020d2:	f000 809b 	beq.w	800220c <HAL_RCC_ClockConfig+0x13c>
{
 80020d6:	b570      	push	{r4, r5, r6, lr}
 80020d8:	460d      	mov	r5, r1
 80020da:	4604      	mov	r4, r0
  if (FLatency > __HAL_FLASH_GET_LATENCY())
 80020dc:	4b4f      	ldr	r3, [pc, #316]	@ (800221c <HAL_RCC_ClockConfig+0x14c>)
 80020de:	681b      	ldr	r3, [r3, #0]
 80020e0:	f003 0307 	and.w	r3, r3, #7
 80020e4:	428b      	cmp	r3, r1
 80020e6:	d208      	bcs.n	80020fa <HAL_RCC_ClockConfig+0x2a>
    __HAL_FLASH_SET_LATENCY(FLatency);
 80020e8:	b2cb      	uxtb	r3, r1
 80020ea:	4a4c      	ldr	r2, [pc, #304]	@ (800221c <HAL_RCC_ClockConfig+0x14c>)
 80020ec:	7013      	strb	r3, [r2, #0]
    if (__HAL_FLASH_GET_LATENCY() != FLatency)
 80020ee:	6813      	ldr	r3, [r2, #0]
 80020f0:	f003 0307 	and.w	r3, r3, #7
 80020f4:	428b      	cmp	r3, r1
 80020f6:	f040 808b 	bne.w	8002210 <HAL_RCC_ClockConfig+0x140>
  if (((RCC_ClkInitStruct->ClockType) & RCC_CLOCKTYPE_HCLK) == RCC_CLOCKTYPE_HCLK)
 80020fa:	6823      	ldr	r3, [r4, #0]
 80020fc:	f013 0f02 	tst.w	r3, #2
 8002100:	d017      	beq.n	8002132 <HAL_RCC_ClockConfig+0x62>
    if (((RCC_ClkInitStruct->ClockType) & RCC_CLOCKTYPE_PCLK1) == RCC_CLOCKTYPE_PCLK1)
 8002102:	f013 0f04 	tst.w	r3, #4
 8002106:	d004      	beq.n	8002112 <HAL_RCC_ClockConfig+0x42>
      MODIFY_REG(RCC->CFGR, RCC_CFGR_PPRE1, RCC_HCLK_DIV16);
 8002108:	4a45      	ldr	r2, [pc, #276]	@ (8002220 <HAL_RCC_ClockConfig+0x150>)
 800210a:	6893      	ldr	r3, [r2, #8]
 800210c:	f443 53e0 	orr.w	r3, r3, #7168	@ 0x1c00
 8002110:	6093      	str	r3, [r2, #8]
    if (((RCC_ClkInitStruct->ClockType) & RCC_CLOCKTYPE_PCLK2) == RCC_CLOCKTYPE_PCLK2)
 8002112:	6823      	ldr	r3, [r4, #0]
 8002114:	f013 0f08 	tst.w	r3, #8
 8002118:	d004      	beq.n	8002124 <HAL_RCC_ClockConfig+0x54>
      MODIFY_REG(RCC->CFGR, RCC_CFGR_PPRE2, (RCC_HCLK_DIV16 << 3));
 800211a:	4a41      	ldr	r2, [pc, #260]	@ (8002220 <HAL_RCC_ClockConfig+0x150>)
 800211c:	6893      	ldr	r3, [r2, #8]
 800211e:	f443 4360 	orr.w	r3, r3, #57344	@ 0xe000
 8002122:	6093      	str	r3, [r2, #8]
    MODIFY_REG(RCC->CFGR, RCC_CFGR_HPRE, RCC_ClkInitStruct->AHBCLKDivider);
 8002124:	4a3e      	ldr	r2, [pc, #248]	@ (8002220 <HAL_RCC_ClockConfig+0x150>)
 8002126:	6893      	ldr	r3, [r2, #8]
 8002128:	f023 03f0 	bic.w	r3, r3, #240	@ 0xf0
 800212c:	68a1      	ldr	r1, [r4, #8]
 800212e:	430b      	orrs	r3, r1
 8002130:	6093      	str	r3, [r2, #8]
  if (((RCC_ClkInitStruct->ClockType) & RCC_CLOCKTYPE_SYSCLK) == RCC_CLOCKTYPE_SYSCLK)
 8002132:	6823      	ldr	r3, [r4, #0]
 8002134:	f013 0f01 	tst.w	r3, #1
 8002138:	d032      	beq.n	80021a0 <HAL_RCC_ClockConfig+0xd0>
    if (RCC_ClkInitStruct->SYSCLKSource == RCC_SYSCLKSOURCE_HSE)
 800213a:	6863      	ldr	r3, [r4, #4]
 800213c:	2b01      	cmp	r3, #1
 800213e:	d021      	beq.n	8002184 <HAL_RCC_ClockConfig+0xb4>
    else if ((RCC_ClkInitStruct->SYSCLKSource == RCC_SYSCLKSOURCE_PLLCLK)   ||
 8002140:	1e9a      	subs	r2, r3, #2
 8002142:	2a01      	cmp	r2, #1
 8002144:	d925      	bls.n	8002192 <HAL_RCC_ClockConfig+0xc2>
      if (__HAL_RCC_GET_FLAG(RCC_FLAG_HSIRDY) == RESET)
 8002146:	4a36      	ldr	r2, [pc, #216]	@ (8002220 <HAL_RCC_ClockConfig+0x150>)
 8002148:	6812      	ldr	r2, [r2, #0]
 800214a:	f012 0f02 	tst.w	r2, #2
 800214e:	d061      	beq.n	8002214 <HAL_RCC_ClockConfig+0x144>
    __HAL_RCC_SYSCLK_CONFIG(RCC_ClkInitStruct->SYSCLKSource);
 8002150:	4933      	ldr	r1, [pc, #204]	@ (8002220 <HAL_RCC_ClockConfig+0x150>)
 8002152:	688a      	ldr	r2, [r1, #8]
 8002154:	f022 0203 	bic.w	r2, r2, #3
 8002158:	4313      	orrs	r3, r2
 800215a:	608b      	str	r3, [r1, #8]
    tickstart = HAL_GetTick();
 800215c:	f7fe fc8c 	bl	8000a78 <HAL_GetTick>
 8002160:	4606      	mov	r6, r0
    while (__HAL_RCC_GET_SYSCLK_SOURCE() != (RCC_ClkInitStruct->SYSCLKSource << RCC_CFGR_SWS_Pos))
 8002162:	4b2f      	ldr	r3, [pc, #188]	@ (8002220 <HAL_RCC_ClockConfig+0x150>)
 8002164:	689b      	ldr	r3, [r3, #8]
 8002166:	f003 030c 	and.w	r3, r3, #12
 800216a:	6862      	ldr	r2, [r4, #4]
 800216c:	ebb3 0f82 	cmp.w	r3, r2, lsl #2
 8002170:	d016      	beq.n	80021a0 <HAL_RCC_ClockConfig+0xd0>
      if ((HAL_GetTick() - tickstart) > CLOCKSWITCH_TIMEOUT_VALUE)
 8002172:	f7fe fc81 	bl	8000a78 <HAL_GetTick>
 8002176:	1b80      	subs	r0, r0, r6
 8002178:	f241 3388 	movw	r3, #5000	@ 0x1388
 800217c:	4298      	cmp	r0, r3
 800217e:	d9f0      	bls.n	8002162 <HAL_RCC_ClockConfig+0x92>
        return HAL_TIMEOUT;
 8002180:	2003      	movs	r0, #3
 8002182:	e042      	b.n	800220a <HAL_RCC_ClockConfig+0x13a>
      if (__HAL_RCC_GET_FLAG(RCC_FLAG_HSERDY) == RESET)
 8002184:	4a26      	ldr	r2, [pc, #152]	@ (8002220 <HAL_RCC_ClockConfig+0x150>)
 8002186:	6812      	ldr	r2, [r2, #0]
 8002188:	f412 3f00 	tst.w	r2, #131072	@ 0x20000
 800218c:	d1e0      	bne.n	8002150 <HAL_RCC_ClockConfig+0x80>
        return HAL_ERROR;
 800218e:	2001      	movs	r0, #1
 8002190:	e03b      	b.n	800220a <HAL_RCC_ClockConfig+0x13a>
      if (__HAL_RCC_GET_FLAG(RCC_FLAG_PLLRDY) == RESET)
 8002192:	4a23      	ldr	r2, [pc, #140]	@ (8002220 <HAL_RCC_ClockConfig+0x150>)
 8002194:	6812      	ldr	r2, [r2, #0]
 8002196:	f012 7f00 	tst.w	r2, #33554432	@ 0x2000000
 800219a:	d1d9      	bne.n	8002150 <HAL_RCC_ClockConfig+0x80>
        return HAL_ERROR;
 800219c:	2001      	movs	r0, #1
 800219e:	e034      	b.n	800220a <HAL_RCC_ClockConfig+0x13a>
  if (FLatency < __HAL_FLASH_GET_LATENCY())
 80021a0:	4b1e      	ldr	r3, [pc, #120]	@ (800221c <HAL_RCC_ClockConfig+0x14c>)
 80021a2:	681b      	ldr	r3, [r3, #0]
 80021a4:	f003 0307 	and.w	r3, r3, #7
 80021a8:	42ab      	cmp	r3, r5
 80021aa:	d907      	bls.n	80021bc <HAL_RCC_ClockConfig+0xec>
    __HAL_FLASH_SET_LATENCY(FLatency);
 80021ac:	b2ea      	uxtb	r2, r5
 80021ae:	4b1b      	ldr	r3, [pc, #108]	@ (800221c <HAL_RCC_ClockConfig+0x14c>)
 80021b0:	701a      	strb	r2, [r3, #0]
    if (__HAL_FLASH_GET_LATENCY() != FLatency)
 80021b2:	681b      	ldr	r3, [r3, #0]
 80021b4:	f003 0307 	and.w	r3, r3, #7
 80021b8:	42ab      	cmp	r3, r5
 80021ba:	d12d      	bne.n	8002218 <HAL_RCC_ClockConfig+0x148>
  if (((RCC_ClkInitStruct->ClockType) & RCC_CLOCKTYPE_PCLK1) == RCC_CLOCKTYPE_PCLK1)
 80021bc:	6823      	ldr	r3, [r4, #0]
 80021be:	f013 0f04 	tst.w	r3, #4
 80021c2:	d006      	beq.n	80021d2 <HAL_RCC_ClockConfig+0x102>
    MODIFY_REG(RCC->CFGR, RCC_CFGR_PPRE1, RCC_ClkInitStruct->APB1CLKDivider);
 80021c4:	4a16      	ldr	r2, [pc, #88]	@ (8002220 <HAL_RCC_ClockConfig+0x150>)
 80021c6:	6893      	ldr	r3, [r2, #8]
 80021c8:	f423 53e0 	bic.w	r3, r3, #7168	@ 0x1c00
 80021cc:	68e1      	ldr	r1, [r4, #12]
 80021ce:	430b      	orrs	r3, r1
 80021d0:	6093      	str	r3, [r2, #8]
  if (((RCC_ClkInitStruct->ClockType) & RCC_CLOCKTYPE_PCLK2) == RCC_CLOCKTYPE_PCLK2)
 80021d2:	6823      	ldr	r3, [r4, #0]
 80021d4:	f013 0f08 	tst.w	r3, #8
 80021d8:	d007      	beq.n	80021ea <HAL_RCC_ClockConfig+0x11a>
    MODIFY_REG(RCC->CFGR, RCC_CFGR_PPRE2, ((RCC_ClkInitStruct->APB2CLKDivider) << 3U));
 80021da:	4a11      	ldr	r2, [pc, #68]	@ (8002220 <HAL_RCC_ClockConfig+0x150>)
 80021dc:	6893      	ldr	r3, [r2, #8]
 80021de:	f423 4360 	bic.w	r3, r3, #57344	@ 0xe000
 80021e2:	6921      	ldr	r1, [r4, #16]
 80021e4:	ea43 03c1 	orr.w	r3, r3, r1, lsl #3
 80021e8:	6093      	str	r3, [r2, #8]
  SystemCoreClock = HAL_RCC_GetSysClockFreq() >> AHBPrescTable[(RCC->CFGR & RCC_CFGR_HPRE) >> RCC_CFGR_HPRE_Pos];
 80021ea:	f7ff ff03 	bl	8001ff4 <HAL_RCC_GetSysClockFreq>
 80021ee:	4b0c      	ldr	r3, [pc, #48]	@ (8002220 <HAL_RCC_ClockConfig+0x150>)
 80021f0:	689b      	ldr	r3, [r3, #8]
 80021f2:	f3c3 1303 	ubfx	r3, r3, #4, #4
 80021f6:	4a0b      	ldr	r2, [pc, #44]	@ (8002224 <HAL_RCC_ClockConfig+0x154>)
 80021f8:	5cd3      	ldrb	r3, [r2, r3]
 80021fa:	40d8      	lsrs	r0, r3
 80021fc:	4b0a      	ldr	r3, [pc, #40]	@ (8002228 <HAL_RCC_ClockConfig+0x158>)
 80021fe:	6018      	str	r0, [r3, #0]
  HAL_InitTick(uwTickPrio);
 8002200:	4b0a      	ldr	r3, [pc, #40]	@ (800222c <HAL_RCC_ClockConfig+0x15c>)
 8002202:	6818      	ldr	r0, [r3, #0]
 8002204:	f7fe fbec 	bl	80009e0 <HAL_InitTick>
  return HAL_OK;
 8002208:	2000      	movs	r0, #0
}
 800220a:	bd70      	pop	{r4, r5, r6, pc}
    return HAL_ERROR;
 800220c:	2001      	movs	r0, #1
}
 800220e:	4770      	bx	lr
      return HAL_ERROR;
 8002210:	2001      	movs	r0, #1
 8002212:	e7fa      	b.n	800220a <HAL_RCC_ClockConfig+0x13a>
        return HAL_ERROR;
 8002214:	2001      	movs	r0, #1
 8002216:	e7f8      	b.n	800220a <HAL_RCC_ClockConfig+0x13a>
      return HAL_ERROR;
 8002218:	2001      	movs	r0, #1
 800221a:	e7f6      	b.n	800220a <HAL_RCC_ClockConfig+0x13a>
 800221c:	40023c00 	.word	0x40023c00
 8002220:	40023800 	.word	0x40023800
 8002224:	080047b8 	.word	0x080047b8
 8002228:	20000008 	.word	0x20000008
 800222c:	20000004 	.word	0x20000004

08002230 <HAL_RCC_GetHCLKFreq>:
  * @retval HCLK frequency
  */
uint32_t HAL_RCC_GetHCLKFreq(void)
{
  return SystemCoreClock;
}
 8002230:	4b01      	ldr	r3, [pc, #4]	@ (8002238 <HAL_RCC_GetHCLKFreq+0x8>)
 8002232:	6818      	ldr	r0, [r3, #0]
 8002234:	4770      	bx	lr
 8002236:	bf00      	nop
 8002238:	20000008 	.word	0x20000008

0800223c <HAL_RCC_GetPCLK1Freq>:
  * @note   Each time PCLK1 changes, this function must be called to update the
  *         right PCLK1 value. Otherwise, any configuration based on this function will be incorrect.
  * @retval PCLK1 frequency
  */
uint32_t HAL_RCC_GetPCLK1Freq(void)
{
 800223c:	b508      	push	{r3, lr}
  /* Get HCLK source and Compute PCLK1 frequency ---------------------------*/
  return (HAL_RCC_GetHCLKFreq() >> APBPrescTable[(RCC->CFGR & RCC_CFGR_PPRE1) >> RCC_CFGR_PPRE1_Pos]);
 800223e:	f7ff fff7 	bl	8002230 <HAL_RCC_GetHCLKFreq>
 8002242:	4b04      	ldr	r3, [pc, #16]	@ (8002254 <HAL_RCC_GetPCLK1Freq+0x18>)
 8002244:	689b      	ldr	r3, [r3, #8]
 8002246:	f3c3 2382 	ubfx	r3, r3, #10, #3
 800224a:	4a03      	ldr	r2, [pc, #12]	@ (8002258 <HAL_RCC_GetPCLK1Freq+0x1c>)
 800224c:	5cd3      	ldrb	r3, [r2, r3]
}
 800224e:	40d8      	lsrs	r0, r3
 8002250:	bd08      	pop	{r3, pc}
 8002252:	bf00      	nop
 8002254:	40023800 	.word	0x40023800
 8002258:	080047b0 	.word	0x080047b0

0800225c <HAL_RCC_GetPCLK2Freq>:
  * @note   Each time PCLK2 changes, this function must be called to update the
  *         right PCLK2 value. Otherwise, any configuration based on this function will be incorrect.
  * @retval PCLK2 frequency
  */
uint32_t HAL_RCC_GetPCLK2Freq(void)
{
 800225c:	b508      	push	{r3, lr}
  /* Get HCLK source and Compute PCLK2 frequency ---------------------------*/
  return (HAL_RCC_GetHCLKFreq() >> APBPrescTable[(RCC->CFGR & RCC_CFGR_PPRE2) >> RCC_CFGR_PPRE2_Pos]);
 800225e:	f7ff ffe7 	bl	8002230 <HAL_RCC_GetHCLKFreq>
 8002262:	4b04      	ldr	r3, [pc, #16]	@ (8002274 <HAL_RCC_GetPCLK2Freq+0x18>)
 8002264:	689b      	ldr	r3, [r3, #8]
 8002266:	f3c3 3342 	ubfx	r3, r3, #13, #3
 800226a:	4a03      	ldr	r2, [pc, #12]	@ (8002278 <HAL_RCC_GetPCLK2Freq+0x1c>)
 800226c:	5cd3      	ldrb	r3, [r2, r3]
}
 800226e:	40d8      	lsrs	r0, r3
 8002270:	bd08      	pop	{r3, pc}
 8002272:	bf00      	nop
 8002274:	40023800 	.word	0x40023800
 8002278:	080047b0 	.word	0x080047b0

0800227c <HAL_SPI_Init>:
  * @retval HAL status
  */
HAL_StatusTypeDef HAL_SPI_Init(SPI_HandleTypeDef *hspi)
{
  /* Check the SPI handle allocation */
  if (hspi == NULL)
 800227c:	2800      	cmp	r0, #0
 800227e:	d05a      	beq.n	8002336 <HAL_SPI_Init+0xba>
{
 8002280:	b510      	push	{r4, lr}
 8002282:	4604      	mov	r4, r0
  assert_param(IS_SPI_DATASIZE(hspi->Init.DataSize));
  assert_param(IS_SPI_NSS(hspi->Init.NSS));
  assert_param(IS_SPI_BAUDRATE_PRESCALER(hspi->Init.BaudRatePrescaler));
  assert_param(IS_SPI_FIRST_BIT(hspi->Init.FirstBit));
  assert_param(IS_SPI_TIMODE(hspi->Init.TIMode));
  if (hspi->Init.TIMode == SPI_TIMODE_DISABLE)
 8002284:	6a43      	ldr	r3, [r0, #36]	@ 0x24
 8002286:	b933      	cbnz	r3, 8002296 <HAL_SPI_Init+0x1a>
  {
    assert_param(IS_SPI_CPOL(hspi->Init.CLKPolarity));
    assert_param(IS_SPI_CPHA(hspi->Init.CLKPhase));

    if (hspi->Init.Mode == SPI_MODE_MASTER)
 8002288:	6843      	ldr	r3, [r0, #4]
 800228a:	f5b3 7f82 	cmp.w	r3, #260	@ 0x104
 800228e:	d005      	beq.n	800229c <HAL_SPI_Init+0x20>
      assert_param(IS_SPI_BAUDRATE_PRESCALER(hspi->Init.BaudRatePrescaler));
    }
    else
    {
      /* Baudrate prescaler not use in Motoraola Slave mode. force to default value */
      hspi->Init.BaudRatePrescaler = SPI_BAUDRATEPRESCALER_2;
 8002290:	2300      	movs	r3, #0
 8002292:	61c3      	str	r3, [r0, #28]
 8002294:	e002      	b.n	800229c <HAL_SPI_Init+0x20>
  else
  {
    assert_param(IS_SPI_BAUDRATE_PRESCALER(hspi->Init.BaudRatePrescaler));

    /* Force polarity and phase to TI protocaol requirements */
    hspi->Init.CLKPolarity = SPI_POLARITY_LOW;
 8002296:	2300      	movs	r3, #0
 8002298:	6103      	str	r3, [r0, #16]
    hspi->Init.CLKPhase    = SPI_PHASE_1EDGE;
 800229a:	6143      	str	r3, [r0, #20]
  if (hspi->Init.CRCCalculation == SPI_CRCCALCULATION_ENABLE)
  {
    assert_param(IS_SPI_CRC_POLYNOMIAL(hspi->Init.CRCPolynomial));
  }
#else
  hspi->Init.CRCCalculation = SPI_CRCCALCULATION_DISABLE;
 800229c:	2300      	movs	r3, #0
 800229e:	62a3      	str	r3, [r4, #40]	@ 0x28
#endif /* USE_SPI_CRC */

  if (hspi->State == HAL_SPI_STATE_RESET)
 80022a0:	f894 3051 	ldrb.w	r3, [r4, #81]	@ 0x51
 80022a4:	2b00      	cmp	r3, #0
 80022a6:	d040      	beq.n	800232a <HAL_SPI_Init+0xae>
    /* Init the low level hardware : GPIO, CLOCK, NVIC... */
    HAL_SPI_MspInit(hspi);
#endif /* USE_HAL_SPI_REGISTER_CALLBACKS */
  }

  hspi->State = HAL_SPI_STATE_BUSY;
 80022a8:	2302      	movs	r3, #2
 80022aa:	f884 3051 	strb.w	r3, [r4, #81]	@ 0x51

  /* Disable the selected SPI peripheral */
  __HAL_SPI_DISABLE(hspi);
 80022ae:	6822      	ldr	r2, [r4, #0]
 80022b0:	6813      	ldr	r3, [r2, #0]
 80022b2:	f023 0340 	bic.w	r3, r3, #64	@ 0x40
 80022b6:	6013      	str	r3, [r2, #0]

  /*----------------------- SPIx CR1 & CR2 Configuration ---------------------*/
  /* Configure : SPI Mode, Communication Mode, Data size, Clock polarity and phase, NSS management,
  Communication speed, First bit and CRC calculation state */
  WRITE_REG(hspi->Instance->CR1, ((hspi->Init.Mode & (SPI_CR1_MSTR | SPI_CR1_SSI)) |
 80022b8:	6863      	ldr	r3, [r4, #4]
 80022ba:	f403 7382 	and.w	r3, r3, #260	@ 0x104
 80022be:	68a2      	ldr	r2, [r4, #8]
 80022c0:	f402 4204 	and.w	r2, r2, #33792	@ 0x8400
 80022c4:	4313      	orrs	r3, r2
 80022c6:	68e2      	ldr	r2, [r4, #12]
 80022c8:	f402 6200 	and.w	r2, r2, #2048	@ 0x800
 80022cc:	4313      	orrs	r3, r2
 80022ce:	6922      	ldr	r2, [r4, #16]
 80022d0:	f002 0202 	and.w	r2, r2, #2
 80022d4:	4313      	orrs	r3, r2
 80022d6:	6962      	ldr	r2, [r4, #20]
 80022d8:	f002 0201 	and.w	r2, r2, #1
 80022dc:	4313      	orrs	r3, r2
 80022de:	69a2      	ldr	r2, [r4, #24]
 80022e0:	f402 7200 	and.w	r2, r2, #512	@ 0x200
 80022e4:	4313      	orrs	r3, r2
 80022e6:	69e2      	ldr	r2, [r4, #28]
 80022e8:	f002 0238 	and.w	r2, r2, #56	@ 0x38
 80022ec:	4313      	orrs	r3, r2
 80022ee:	6a22      	ldr	r2, [r4, #32]
 80022f0:	f002 0280 	and.w	r2, r2, #128	@ 0x80
 80022f4:	4313      	orrs	r3, r2
 80022f6:	6aa2      	ldr	r2, [r4, #40]	@ 0x28
 80022f8:	f402 5200 	and.w	r2, r2, #8192	@ 0x2000
 80022fc:	6821      	ldr	r1, [r4, #0]
 80022fe:	4313      	orrs	r3, r2
 8002300:	600b      	str	r3, [r1, #0]
                                  (hspi->Init.BaudRatePrescaler & SPI_CR1_BR_Msk) |
                                  (hspi->Init.FirstBit  & SPI_CR1_LSBFIRST) |
                                  (hspi->Init.CRCCalculation & SPI_CR1_CRCEN)));

  /* Configure : NSS management, TI Mode */
  WRITE_REG(hspi->Instance->CR2, (((hspi->Init.NSS >> 16U) & SPI_CR2_SSOE) | (hspi->Init.TIMode & SPI_CR2_FRF)));
 8002302:	8b63      	ldrh	r3, [r4, #26]
 8002304:	f003 0304 	and.w	r3, r3, #4
 8002308:	6a62      	ldr	r2, [r4, #36]	@ 0x24
 800230a:	f002 0210 	and.w	r2, r2, #16
 800230e:	6821      	ldr	r1, [r4, #0]
 8002310:	4313      	orrs	r3, r2
 8002312:	604b      	str	r3, [r1, #4]
  }
#endif /* USE_SPI_CRC */

#if defined(SPI_I2SCFGR_I2SMOD)
  /* Activate the SPI mode (Make sure that I2SMOD bit in I2SCFGR register is reset) */
  CLEAR_BIT(hspi->Instance->I2SCFGR, SPI_I2SCFGR_I2SMOD);
 8002314:	6822      	ldr	r2, [r4, #0]
 8002316:	69d3      	ldr	r3, [r2, #28]
 8002318:	f423 6300 	bic.w	r3, r3, #2048	@ 0x800
 800231c:	61d3      	str	r3, [r2, #28]
#endif /* SPI_I2SCFGR_I2SMOD */

  hspi->ErrorCode = HAL_SPI_ERROR_NONE;
 800231e:	2000      	movs	r0, #0
 8002320:	6560      	str	r0, [r4, #84]	@ 0x54
  hspi->State     = HAL_SPI_STATE_READY;
 8002322:	2301      	movs	r3, #1
 8002324:	f884 3051 	strb.w	r3, [r4, #81]	@ 0x51

  return HAL_OK;
}
 8002328:	bd10      	pop	{r4, pc}
    hspi->Lock = HAL_UNLOCKED;
 800232a:	f884 3050 	strb.w	r3, [r4, #80]	@ 0x50
    HAL_SPI_MspInit(hspi);
 800232e:	4620      	mov	r0, r4
 8002330:	f7fe fab4 	bl	800089c <HAL_SPI_MspInit>
 8002334:	e7b8      	b.n	80022a8 <HAL_SPI_Init+0x2c>
    return HAL_ERROR;
 8002336:	2001      	movs	r0, #1
}
 8002338:	4770      	bx	lr
	...

0800233c <UART_SetConfig>:
  * @param  huart  Pointer to a UART_HandleTypeDef structure that contains
  *                the configuration information for the specified UART module.
  * @retval None
  */
static void UART_SetConfig(UART_HandleTypeDef *huart)
{
 800233c:	b510      	push	{r4, lr}
 800233e:	4604      	mov	r4, r0
  assert_param(IS_UART_MODE(huart->Init.Mode));

  /*-------------------------- USART CR2 Configuration -----------------------*/
  /* Configure the UART Stop Bits: Set STOP[13:12] bits
     according to huart->Init.StopBits value */
  MODIFY_REG(huart->Instance->CR2, USART_CR2_STOP, huart->Init.StopBits);
 8002340:	6802      	ldr	r2, [r0, #0]
 8002342:	6913      	ldr	r3, [r2, #16]
 8002344:	f423 5340 	bic.w	r3, r3, #12288	@ 0x3000
 8002348:	68c1      	ldr	r1, [r0, #12]
 800234a:	430b      	orrs	r3, r1
 800234c:	6113      	str	r3, [r2, #16]
     Set the M bits according to huart->Init.WordLength value
     Set PCE and PS bits according to huart->Init.Parity value
     Set TE and RE bits according to huart->Init.Mode value
     Set OVER8 bit according to huart->Init.OverSampling value */

  tmpreg = (uint32_t)huart->Init.WordLength | huart->Init.Parity | huart->Init.Mode | huart->Init.OverSampling;
 800234e:	6883      	ldr	r3, [r0, #8]
 8002350:	6902      	ldr	r2, [r0, #16]
 8002352:	431a      	orrs	r2, r3
 8002354:	6943      	ldr	r3, [r0, #20]
 8002356:	431a      	orrs	r2, r3
 8002358:	69c3      	ldr	r3, [r0, #28]
 800235a:	431a      	orrs	r2, r3
  MODIFY_REG(huart->Instance->CR1,
 800235c:	6801      	ldr	r1, [r0, #0]
 800235e:	68cb      	ldr	r3, [r1, #12]
 8002360:	f423 4316 	bic.w	r3, r3, #38400	@ 0x9600
 8002364:	f023 030c 	bic.w	r3, r3, #12
 8002368:	4313      	orrs	r3, r2
 800236a:	60cb      	str	r3, [r1, #12]
             (uint32_t)(USART_CR1_M | USART_CR1_PCE | USART_CR1_PS | USART_CR1_TE | USART_CR1_RE | USART_CR1_OVER8),
             tmpreg);

  /*-------------------------- USART CR3 Configuration -----------------------*/
  /* Configure the UART HFC: Set CTSE and RTSE bits according to huart->Init.HwFlowCtl value */
  MODIFY_REG(huart->Instance->CR3, (USART_CR3_RTSE | USART_CR3_CTSE), huart->Init.HwFlowCtl);
 800236c:	6802      	ldr	r2, [r0, #0]
 800236e:	6953      	ldr	r3, [r2, #20]
 8002370:	f423 7340 	bic.w	r3, r3, #768	@ 0x300
 8002374:	6981      	ldr	r1, [r0, #24]
 8002376:	430b      	orrs	r3, r1
 8002378:	6153      	str	r3, [r2, #20]
    if ((huart->Instance == USART1) || (huart->Instance == USART6) || (huart->Instance == UART9) || (huart->Instance == UART10))
    {
      pclk = HAL_RCC_GetPCLK2Freq();
    }
#elif defined(USART6)
    if ((huart->Instance == USART1) || (huart->Instance == USART6))
 800237a:	6803      	ldr	r3, [r0, #0]
 800237c:	4a31      	ldr	r2, [pc, #196]	@ (8002444 <UART_SetConfig+0x108>)
 800237e:	4293      	cmp	r3, r2
 8002380:	d006      	beq.n	8002390 <UART_SetConfig+0x54>
 8002382:	f502 6280 	add.w	r2, r2, #1024	@ 0x400
 8002386:	4293      	cmp	r3, r2
 8002388:	d002      	beq.n	8002390 <UART_SetConfig+0x54>
      pclk = HAL_RCC_GetPCLK2Freq();
    }
#endif /* USART6 */
    else
    {
      pclk = HAL_RCC_GetPCLK1Freq();
 800238a:	f7ff ff57 	bl	800223c <HAL_RCC_GetPCLK1Freq>
 800238e:	e001      	b.n	8002394 <UART_SetConfig+0x58>
      pclk = HAL_RCC_GetPCLK2Freq();
 8002390:	f7ff ff64 	bl	800225c <HAL_RCC_GetPCLK2Freq>
    }
  /*-------------------------- USART BRR Configuration ---------------------*/
  if (huart->Init.OverSampling == UART_OVERSAMPLING_8)
 8002394:	69e3      	ldr	r3, [r4, #28]
 8002396:	f5b3 4f00 	cmp.w	r3, #32768	@ 0x8000
 800239a:	d029      	beq.n	80023f0 <UART_SetConfig+0xb4>
  {
    huart->Instance->BRR = UART_BRR_SAMPLING8(pclk, huart->Init.BaudRate);
  }
  else
  {
    huart->Instance->BRR = UART_BRR_SAMPLING16(pclk, huart->Init.BaudRate);
 800239c:	2100      	movs	r1, #0
 800239e:	1803      	adds	r3, r0, r0
 80023a0:	4149      	adcs	r1, r1
 80023a2:	181b      	adds	r3, r3, r0
 80023a4:	f141 0100 	adc.w	r1, r1, #0
 80023a8:	00c9      	lsls	r1, r1, #3
 80023aa:	ea41 7153 	orr.w	r1, r1, r3, lsr #29
 80023ae:	00db      	lsls	r3, r3, #3
 80023b0:	1818      	adds	r0, r3, r0
 80023b2:	6863      	ldr	r3, [r4, #4]
 80023b4:	ea4f 0283 	mov.w	r2, r3, lsl #2
 80023b8:	ea4f 7393 	mov.w	r3, r3, lsr #30
 80023bc:	f141 0100 	adc.w	r1, r1, #0
 80023c0:	f7fd ffa0 	bl	8000304 <__aeabi_uldivmod>
 80023c4:	4a20      	ldr	r2, [pc, #128]	@ (8002448 <UART_SetConfig+0x10c>)
 80023c6:	fba2 3100 	umull	r3, r1, r2, r0
 80023ca:	0949      	lsrs	r1, r1, #5
 80023cc:	2364      	movs	r3, #100	@ 0x64
 80023ce:	fb03 0311 	mls	r3, r3, r1, r0
 80023d2:	011b      	lsls	r3, r3, #4
 80023d4:	3332      	adds	r3, #50	@ 0x32
 80023d6:	fba2 2303 	umull	r2, r3, r2, r3
 80023da:	095b      	lsrs	r3, r3, #5
 80023dc:	f003 02f0 	and.w	r2, r3, #240	@ 0xf0
 80023e0:	eb02 1201 	add.w	r2, r2, r1, lsl #4
 80023e4:	f003 030f 	and.w	r3, r3, #15
 80023e8:	6821      	ldr	r1, [r4, #0]
 80023ea:	4413      	add	r3, r2
 80023ec:	608b      	str	r3, [r1, #8]
  }
}
 80023ee:	bd10      	pop	{r4, pc}
    huart->Instance->BRR = UART_BRR_SAMPLING8(pclk, huart->Init.BaudRate);
 80023f0:	2300      	movs	r3, #0
 80023f2:	1802      	adds	r2, r0, r0
 80023f4:	eb43 0103 	adc.w	r1, r3, r3
 80023f8:	1812      	adds	r2, r2, r0
 80023fa:	f141 0100 	adc.w	r1, r1, #0
 80023fe:	00c9      	lsls	r1, r1, #3
 8002400:	ea41 7152 	orr.w	r1, r1, r2, lsr #29
 8002404:	00d2      	lsls	r2, r2, #3
 8002406:	1810      	adds	r0, r2, r0
 8002408:	f141 0100 	adc.w	r1, r1, #0
 800240c:	6862      	ldr	r2, [r4, #4]
 800240e:	1892      	adds	r2, r2, r2
 8002410:	415b      	adcs	r3, r3
 8002412:	f7fd ff77 	bl	8000304 <__aeabi_uldivmod>
 8002416:	4a0c      	ldr	r2, [pc, #48]	@ (8002448 <UART_SetConfig+0x10c>)
 8002418:	fba2 3100 	umull	r3, r1, r2, r0
 800241c:	0949      	lsrs	r1, r1, #5
 800241e:	2364      	movs	r3, #100	@ 0x64
 8002420:	fb03 0311 	mls	r3, r3, r1, r0
 8002424:	00db      	lsls	r3, r3, #3
 8002426:	3332      	adds	r3, #50	@ 0x32
 8002428:	fba2 2303 	umull	r2, r3, r2, r3
 800242c:	095b      	lsrs	r3, r3, #5
 800242e:	005a      	lsls	r2, r3, #1
 8002430:	f402 72f8 	and.w	r2, r2, #496	@ 0x1f0
 8002434:	eb02 1201 	add.w	r2, r2, r1, lsl #4
 8002438:	f003 0307 	and.w	r3, r3, #7
 800243c:	6821      	ldr	r1, [r4, #0]
 800243e:	4413      	add	r3, r2
 8002440:	608b      	str	r3, [r1, #8]
 8002442:	e7d4      	b.n	80023ee <UART_SetConfig+0xb2>
 8002444:	40011000 	.word	0x40011000
 8002448:	51eb851f 	.word	0x51eb851f

0800244c <HAL_UART_Init>:
  if (huart == NULL)
 800244c:	b360      	cbz	r0, 80024a8 <HAL_UART_Init+0x5c>
{
 800244e:	b510      	push	{r4, lr}
 8002450:	4604      	mov	r4, r0
  if (huart->gState == HAL_UART_STATE_RESET)
 8002452:	f890 3041 	ldrb.w	r3, [r0, #65]	@ 0x41
 8002456:	b313      	cbz	r3, 800249e <HAL_UART_Init+0x52>
  huart->gState = HAL_UART_STATE_BUSY;
 8002458:	2324      	movs	r3, #36	@ 0x24
 800245a:	f884 3041 	strb.w	r3, [r4, #65]	@ 0x41
  __HAL_UART_DISABLE(huart);
 800245e:	6822      	ldr	r2, [r4, #0]
 8002460:	68d3      	ldr	r3, [r2, #12]
 8002462:	f423 5300 	bic.w	r3, r3, #8192	@ 0x2000
 8002466:	60d3      	str	r3, [r2, #12]
  UART_SetConfig(huart);
 8002468:	4620      	mov	r0, r4
 800246a:	f7ff ff67 	bl	800233c <UART_SetConfig>
  CLEAR_BIT(huart->Instance->CR2, (USART_CR2_LINEN | USART_CR2_CLKEN));
 800246e:	6822      	ldr	r2, [r4, #0]
 8002470:	6913      	ldr	r3, [r2, #16]
 8002472:	f423 4390 	bic.w	r3, r3, #18432	@ 0x4800
 8002476:	6113      	str	r3, [r2, #16]
  CLEAR_BIT(huart->Instance->CR3, (USART_CR3_SCEN | USART_CR3_HDSEL | USART_CR3_IREN));
 8002478:	6822      	ldr	r2, [r4, #0]
 800247a:	6953      	ldr	r3, [r2, #20]
 800247c:	f023 032a 	bic.w	r3, r3, #42	@ 0x2a
 8002480:	6153      	str	r3, [r2, #20]
  __HAL_UART_ENABLE(huart);
 8002482:	6822      	ldr	r2, [r4, #0]
 8002484:	68d3      	ldr	r3, [r2, #12]
 8002486:	f443 5300 	orr.w	r3, r3, #8192	@ 0x2000
 800248a:	60d3      	str	r3, [r2, #12]
  huart->ErrorCode = HAL_UART_ERROR_NONE;
 800248c:	2000      	movs	r0, #0
 800248e:	6460      	str	r0, [r4, #68]	@ 0x44
  huart->gState = HAL_UART_STATE_READY;
 8002490:	2320      	movs	r3, #32
 8002492:	f884 3041 	strb.w	r3, [r4, #65]	@ 0x41
  huart->RxState = HAL_UART_STATE_READY;
 8002496:	f884 3042 	strb.w	r3, [r4, #66]	@ 0x42
  huart->RxEventType = HAL_UART_RXEVENT_TC;
 800249a:	6360      	str	r0, [r4, #52]	@ 0x34
}
 800249c:	bd10      	pop	{r4, pc}
    huart->Lock = HAL_UNLOCKED;
 800249e:	f880 3040 	strb.w	r3, [r0, #64]	@ 0x40
    HAL_UART_MspInit(huart);
 80024a2:	f000 fe2f 	bl	8003104 <HAL_UART_MspInit>
 80024a6:	e7d7      	b.n	8002458 <HAL_UART_Init+0xc>
    return HAL_ERROR;
 80024a8:	2001      	movs	r0, #1
}
 80024aa:	4770      	bx	lr

080024ac <NMI_Handler>:
{
  /* USER CODE BEGIN NonMaskableInt_IRQn 0 */

  /* USER CODE END NonMaskableInt_IRQn 0 */
  /* USER CODE BEGIN NonMaskableInt_IRQn 1 */
   while (1)
 80024ac:	e7fe      	b.n	80024ac <NMI_Handler>

080024ae <HardFault_Handler>:
void HardFault_Handler(void)
{
  /* USER CODE BEGIN HardFault_IRQn 0 */

  /* USER CODE END HardFault_IRQn 0 */
  while (1)
 80024ae:	e7fe      	b.n	80024ae <HardFault_Handler>

080024b0 <MemManage_Handler>:
void MemManage_Handler(void)
{
  /* USER CODE BEGIN MemoryManagement_IRQn 0 */

  /* USER CODE END MemoryManagement_IRQn 0 */
  while (1)
 80024b0:	e7fe      	b.n	80024b0 <MemManage_Handler>

080024b2 <BusFault_Handler>:
void BusFault_Handler(void)
{
  /* USER CODE BEGIN BusFault_IRQn 0 */

  /* USER CODE END BusFault_IRQn 0 */
  while (1)
 80024b2:	e7fe      	b.n	80024b2 <BusFault_Handler>

080024b4 <UsageFault_Handler>:
void UsageFault_Handler(void)
{
  /* USER CODE BEGIN UsageFault_IRQn 0 */

  /* USER CODE END UsageFault_IRQn 0 */
  while (1)
 80024b4:	e7fe      	b.n	80024b4 <UsageFault_Handler>

080024b6 <SVC_Handler>:

  /* USER CODE END SVCall_IRQn 0 */
  /* USER CODE BEGIN SVCall_IRQn 1 */

  /* USER CODE END SVCall_IRQn 1 */
}
 80024b6:	4770      	bx	lr

080024b8 <DebugMon_Handler>:

  /* USER CODE END DebugMonitor_IRQn 0 */
  /* USER CODE BEGIN DebugMonitor_IRQn 1 */

  /* USER CODE END DebugMonitor_IRQn 1 */
}
 80024b8:	4770      	bx	lr

080024ba <PendSV_Handler>:

  /* USER CODE END PendSV_IRQn 0 */
  /* USER CODE BEGIN PendSV_IRQn 1 */

  /* USER CODE END PendSV_IRQn 1 */
}
 80024ba:	4770      	bx	lr

080024bc <SysTick_Handler>:

/**
  * @brief This function handles System tick timer.
  */
void SysTick_Handler(void)
{
 80024bc:	b508      	push	{r3, lr}
  /* USER CODE BEGIN SysTick_IRQn 0 */

  /* USER CODE END SysTick_IRQn 0 */
  HAL_IncTick();
 80024be:	f7fe facf 	bl	8000a60 <HAL_IncTick>
  /* USER CODE BEGIN SysTick_IRQn 1 */

  /* USER CODE END SysTick_IRQn 1 */
}
 80024c2:	bd08      	pop	{r3, pc}

080024c4 <OTG_FS_IRQHandler>:

/**
  * @brief This function handles USB On The Go FS global interrupt.
  */
void OTG_FS_IRQHandler(void)
{
 80024c4:	b508      	push	{r3, lr}
  /* USER CODE BEGIN OTG_FS_IRQn 0 */

  /* USER CODE END OTG_FS_IRQn 0 */
  HAL_PCD_IRQHandler(&hpcd_USB_OTG_FS);
 80024c6:	4802      	ldr	r0, [pc, #8]	@ (80024d0 <OTG_FS_IRQHandler+0xc>)
 80024c8:	f7ff f88d 	bl	80015e6 <HAL_PCD_IRQHandler>
  /* USER CODE BEGIN OTG_FS_IRQn 1 */

  /* USER CODE END OTG_FS_IRQn 1 */
}
 80024cc:	bd08      	pop	{r3, pc}
 80024ce:	bf00      	nop
 80024d0:	20001848 	.word	0x20001848

080024d4 <USB_CoreReset>:
  * @brief  Reset the USB Core (needed after USB clock settings change)
  * @param  USBx  Selected device
  * @retval HAL status
  */
static HAL_StatusTypeDef USB_CoreReset(USB_OTG_GlobalTypeDef *USBx)
{
 80024d4:	b082      	sub	sp, #8
  __IO uint32_t count = 0U;
 80024d6:	2300      	movs	r3, #0
 80024d8:	9301      	str	r3, [sp, #4]

  /* Wait for AHB master IDLE state. */
  do
  {
    count++;
 80024da:	9b01      	ldr	r3, [sp, #4]
 80024dc:	3301      	adds	r3, #1
 80024de:	9301      	str	r3, [sp, #4]

    if (count > HAL_USB_TIMEOUT)
 80024e0:	9b01      	ldr	r3, [sp, #4]
 80024e2:	f1b3 6f70 	cmp.w	r3, #251658240	@ 0xf000000
 80024e6:	d81c      	bhi.n	8002522 <USB_CoreReset+0x4e>
    {
      return HAL_TIMEOUT;
    }
  } while ((USBx->GRSTCTL & USB_OTG_GRSTCTL_AHBIDL) == 0U);
 80024e8:	6903      	ldr	r3, [r0, #16]
 80024ea:	2b00      	cmp	r3, #0
 80024ec:	daf5      	bge.n	80024da <USB_CoreReset+0x6>

  count = 10U;
 80024ee:	230a      	movs	r3, #10
 80024f0:	9301      	str	r3, [sp, #4]

  /* few cycles before setting core reset */
  while (count > 0U)
 80024f2:	e002      	b.n	80024fa <USB_CoreReset+0x26>
  {
    count--;
 80024f4:	9b01      	ldr	r3, [sp, #4]
 80024f6:	3b01      	subs	r3, #1
 80024f8:	9301      	str	r3, [sp, #4]
  while (count > 0U)
 80024fa:	9b01      	ldr	r3, [sp, #4]
 80024fc:	2b00      	cmp	r3, #0
 80024fe:	d1f9      	bne.n	80024f4 <USB_CoreReset+0x20>
  }

  /* Core Soft Reset */
  USBx->GRSTCTL |= USB_OTG_GRSTCTL_CSRST;
 8002500:	6903      	ldr	r3, [r0, #16]
 8002502:	f043 0301 	orr.w	r3, r3, #1
 8002506:	6103      	str	r3, [r0, #16]

  do
  {
    count++;
 8002508:	9b01      	ldr	r3, [sp, #4]
 800250a:	3301      	adds	r3, #1
 800250c:	9301      	str	r3, [sp, #4]

    if (count > HAL_USB_TIMEOUT)
 800250e:	9b01      	ldr	r3, [sp, #4]
 8002510:	f1b3 6f70 	cmp.w	r3, #251658240	@ 0xf000000
 8002514:	d808      	bhi.n	8002528 <USB_CoreReset+0x54>
    {
      return HAL_TIMEOUT;
    }
  } while ((USBx->GRSTCTL & USB_OTG_GRSTCTL_CSRST) == USB_OTG_GRSTCTL_CSRST);
 8002516:	6903      	ldr	r3, [r0, #16]
 8002518:	f013 0f01 	tst.w	r3, #1
 800251c:	d1f4      	bne.n	8002508 <USB_CoreReset+0x34>

  return HAL_OK;
 800251e:	2000      	movs	r0, #0
 8002520:	e000      	b.n	8002524 <USB_CoreReset+0x50>
      return HAL_TIMEOUT;
 8002522:	2003      	movs	r0, #3
}
 8002524:	b002      	add	sp, #8
 8002526:	4770      	bx	lr
      return HAL_TIMEOUT;
 8002528:	2003      	movs	r0, #3
 800252a:	e7fb      	b.n	8002524 <USB_CoreReset+0x50>

0800252c <USB_CoreInit>:
{
 800252c:	b084      	sub	sp, #16
 800252e:	b510      	push	{r4, lr}
 8002530:	4604      	mov	r4, r0
 8002532:	a803      	add	r0, sp, #12
 8002534:	e880 000e 	stmia.w	r0, {r1, r2, r3}
  if (cfg.phy_itface == USB_OTG_ULPI_PHY)
 8002538:	f89d 3011 	ldrb.w	r3, [sp, #17]
 800253c:	2b01      	cmp	r3, #1
 800253e:	d121      	bne.n	8002584 <USB_CoreInit+0x58>
    USBx->GCCFG &= ~(USB_OTG_GCCFG_PWRDWN);
 8002540:	6ba3      	ldr	r3, [r4, #56]	@ 0x38
 8002542:	f423 3380 	bic.w	r3, r3, #65536	@ 0x10000
 8002546:	63a3      	str	r3, [r4, #56]	@ 0x38
    USBx->GUSBCFG &= ~(USB_OTG_GUSBCFG_TSDPS | USB_OTG_GUSBCFG_ULPIFSLS | USB_OTG_GUSBCFG_PHYSEL);
 8002548:	68e3      	ldr	r3, [r4, #12]
 800254a:	f423 0384 	bic.w	r3, r3, #4325376	@ 0x420000
 800254e:	f023 0340 	bic.w	r3, r3, #64	@ 0x40
 8002552:	60e3      	str	r3, [r4, #12]
    USBx->GUSBCFG &= ~(USB_OTG_GUSBCFG_ULPIEVBUSD | USB_OTG_GUSBCFG_ULPIEVBUSI);
 8002554:	68e3      	ldr	r3, [r4, #12]
 8002556:	f423 1340 	bic.w	r3, r3, #3145728	@ 0x300000
 800255a:	60e3      	str	r3, [r4, #12]
    if (cfg.use_external_vbus == 1U)
 800255c:	f89d 3018 	ldrb.w	r3, [sp, #24]
 8002560:	2b01      	cmp	r3, #1
 8002562:	d00a      	beq.n	800257a <USB_CoreInit+0x4e>
    ret = USB_CoreReset(USBx);
 8002564:	4620      	mov	r0, r4
 8002566:	f7ff ffb5 	bl	80024d4 <USB_CoreReset>
  if (cfg.dma_enable == 1U)
 800256a:	f89d 300e 	ldrb.w	r3, [sp, #14]
 800256e:	2b01      	cmp	r3, #1
 8002570:	d01c      	beq.n	80025ac <USB_CoreInit+0x80>
}
 8002572:	e8bd 4010 	ldmia.w	sp!, {r4, lr}
 8002576:	b004      	add	sp, #16
 8002578:	4770      	bx	lr
      USBx->GUSBCFG |= USB_OTG_GUSBCFG_ULPIEVBUSD;
 800257a:	68e3      	ldr	r3, [r4, #12]
 800257c:	f443 1380 	orr.w	r3, r3, #1048576	@ 0x100000
 8002580:	60e3      	str	r3, [r4, #12]
 8002582:	e7ef      	b.n	8002564 <USB_CoreInit+0x38>
    USBx->GUSBCFG |= USB_OTG_GUSBCFG_PHYSEL;
 8002584:	68e3      	ldr	r3, [r4, #12]
 8002586:	f043 0340 	orr.w	r3, r3, #64	@ 0x40
 800258a:	60e3      	str	r3, [r4, #12]
    ret = USB_CoreReset(USBx);
 800258c:	4620      	mov	r0, r4
 800258e:	f7ff ffa1 	bl	80024d4 <USB_CoreReset>
    if (cfg.battery_charging_enable == 0U)
 8002592:	f89d 3015 	ldrb.w	r3, [sp, #21]
 8002596:	b923      	cbnz	r3, 80025a2 <USB_CoreInit+0x76>
      USBx->GCCFG |= USB_OTG_GCCFG_PWRDWN;
 8002598:	6ba3      	ldr	r3, [r4, #56]	@ 0x38
 800259a:	f443 3380 	orr.w	r3, r3, #65536	@ 0x10000
 800259e:	63a3      	str	r3, [r4, #56]	@ 0x38
 80025a0:	e7e3      	b.n	800256a <USB_CoreInit+0x3e>
      USBx->GCCFG &= ~(USB_OTG_GCCFG_PWRDWN);
 80025a2:	6ba3      	ldr	r3, [r4, #56]	@ 0x38
 80025a4:	f423 3380 	bic.w	r3, r3, #65536	@ 0x10000
 80025a8:	63a3      	str	r3, [r4, #56]	@ 0x38
 80025aa:	e7de      	b.n	800256a <USB_CoreInit+0x3e>
    USBx->GAHBCFG |= USB_OTG_GAHBCFG_HBSTLEN_2;
 80025ac:	68a3      	ldr	r3, [r4, #8]
 80025ae:	f043 0306 	orr.w	r3, r3, #6
 80025b2:	60a3      	str	r3, [r4, #8]
    USBx->GAHBCFG |= USB_OTG_GAHBCFG_DMAEN;
 80025b4:	68a3      	ldr	r3, [r4, #8]
 80025b6:	f043 0320 	orr.w	r3, r3, #32
 80025ba:	60a3      	str	r3, [r4, #8]
 80025bc:	e7d9      	b.n	8002572 <USB_CoreInit+0x46>
	...

080025c0 <USB_SetTurnaroundTime>:
  if (speed == USBD_FS_SPEED)
 80025c0:	2a02      	cmp	r2, #2
 80025c2:	d00a      	beq.n	80025da <USB_SetTurnaroundTime+0x1a>
    UsbTrd = USBD_HS_TRDT_VALUE;
 80025c4:	2209      	movs	r2, #9
  USBx->GUSBCFG &= ~USB_OTG_GUSBCFG_TRDT;
 80025c6:	68c3      	ldr	r3, [r0, #12]
 80025c8:	f423 5370 	bic.w	r3, r3, #15360	@ 0x3c00
 80025cc:	60c3      	str	r3, [r0, #12]
  USBx->GUSBCFG |= (uint32_t)((UsbTrd << 10) & USB_OTG_GUSBCFG_TRDT);
 80025ce:	68c3      	ldr	r3, [r0, #12]
 80025d0:	ea43 2382 	orr.w	r3, r3, r2, lsl #10
 80025d4:	60c3      	str	r3, [r0, #12]
}
 80025d6:	2000      	movs	r0, #0
 80025d8:	4770      	bx	lr
    if ((hclk >= 14200000U) && (hclk < 15000000U))
 80025da:	4b23      	ldr	r3, [pc, #140]	@ (8002668 <USB_SetTurnaroundTime+0xa8>)
 80025dc:	440b      	add	r3, r1
 80025de:	4a23      	ldr	r2, [pc, #140]	@ (800266c <USB_SetTurnaroundTime+0xac>)
 80025e0:	4293      	cmp	r3, r2
 80025e2:	d92f      	bls.n	8002644 <USB_SetTurnaroundTime+0x84>
    else if ((hclk >= 15000000U) && (hclk < 16000000U))
 80025e4:	4b22      	ldr	r3, [pc, #136]	@ (8002670 <USB_SetTurnaroundTime+0xb0>)
 80025e6:	440b      	add	r3, r1
 80025e8:	4a22      	ldr	r2, [pc, #136]	@ (8002674 <USB_SetTurnaroundTime+0xb4>)
 80025ea:	4293      	cmp	r3, r2
 80025ec:	d92c      	bls.n	8002648 <USB_SetTurnaroundTime+0x88>
    else if ((hclk >= 16000000U) && (hclk < 17200000U))
 80025ee:	f5a1 0374 	sub.w	r3, r1, #15990784	@ 0xf40000
 80025f2:	f5a3 5310 	sub.w	r3, r3, #9216	@ 0x2400
 80025f6:	4a20      	ldr	r2, [pc, #128]	@ (8002678 <USB_SetTurnaroundTime+0xb8>)
 80025f8:	4293      	cmp	r3, r2
 80025fa:	d927      	bls.n	800264c <USB_SetTurnaroundTime+0x8c>
    else if ((hclk >= 17200000U) && (hclk < 18500000U))
 80025fc:	f1a1 7383 	sub.w	r3, r1, #17170432	@ 0x1060000
 8002600:	f5a3 43e7 	sub.w	r3, r3, #29568	@ 0x7380
 8002604:	4a1d      	ldr	r2, [pc, #116]	@ (800267c <USB_SetTurnaroundTime+0xbc>)
 8002606:	4293      	cmp	r3, r2
 8002608:	d322      	bcc.n	8002650 <USB_SetTurnaroundTime+0x90>
    else if ((hclk >= 18500000U) && (hclk < 20000000U))
 800260a:	4b1d      	ldr	r3, [pc, #116]	@ (8002680 <USB_SetTurnaroundTime+0xc0>)
 800260c:	440b      	add	r3, r1
 800260e:	4a1d      	ldr	r2, [pc, #116]	@ (8002684 <USB_SetTurnaroundTime+0xc4>)
 8002610:	4293      	cmp	r3, r2
 8002612:	d91f      	bls.n	8002654 <USB_SetTurnaroundTime+0x94>
    else if ((hclk >= 20000000U) && (hclk < 21800000U))
 8002614:	4b1c      	ldr	r3, [pc, #112]	@ (8002688 <USB_SetTurnaroundTime+0xc8>)
 8002616:	440b      	add	r3, r1
 8002618:	4a1c      	ldr	r2, [pc, #112]	@ (800268c <USB_SetTurnaroundTime+0xcc>)
 800261a:	4293      	cmp	r3, r2
 800261c:	d31c      	bcc.n	8002658 <USB_SetTurnaroundTime+0x98>
    else if ((hclk >= 21800000U) && (hclk < 24000000U))
 800261e:	4b1c      	ldr	r3, [pc, #112]	@ (8002690 <USB_SetTurnaroundTime+0xd0>)
 8002620:	440b      	add	r3, r1
 8002622:	4a1c      	ldr	r2, [pc, #112]	@ (8002694 <USB_SetTurnaroundTime+0xd4>)
 8002624:	4293      	cmp	r3, r2
 8002626:	d319      	bcc.n	800265c <USB_SetTurnaroundTime+0x9c>
    else if ((hclk >= 24000000U) && (hclk < 27700000U))
 8002628:	f1a1 73b7 	sub.w	r3, r1, #23986176	@ 0x16e0000
 800262c:	f5a3 5358 	sub.w	r3, r3, #13824	@ 0x3600
 8002630:	4a19      	ldr	r2, [pc, #100]	@ (8002698 <USB_SetTurnaroundTime+0xd8>)
 8002632:	4293      	cmp	r3, r2
 8002634:	d314      	bcc.n	8002660 <USB_SetTurnaroundTime+0xa0>
    else if ((hclk >= 27700000U) && (hclk < 32000000U))
 8002636:	4b19      	ldr	r3, [pc, #100]	@ (800269c <USB_SetTurnaroundTime+0xdc>)
 8002638:	440b      	add	r3, r1
 800263a:	4a19      	ldr	r2, [pc, #100]	@ (80026a0 <USB_SetTurnaroundTime+0xe0>)
 800263c:	4293      	cmp	r3, r2
 800263e:	d211      	bcs.n	8002664 <USB_SetTurnaroundTime+0xa4>
      UsbTrd = 0x7U;
 8002640:	2207      	movs	r2, #7
 8002642:	e7c0      	b.n	80025c6 <USB_SetTurnaroundTime+0x6>
      UsbTrd = 0xFU;
 8002644:	220f      	movs	r2, #15
 8002646:	e7be      	b.n	80025c6 <USB_SetTurnaroundTime+0x6>
      UsbTrd = 0xEU;
 8002648:	220e      	movs	r2, #14
 800264a:	e7bc      	b.n	80025c6 <USB_SetTurnaroundTime+0x6>
      UsbTrd = 0xDU;
 800264c:	220d      	movs	r2, #13
 800264e:	e7ba      	b.n	80025c6 <USB_SetTurnaroundTime+0x6>
      UsbTrd = 0xCU;
 8002650:	220c      	movs	r2, #12
 8002652:	e7b8      	b.n	80025c6 <USB_SetTurnaroundTime+0x6>
      UsbTrd = 0xBU;
 8002654:	220b      	movs	r2, #11
 8002656:	e7b6      	b.n	80025c6 <USB_SetTurnaroundTime+0x6>
      UsbTrd = 0xAU;
 8002658:	220a      	movs	r2, #10
 800265a:	e7b4      	b.n	80025c6 <USB_SetTurnaroundTime+0x6>
      UsbTrd = 0x9U;
 800265c:	2209      	movs	r2, #9
 800265e:	e7b2      	b.n	80025c6 <USB_SetTurnaroundTime+0x6>
      UsbTrd = 0x8U;
 8002660:	2208      	movs	r2, #8
 8002662:	e7b0      	b.n	80025c6 <USB_SetTurnaroundTime+0x6>
      UsbTrd = 0x6U;
 8002664:	2206      	movs	r2, #6
 8002666:	e7ae      	b.n	80025c6 <USB_SetTurnaroundTime+0x6>
 8002668:	ff275340 	.word	0xff275340
 800266c:	000c34ff 	.word	0x000c34ff
 8002670:	ff1b1e40 	.word	0xff1b1e40
 8002674:	000f423f 	.word	0x000f423f
 8002678:	00124f7f 	.word	0x00124f7f
 800267c:	0013d620 	.word	0x0013d620
 8002680:	fee5b660 	.word	0xfee5b660
 8002684:	0016e35f 	.word	0x0016e35f
 8002688:	feced300 	.word	0xfeced300
 800268c:	001b7740 	.word	0x001b7740
 8002690:	feb35bc0 	.word	0xfeb35bc0
 8002694:	002191c0 	.word	0x002191c0
 8002698:	00387520 	.word	0x00387520
 800269c:	fe5954e0 	.word	0xfe5954e0
 80026a0:	00419ce0 	.word	0x00419ce0

080026a4 <USB_EnableGlobalInt>:
  USBx->GAHBCFG |= USB_OTG_GAHBCFG_GINT;
 80026a4:	6883      	ldr	r3, [r0, #8]
 80026a6:	f043 0301 	orr.w	r3, r3, #1
 80026aa:	6083      	str	r3, [r0, #8]
}
 80026ac:	2000      	movs	r0, #0
 80026ae:	4770      	bx	lr

080026b0 <USB_DisableGlobalInt>:
  USBx->GAHBCFG &= ~USB_OTG_GAHBCFG_GINT;
 80026b0:	6883      	ldr	r3, [r0, #8]
 80026b2:	f023 0301 	bic.w	r3, r3, #1
 80026b6:	6083      	str	r3, [r0, #8]
}
 80026b8:	2000      	movs	r0, #0
 80026ba:	4770      	bx	lr

080026bc <USB_FlushTxFifo>:
{
 80026bc:	b082      	sub	sp, #8
  __IO uint32_t count = 0U;
 80026be:	2300      	movs	r3, #0
 80026c0:	9301      	str	r3, [sp, #4]
    count++;
 80026c2:	9b01      	ldr	r3, [sp, #4]
 80026c4:	3301      	adds	r3, #1
 80026c6:	9301      	str	r3, [sp, #4]
    if (count > HAL_USB_TIMEOUT)
 80026c8:	9b01      	ldr	r3, [sp, #4]
 80026ca:	f1b3 6f70 	cmp.w	r3, #251658240	@ 0xf000000
 80026ce:	d815      	bhi.n	80026fc <USB_FlushTxFifo+0x40>
  } while ((USBx->GRSTCTL & USB_OTG_GRSTCTL_AHBIDL) == 0U);
 80026d0:	6903      	ldr	r3, [r0, #16]
 80026d2:	2b00      	cmp	r3, #0
 80026d4:	daf5      	bge.n	80026c2 <USB_FlushTxFifo+0x6>
  count = 0U;
 80026d6:	2300      	movs	r3, #0
 80026d8:	9301      	str	r3, [sp, #4]
  USBx->GRSTCTL = (USB_OTG_GRSTCTL_TXFFLSH | (num << 6));
 80026da:	0189      	lsls	r1, r1, #6
 80026dc:	f041 0120 	orr.w	r1, r1, #32
 80026e0:	6101      	str	r1, [r0, #16]
    count++;
 80026e2:	9b01      	ldr	r3, [sp, #4]
 80026e4:	3301      	adds	r3, #1
 80026e6:	9301      	str	r3, [sp, #4]
    if (count > HAL_USB_TIMEOUT)
 80026e8:	9b01      	ldr	r3, [sp, #4]
 80026ea:	f1b3 6f70 	cmp.w	r3, #251658240	@ 0xf000000
 80026ee:	d808      	bhi.n	8002702 <USB_FlushTxFifo+0x46>
  } while ((USBx->GRSTCTL & USB_OTG_GRSTCTL_TXFFLSH) == USB_OTG_GRSTCTL_TXFFLSH);
 80026f0:	6903      	ldr	r3, [r0, #16]
 80026f2:	f013 0f20 	tst.w	r3, #32
 80026f6:	d1f4      	bne.n	80026e2 <USB_FlushTxFifo+0x26>
  return HAL_OK;
 80026f8:	2000      	movs	r0, #0
 80026fa:	e000      	b.n	80026fe <USB_FlushTxFifo+0x42>
      return HAL_TIMEOUT;
 80026fc:	2003      	movs	r0, #3
}
 80026fe:	b002      	add	sp, #8
 8002700:	4770      	bx	lr
      return HAL_TIMEOUT;
 8002702:	2003      	movs	r0, #3
 8002704:	e7fb      	b.n	80026fe <USB_FlushTxFifo+0x42>

08002706 <USB_FlushRxFifo>:
{
 8002706:	b082      	sub	sp, #8
  __IO uint32_t count = 0U;
 8002708:	2300      	movs	r3, #0
 800270a:	9301      	str	r3, [sp, #4]
    count++;
 800270c:	9b01      	ldr	r3, [sp, #4]
 800270e:	3301      	adds	r3, #1
 8002710:	9301      	str	r3, [sp, #4]
    if (count > HAL_USB_TIMEOUT)
 8002712:	9b01      	ldr	r3, [sp, #4]
 8002714:	f1b3 6f70 	cmp.w	r3, #251658240	@ 0xf000000
 8002718:	d813      	bhi.n	8002742 <USB_FlushRxFifo+0x3c>
  } while ((USBx->GRSTCTL & USB_OTG_GRSTCTL_AHBIDL) == 0U);
 800271a:	6903      	ldr	r3, [r0, #16]
 800271c:	2b00      	cmp	r3, #0
 800271e:	daf5      	bge.n	800270c <USB_FlushRxFifo+0x6>
  count = 0U;
 8002720:	2300      	movs	r3, #0
 8002722:	9301      	str	r3, [sp, #4]
  USBx->GRSTCTL = USB_OTG_GRSTCTL_RXFFLSH;
 8002724:	2310      	movs	r3, #16
 8002726:	6103      	str	r3, [r0, #16]
    count++;
 8002728:	9b01      	ldr	r3, [sp, #4]
 800272a:	3301      	adds	r3, #1
 800272c:	9301      	str	r3, [sp, #4]
    if (count > HAL_USB_TIMEOUT)
 800272e:	9b01      	ldr	r3, [sp, #4]
 8002730:	f1b3 6f70 	cmp.w	r3, #251658240	@ 0xf000000
 8002734:	d808      	bhi.n	8002748 <USB_FlushRxFifo+0x42>
  } while ((USBx->GRSTCTL & USB_OTG_GRSTCTL_RXFFLSH) == USB_OTG_GRSTCTL_RXFFLSH);
 8002736:	6903      	ldr	r3, [r0, #16]
 8002738:	f013 0f10 	tst.w	r3, #16
 800273c:	d1f4      	bne.n	8002728 <USB_FlushRxFifo+0x22>
  return HAL_OK;
 800273e:	2000      	movs	r0, #0
 8002740:	e000      	b.n	8002744 <USB_FlushRxFifo+0x3e>
      return HAL_TIMEOUT;
 8002742:	2003      	movs	r0, #3
}
 8002744:	b002      	add	sp, #8
 8002746:	4770      	bx	lr
      return HAL_TIMEOUT;
 8002748:	2003      	movs	r0, #3
 800274a:	e7fb      	b.n	8002744 <USB_FlushRxFifo+0x3e>

0800274c <USB_SetDevSpeed>:
  USBx_DEVICE->DCFG |= speed;
 800274c:	f8d0 3800 	ldr.w	r3, [r0, #2048]	@ 0x800
 8002750:	4319      	orrs	r1, r3
 8002752:	f8c0 1800 	str.w	r1, [r0, #2048]	@ 0x800
}
 8002756:	2000      	movs	r0, #0
 8002758:	4770      	bx	lr
	...

0800275c <USB_DevInit>:
{
 800275c:	b084      	sub	sp, #16
 800275e:	b5f8      	push	{r3, r4, r5, r6, r7, lr}
 8002760:	4604      	mov	r4, r0
 8002762:	a807      	add	r0, sp, #28
 8002764:	e880 000e 	stmia.w	r0, {r1, r2, r3}
  for (i = 0U; i < 15U; i++)
 8002768:	2300      	movs	r3, #0
 800276a:	e006      	b.n	800277a <USB_DevInit+0x1e>
    USBx->DIEPTXF[i] = 0U;
 800276c:	f103 0240 	add.w	r2, r3, #64	@ 0x40
 8002770:	eb04 0282 	add.w	r2, r4, r2, lsl #2
 8002774:	2100      	movs	r1, #0
 8002776:	6051      	str	r1, [r2, #4]
  for (i = 0U; i < 15U; i++)
 8002778:	3301      	adds	r3, #1
 800277a:	2b0e      	cmp	r3, #14
 800277c:	d9f6      	bls.n	800276c <USB_DevInit+0x10>
  if (cfg.vbus_sensing_enable == 0U)
 800277e:	f89d 6026 	ldrb.w	r6, [sp, #38]	@ 0x26
 8002782:	bb06      	cbnz	r6, 80027c6 <USB_DevInit+0x6a>
    USBx_DEVICE->DCTL |= USB_OTG_DCTL_SDIS;
 8002784:	f8d4 3804 	ldr.w	r3, [r4, #2052]	@ 0x804
 8002788:	f043 0302 	orr.w	r3, r3, #2
 800278c:	f8c4 3804 	str.w	r3, [r4, #2052]	@ 0x804
    USBx->GCCFG |= USB_OTG_GCCFG_NOVBUSSENS;
 8002790:	6ba3      	ldr	r3, [r4, #56]	@ 0x38
 8002792:	f443 1300 	orr.w	r3, r3, #2097152	@ 0x200000
 8002796:	63a3      	str	r3, [r4, #56]	@ 0x38
    USBx->GCCFG &= ~USB_OTG_GCCFG_VBUSBSEN;
 8002798:	6ba3      	ldr	r3, [r4, #56]	@ 0x38
 800279a:	f423 2300 	bic.w	r3, r3, #524288	@ 0x80000
 800279e:	63a3      	str	r3, [r4, #56]	@ 0x38
    USBx->GCCFG &= ~USB_OTG_GCCFG_VBUSASEN;
 80027a0:	6ba3      	ldr	r3, [r4, #56]	@ 0x38
 80027a2:	f423 2380 	bic.w	r3, r3, #262144	@ 0x40000
 80027a6:	63a3      	str	r3, [r4, #56]	@ 0x38
  USBx_PCGCCTL = 0U;
 80027a8:	2300      	movs	r3, #0
 80027aa:	f8c4 3e00 	str.w	r3, [r4, #3584]	@ 0xe00
  if (cfg.phy_itface == USB_OTG_ULPI_PHY)
 80027ae:	f89d 3021 	ldrb.w	r3, [sp, #33]	@ 0x21
 80027b2:	2b01      	cmp	r3, #1
 80027b4:	d115      	bne.n	80027e2 <USB_DevInit+0x86>
    if (cfg.speed == USBD_HS_SPEED)
 80027b6:	f89d 301f 	ldrb.w	r3, [sp, #31]
 80027ba:	b96b      	cbnz	r3, 80027d8 <USB_DevInit+0x7c>
      (void)USB_SetDevSpeed(USBx, USB_OTG_SPEED_HIGH);
 80027bc:	2100      	movs	r1, #0
 80027be:	4620      	mov	r0, r4
 80027c0:	f7ff ffc4 	bl	800274c <USB_SetDevSpeed>
 80027c4:	e011      	b.n	80027ea <USB_DevInit+0x8e>
    USBx->GCCFG &= ~USB_OTG_GCCFG_NOVBUSSENS;
 80027c6:	6ba3      	ldr	r3, [r4, #56]	@ 0x38
 80027c8:	f423 1300 	bic.w	r3, r3, #2097152	@ 0x200000
 80027cc:	63a3      	str	r3, [r4, #56]	@ 0x38
    USBx->GCCFG |= USB_OTG_GCCFG_VBUSBSEN;
 80027ce:	6ba3      	ldr	r3, [r4, #56]	@ 0x38
 80027d0:	f443 2300 	orr.w	r3, r3, #524288	@ 0x80000
 80027d4:	63a3      	str	r3, [r4, #56]	@ 0x38
 80027d6:	e7e7      	b.n	80027a8 <USB_DevInit+0x4c>
      (void)USB_SetDevSpeed(USBx, USB_OTG_SPEED_HIGH_IN_FULL);
 80027d8:	2101      	movs	r1, #1
 80027da:	4620      	mov	r0, r4
 80027dc:	f7ff ffb6 	bl	800274c <USB_SetDevSpeed>
 80027e0:	e003      	b.n	80027ea <USB_DevInit+0x8e>
    (void)USB_SetDevSpeed(USBx, USB_OTG_SPEED_FULL);
 80027e2:	2103      	movs	r1, #3
 80027e4:	4620      	mov	r0, r4
 80027e6:	f7ff ffb1 	bl	800274c <USB_SetDevSpeed>
  if (USB_FlushTxFifo(USBx, 0x10U) != HAL_OK) /* all Tx FIFOs */
 80027ea:	2110      	movs	r1, #16
 80027ec:	4620      	mov	r0, r4
 80027ee:	f7ff ff65 	bl	80026bc <USB_FlushTxFifo>
 80027f2:	4605      	mov	r5, r0
 80027f4:	b100      	cbz	r0, 80027f8 <USB_DevInit+0x9c>
    ret = HAL_ERROR;
 80027f6:	2501      	movs	r5, #1
  if (USB_FlushRxFifo(USBx) != HAL_OK)
 80027f8:	4620      	mov	r0, r4
 80027fa:	f7ff ff84 	bl	8002706 <USB_FlushRxFifo>
 80027fe:	b100      	cbz	r0, 8002802 <USB_DevInit+0xa6>
    ret = HAL_ERROR;
 8002800:	2501      	movs	r5, #1
  USBx_DEVICE->DIEPMSK = 0U;
 8002802:	f504 6c00 	add.w	ip, r4, #2048	@ 0x800
 8002806:	2300      	movs	r3, #0
 8002808:	f8cc 3010 	str.w	r3, [ip, #16]
  USBx_DEVICE->DOEPMSK = 0U;
 800280c:	f8cc 3014 	str.w	r3, [ip, #20]
  USBx_DEVICE->DAINTMSK = 0U;
 8002810:	f8cc 301c 	str.w	r3, [ip, #28]
  for (i = 0U; i < cfg.dev_endpoints; i++)
 8002814:	e00a      	b.n	800282c <USB_DevInit+0xd0>
      if (i == 0U)
 8002816:	b9cb      	cbnz	r3, 800284c <USB_DevInit+0xf0>
        USBx_INEP(i)->DIEPCTL = USB_OTG_DIEPCTL_SNAK;
 8002818:	f04f 6000 	mov.w	r0, #134217728	@ 0x8000000
 800281c:	f8c2 0900 	str.w	r0, [r2, #2304]	@ 0x900
    USBx_INEP(i)->DIEPTSIZ = 0U;
 8002820:	2200      	movs	r2, #0
 8002822:	610a      	str	r2, [r1, #16]
    USBx_INEP(i)->DIEPINT  = 0xFB7FU;
 8002824:	f64f 327f 	movw	r2, #64383	@ 0xfb7f
 8002828:	608a      	str	r2, [r1, #8]
  for (i = 0U; i < cfg.dev_endpoints; i++)
 800282a:	3301      	adds	r3, #1
 800282c:	f89d 101c 	ldrb.w	r1, [sp, #28]
 8002830:	4299      	cmp	r1, r3
 8002832:	d910      	bls.n	8002856 <USB_DevInit+0xfa>
    if ((USBx_INEP(i)->DIEPCTL & USB_OTG_DIEPCTL_EPENA) == USB_OTG_DIEPCTL_EPENA)
 8002834:	eb04 1243 	add.w	r2, r4, r3, lsl #5
 8002838:	f502 6110 	add.w	r1, r2, #2304	@ 0x900
 800283c:	f8d2 0900 	ldr.w	r0, [r2, #2304]	@ 0x900
 8002840:	2800      	cmp	r0, #0
 8002842:	dbe8      	blt.n	8002816 <USB_DevInit+0xba>
      USBx_INEP(i)->DIEPCTL = 0U;
 8002844:	2000      	movs	r0, #0
 8002846:	f8c2 0900 	str.w	r0, [r2, #2304]	@ 0x900
 800284a:	e7e9      	b.n	8002820 <USB_DevInit+0xc4>
        USBx_INEP(i)->DIEPCTL = USB_OTG_DIEPCTL_EPDIS | USB_OTG_DIEPCTL_SNAK;
 800284c:	f04f 4090 	mov.w	r0, #1207959552	@ 0x48000000
 8002850:	f8c2 0900 	str.w	r0, [r2, #2304]	@ 0x900
 8002854:	e7e4      	b.n	8002820 <USB_DevInit+0xc4>
  for (i = 0U; i < cfg.dev_endpoints; i++)
 8002856:	2300      	movs	r3, #0
 8002858:	e00a      	b.n	8002870 <USB_DevInit+0x114>
      if (i == 0U)
 800285a:	b1bb      	cbz	r3, 800288c <USB_DevInit+0x130>
        USBx_OUTEP(i)->DOEPCTL = USB_OTG_DOEPCTL_EPDIS | USB_OTG_DOEPCTL_SNAK;
 800285c:	f04f 4790 	mov.w	r7, #1207959552	@ 0x48000000
 8002860:	f8c2 7b00 	str.w	r7, [r2, #2816]	@ 0xb00
    USBx_OUTEP(i)->DOEPTSIZ = 0U;
 8002864:	2200      	movs	r2, #0
 8002866:	6102      	str	r2, [r0, #16]
    USBx_OUTEP(i)->DOEPINT  = 0xFB7FU;
 8002868:	f64f 327f 	movw	r2, #64383	@ 0xfb7f
 800286c:	6082      	str	r2, [r0, #8]
  for (i = 0U; i < cfg.dev_endpoints; i++)
 800286e:	3301      	adds	r3, #1
 8002870:	4299      	cmp	r1, r3
 8002872:	d910      	bls.n	8002896 <USB_DevInit+0x13a>
    if ((USBx_OUTEP(i)->DOEPCTL & USB_OTG_DOEPCTL_EPENA) == USB_OTG_DOEPCTL_EPENA)
 8002874:	eb04 1243 	add.w	r2, r4, r3, lsl #5
 8002878:	f502 6030 	add.w	r0, r2, #2816	@ 0xb00
 800287c:	f8d2 7b00 	ldr.w	r7, [r2, #2816]	@ 0xb00
 8002880:	2f00      	cmp	r7, #0
 8002882:	dbea      	blt.n	800285a <USB_DevInit+0xfe>
      USBx_OUTEP(i)->DOEPCTL = 0U;
 8002884:	2700      	movs	r7, #0
 8002886:	f8c2 7b00 	str.w	r7, [r2, #2816]	@ 0xb00
 800288a:	e7eb      	b.n	8002864 <USB_DevInit+0x108>
        USBx_OUTEP(i)->DOEPCTL = USB_OTG_DOEPCTL_SNAK;
 800288c:	f04f 6700 	mov.w	r7, #134217728	@ 0x8000000
 8002890:	f8c2 7b00 	str.w	r7, [r2, #2816]	@ 0xb00
 8002894:	e7e6      	b.n	8002864 <USB_DevInit+0x108>
  USBx_DEVICE->DIEPMSK &= ~(USB_OTG_DIEPMSK_TXFURM);
 8002896:	f8dc 3010 	ldr.w	r3, [ip, #16]
 800289a:	f423 7380 	bic.w	r3, r3, #256	@ 0x100
 800289e:	f8cc 3010 	str.w	r3, [ip, #16]
  USBx->GINTMSK = 0U;
 80028a2:	2300      	movs	r3, #0
 80028a4:	61a3      	str	r3, [r4, #24]
  USBx->GINTSTS = 0xBFFFFFFFU;
 80028a6:	f06f 4380 	mvn.w	r3, #1073741824	@ 0x40000000
 80028aa:	6163      	str	r3, [r4, #20]
  if (cfg.dma_enable == 0U)
 80028ac:	f89d 301e 	ldrb.w	r3, [sp, #30]
 80028b0:	b91b      	cbnz	r3, 80028ba <USB_DevInit+0x15e>
    USBx->GINTMSK |= USB_OTG_GINTMSK_RXFLVLM;
 80028b2:	69a3      	ldr	r3, [r4, #24]
 80028b4:	f043 0310 	orr.w	r3, r3, #16
 80028b8:	61a3      	str	r3, [r4, #24]
  USBx->GINTMSK |= USB_OTG_GINTMSK_USBSUSPM | USB_OTG_GINTMSK_USBRST |
 80028ba:	69a2      	ldr	r2, [r4, #24]
 80028bc:	4b0b      	ldr	r3, [pc, #44]	@ (80028ec <USB_DevInit+0x190>)
 80028be:	4313      	orrs	r3, r2
 80028c0:	61a3      	str	r3, [r4, #24]
  if (cfg.Sof_enable != 0U)
 80028c2:	f89d 3022 	ldrb.w	r3, [sp, #34]	@ 0x22
 80028c6:	b11b      	cbz	r3, 80028d0 <USB_DevInit+0x174>
    USBx->GINTMSK |= USB_OTG_GINTMSK_SOFM;
 80028c8:	69a3      	ldr	r3, [r4, #24]
 80028ca:	f043 0308 	orr.w	r3, r3, #8
 80028ce:	61a3      	str	r3, [r4, #24]
  if (cfg.vbus_sensing_enable == 1U)
 80028d0:	2e01      	cmp	r6, #1
 80028d2:	d004      	beq.n	80028de <USB_DevInit+0x182>
}
 80028d4:	4628      	mov	r0, r5
 80028d6:	e8bd 40f8 	ldmia.w	sp!, {r3, r4, r5, r6, r7, lr}
 80028da:	b004      	add	sp, #16
 80028dc:	4770      	bx	lr
    USBx->GINTMSK |= (USB_OTG_GINTMSK_SRQIM | USB_OTG_GINTMSK_OTGINT);
 80028de:	69a3      	ldr	r3, [r4, #24]
 80028e0:	f043 4380 	orr.w	r3, r3, #1073741824	@ 0x40000000
 80028e4:	f043 0304 	orr.w	r3, r3, #4
 80028e8:	61a3      	str	r3, [r4, #24]
 80028ea:	e7f3      	b.n	80028d4 <USB_DevInit+0x178>
 80028ec:	803c3800 	.word	0x803c3800

080028f0 <USB_GetDevSpeed>:
  uint32_t DevEnumSpeed = USBx_DEVICE->DSTS & USB_OTG_DSTS_ENUMSPD;
 80028f0:	f8d0 3808 	ldr.w	r3, [r0, #2056]	@ 0x808
 80028f4:	f003 0306 	and.w	r3, r3, #6
  if (DevEnumSpeed == DSTS_ENUMSPD_HS_PHY_30MHZ_OR_60MHZ)
 80028f8:	2b02      	cmp	r3, #2
 80028fa:	d004      	beq.n	8002906 <USB_GetDevSpeed+0x16>
 80028fc:	2b06      	cmp	r3, #6
 80028fe:	d004      	beq.n	800290a <USB_GetDevSpeed+0x1a>
 8002900:	b92b      	cbnz	r3, 800290e <USB_GetDevSpeed+0x1e>
  uint32_t DevEnumSpeed = USBx_DEVICE->DSTS & USB_OTG_DSTS_ENUMSPD;
 8002902:	2000      	movs	r0, #0
 8002904:	4770      	bx	lr
 8002906:	2002      	movs	r0, #2
 8002908:	4770      	bx	lr
 800290a:	2002      	movs	r0, #2
 800290c:	4770      	bx	lr
 800290e:	200f      	movs	r0, #15
}
 8002910:	4770      	bx	lr

08002912 <USB_ActivateEndpoint>:
{
 8002912:	b510      	push	{r4, lr}
  uint32_t epnum = (uint32_t)ep->num;
 8002914:	f891 c000 	ldrb.w	ip, [r1]
  if (ep->is_in == 1U)
 8002918:	784b      	ldrb	r3, [r1, #1]
 800291a:	2b01      	cmp	r3, #1
 800291c:	d023      	beq.n	8002966 <USB_ActivateEndpoint+0x54>
    USBx_DEVICE->DAINTMSK |= USB_OTG_DAINTMSK_OEPM & ((uint32_t)(1UL << (ep->num & EP_ADDR_MSK)) << 16);
 800291e:	f500 6e00 	add.w	lr, r0, #2048	@ 0x800
 8002922:	f8d0 381c 	ldr.w	r3, [r0, #2076]	@ 0x81c
 8002926:	f00c 040f 	and.w	r4, ip, #15
 800292a:	2201      	movs	r2, #1
 800292c:	40a2      	lsls	r2, r4
 800292e:	ea43 4302 	orr.w	r3, r3, r2, lsl #16
 8002932:	f8c0 381c 	str.w	r3, [r0, #2076]	@ 0x81c
    if (((USBx_OUTEP(epnum)->DOEPCTL) & USB_OTG_DOEPCTL_USBAEP) == 0U)
 8002936:	eb00 104c 	add.w	r0, r0, ip, lsl #5
 800293a:	f8d0 3b00 	ldr.w	r3, [r0, #2816]	@ 0xb00
 800293e:	f413 4f00 	tst.w	r3, #32768	@ 0x8000
 8002942:	d10e      	bne.n	8002962 <USB_ActivateEndpoint+0x50>
      USBx_OUTEP(epnum)->DOEPCTL |= (ep->maxpacket & USB_OTG_DOEPCTL_MPSIZ) |
 8002944:	f8d0 3b00 	ldr.w	r3, [r0, #2816]	@ 0xb00
 8002948:	688a      	ldr	r2, [r1, #8]
 800294a:	f3c2 020a 	ubfx	r2, r2, #0, #11
                                    ((uint32_t)ep->type << 18) |
 800294e:	7909      	ldrb	r1, [r1, #4]
      USBx_OUTEP(epnum)->DOEPCTL |= (ep->maxpacket & USB_OTG_DOEPCTL_MPSIZ) |
 8002950:	ea42 4281 	orr.w	r2, r2, r1, lsl #18
 8002954:	4313      	orrs	r3, r2
 8002956:	f043 5380 	orr.w	r3, r3, #268435456	@ 0x10000000
 800295a:	f443 4300 	orr.w	r3, r3, #32768	@ 0x8000
 800295e:	f8c0 3b00 	str.w	r3, [r0, #2816]	@ 0xb00
}
 8002962:	2000      	movs	r0, #0
 8002964:	bd10      	pop	{r4, pc}
    USBx_DEVICE->DAINTMSK |= USB_OTG_DAINTMSK_IEPM & (uint32_t)(1UL << (ep->num & EP_ADDR_MSK));
 8002966:	f8d0 281c 	ldr.w	r2, [r0, #2076]	@ 0x81c
 800296a:	f00c 0e0f 	and.w	lr, ip, #15
 800296e:	fa03 f30e 	lsl.w	r3, r3, lr
 8002972:	b29b      	uxth	r3, r3
 8002974:	4313      	orrs	r3, r2
 8002976:	f8c0 381c 	str.w	r3, [r0, #2076]	@ 0x81c
    if ((USBx_INEP(epnum)->DIEPCTL & USB_OTG_DIEPCTL_USBAEP) == 0U)
 800297a:	eb00 104c 	add.w	r0, r0, ip, lsl #5
 800297e:	f8d0 3900 	ldr.w	r3, [r0, #2304]	@ 0x900
 8002982:	f413 4f00 	tst.w	r3, #32768	@ 0x8000
 8002986:	d1ec      	bne.n	8002962 <USB_ActivateEndpoint+0x50>
      USBx_INEP(epnum)->DIEPCTL |= (ep->maxpacket & USB_OTG_DIEPCTL_MPSIZ) |
 8002988:	f8d0 3900 	ldr.w	r3, [r0, #2304]	@ 0x900
 800298c:	688a      	ldr	r2, [r1, #8]
 800298e:	f3c2 020a 	ubfx	r2, r2, #0, #11
                                   ((uint32_t)ep->type << 18) | (epnum << 22) |
 8002992:	7909      	ldrb	r1, [r1, #4]
      USBx_INEP(epnum)->DIEPCTL |= (ep->maxpacket & USB_OTG_DIEPCTL_MPSIZ) |
 8002994:	ea42 4281 	orr.w	r2, r2, r1, lsl #18
                                   ((uint32_t)ep->type << 18) | (epnum << 22) |
 8002998:	ea42 528c 	orr.w	r2, r2, ip, lsl #22
      USBx_INEP(epnum)->DIEPCTL |= (ep->maxpacket & USB_OTG_DIEPCTL_MPSIZ) |
 800299c:	4313      	orrs	r3, r2
 800299e:	f043 5380 	orr.w	r3, r3, #268435456	@ 0x10000000
 80029a2:	f443 4300 	orr.w	r3, r3, #32768	@ 0x8000
 80029a6:	f8c0 3900 	str.w	r3, [r0, #2304]	@ 0x900
 80029aa:	e7da      	b.n	8002962 <USB_ActivateEndpoint+0x50>

080029ac <USB_DeactivateEndpoint>:
{
 80029ac:	b430      	push	{r4, r5}
  uint32_t epnum = (uint32_t)ep->num;
 80029ae:	780b      	ldrb	r3, [r1, #0]
  if (ep->is_in == 1U)
 80029b0:	784a      	ldrb	r2, [r1, #1]
 80029b2:	2a01      	cmp	r2, #1
 80029b4:	d026      	beq.n	8002a04 <USB_DeactivateEndpoint+0x58>
    if ((USBx_OUTEP(epnum)->DOEPCTL & USB_OTG_DOEPCTL_EPENA) == USB_OTG_DOEPCTL_EPENA)
 80029b6:	eb00 1343 	add.w	r3, r0, r3, lsl #5
 80029ba:	f8d3 2b00 	ldr.w	r2, [r3, #2816]	@ 0xb00
 80029be:	2a00      	cmp	r2, #0
 80029c0:	db52      	blt.n	8002a68 <USB_DeactivateEndpoint+0xbc>
    USBx_DEVICE->DEACHMSK &= ~(USB_OTG_DAINTMSK_OEPM & ((uint32_t)(1UL << (ep->num & EP_ADDR_MSK)) << 16));
 80029c2:	f8d0 483c 	ldr.w	r4, [r0, #2108]	@ 0x83c
 80029c6:	780a      	ldrb	r2, [r1, #0]
 80029c8:	f002 020f 	and.w	r2, r2, #15
 80029cc:	f04f 0c01 	mov.w	ip, #1
 80029d0:	fa0c f202 	lsl.w	r2, ip, r2
 80029d4:	ea24 4202 	bic.w	r2, r4, r2, lsl #16
 80029d8:	f8c0 283c 	str.w	r2, [r0, #2108]	@ 0x83c
    USBx_DEVICE->DAINTMSK &= ~(USB_OTG_DAINTMSK_OEPM & ((uint32_t)(1UL << (ep->num & EP_ADDR_MSK)) << 16));
 80029dc:	f8d0 281c 	ldr.w	r2, [r0, #2076]	@ 0x81c
 80029e0:	7809      	ldrb	r1, [r1, #0]
 80029e2:	f001 010f 	and.w	r1, r1, #15
 80029e6:	fa0c fc01 	lsl.w	ip, ip, r1
 80029ea:	ea22 420c 	bic.w	r2, r2, ip, lsl #16
 80029ee:	f8c0 281c 	str.w	r2, [r0, #2076]	@ 0x81c
    USBx_OUTEP(epnum)->DOEPCTL &= ~(USB_OTG_DOEPCTL_USBAEP |
 80029f2:	f8d3 1b00 	ldr.w	r1, [r3, #2816]	@ 0xb00
 80029f6:	4a23      	ldr	r2, [pc, #140]	@ (8002a84 <USB_DeactivateEndpoint+0xd8>)
 80029f8:	400a      	ands	r2, r1
 80029fa:	f8c3 2b00 	str.w	r2, [r3, #2816]	@ 0xb00
}
 80029fe:	2000      	movs	r0, #0
 8002a00:	bc30      	pop	{r4, r5}
 8002a02:	4770      	bx	lr
    if ((USBx_INEP(epnum)->DIEPCTL & USB_OTG_DIEPCTL_EPENA) == USB_OTG_DIEPCTL_EPENA)
 8002a04:	eb00 1343 	add.w	r3, r0, r3, lsl #5
 8002a08:	f8d3 2900 	ldr.w	r2, [r3, #2304]	@ 0x900
 8002a0c:	2a00      	cmp	r2, #0
 8002a0e:	db1e      	blt.n	8002a4e <USB_DeactivateEndpoint+0xa2>
    USBx_DEVICE->DEACHMSK &= ~(USB_OTG_DAINTMSK_IEPM & (uint32_t)(1UL << (ep->num & EP_ADDR_MSK)));
 8002a10:	f8d0 583c 	ldr.w	r5, [r0, #2108]	@ 0x83c
 8002a14:	780a      	ldrb	r2, [r1, #0]
 8002a16:	f002 020f 	and.w	r2, r2, #15
 8002a1a:	2401      	movs	r4, #1
 8002a1c:	fa04 f202 	lsl.w	r2, r4, r2
 8002a20:	b292      	uxth	r2, r2
 8002a22:	ea25 0202 	bic.w	r2, r5, r2
 8002a26:	f8c0 283c 	str.w	r2, [r0, #2108]	@ 0x83c
    USBx_DEVICE->DAINTMSK &= ~(USB_OTG_DAINTMSK_IEPM & (uint32_t)(1UL << (ep->num & EP_ADDR_MSK)));
 8002a2a:	f8d0 281c 	ldr.w	r2, [r0, #2076]	@ 0x81c
 8002a2e:	7809      	ldrb	r1, [r1, #0]
 8002a30:	f001 010f 	and.w	r1, r1, #15
 8002a34:	408c      	lsls	r4, r1
 8002a36:	b2a4      	uxth	r4, r4
 8002a38:	ea22 0204 	bic.w	r2, r2, r4
 8002a3c:	f8c0 281c 	str.w	r2, [r0, #2076]	@ 0x81c
    USBx_INEP(epnum)->DIEPCTL &= ~(USB_OTG_DIEPCTL_USBAEP |
 8002a40:	f8d3 1900 	ldr.w	r1, [r3, #2304]	@ 0x900
 8002a44:	4a10      	ldr	r2, [pc, #64]	@ (8002a88 <USB_DeactivateEndpoint+0xdc>)
 8002a46:	400a      	ands	r2, r1
 8002a48:	f8c3 2900 	str.w	r2, [r3, #2304]	@ 0x900
 8002a4c:	e7d7      	b.n	80029fe <USB_DeactivateEndpoint+0x52>
      USBx_INEP(epnum)->DIEPCTL |= USB_OTG_DIEPCTL_SNAK;
 8002a4e:	f8d3 2900 	ldr.w	r2, [r3, #2304]	@ 0x900
 8002a52:	f042 6200 	orr.w	r2, r2, #134217728	@ 0x8000000
 8002a56:	f8c3 2900 	str.w	r2, [r3, #2304]	@ 0x900
      USBx_INEP(epnum)->DIEPCTL |= USB_OTG_DIEPCTL_EPDIS;
 8002a5a:	f8d3 2900 	ldr.w	r2, [r3, #2304]	@ 0x900
 8002a5e:	f042 4280 	orr.w	r2, r2, #1073741824	@ 0x40000000
 8002a62:	f8c3 2900 	str.w	r2, [r3, #2304]	@ 0x900
 8002a66:	e7d3      	b.n	8002a10 <USB_DeactivateEndpoint+0x64>
      USBx_OUTEP(epnum)->DOEPCTL |= USB_OTG_DOEPCTL_SNAK;
 8002a68:	f8d3 2b00 	ldr.w	r2, [r3, #2816]	@ 0xb00
 8002a6c:	f042 6200 	orr.w	r2, r2, #134217728	@ 0x8000000
 8002a70:	f8c3 2b00 	str.w	r2, [r3, #2816]	@ 0xb00
      USBx_OUTEP(epnum)->DOEPCTL |= USB_OTG_DOEPCTL_EPDIS;
 8002a74:	f8d3 2b00 	ldr.w	r2, [r3, #2816]	@ 0xb00
 8002a78:	f042 4280 	orr.w	r2, r2, #1073741824	@ 0x40000000
 8002a7c:	f8c3 2b00 	str.w	r2, [r3, #2816]	@ 0xb00
 8002a80:	e79f      	b.n	80029c2 <USB_DeactivateEndpoint+0x16>
 8002a82:	bf00      	nop
 8002a84:	eff37800 	.word	0xeff37800
 8002a88:	ec337800 	.word	0xec337800

08002a8c <USB_EPStopXfer>:
{
 8002a8c:	b410      	push	{r4}
 8002a8e:	b083      	sub	sp, #12
 8002a90:	4602      	mov	r2, r0
  __IO uint32_t count = 0U;
 8002a92:	2300      	movs	r3, #0
 8002a94:	9301      	str	r3, [sp, #4]
  if (ep->is_in == 1U)
 8002a96:	7848      	ldrb	r0, [r1, #1]
 8002a98:	2801      	cmp	r0, #1
 8002a9a:	d00b      	beq.n	8002ab4 <USB_EPStopXfer+0x28>
    if (((USBx_OUTEP(ep->num)->DOEPCTL) & USB_OTG_DOEPCTL_EPENA) == USB_OTG_DOEPCTL_EPENA)
 8002a9c:	780b      	ldrb	r3, [r1, #0]
 8002a9e:	eb02 1343 	add.w	r3, r2, r3, lsl #5
 8002aa2:	f8d3 0b00 	ldr.w	r0, [r3, #2816]	@ 0xb00
 8002aa6:	2800      	cmp	r0, #0
 8002aa8:	db2d      	blt.n	8002b06 <USB_EPStopXfer+0x7a>
  HAL_StatusTypeDef ret = HAL_OK;
 8002aaa:	2000      	movs	r0, #0
}
 8002aac:	b003      	add	sp, #12
 8002aae:	f85d 4b04 	ldr.w	r4, [sp], #4
 8002ab2:	4770      	bx	lr
    if (((USBx_INEP(ep->num)->DIEPCTL) & USB_OTG_DIEPCTL_EPENA) == USB_OTG_DIEPCTL_EPENA)
 8002ab4:	780b      	ldrb	r3, [r1, #0]
 8002ab6:	eb02 1343 	add.w	r3, r2, r3, lsl #5
 8002aba:	f8d3 4900 	ldr.w	r4, [r3, #2304]	@ 0x900
 8002abe:	2c00      	cmp	r4, #0
 8002ac0:	db01      	blt.n	8002ac6 <USB_EPStopXfer+0x3a>
  HAL_StatusTypeDef ret = HAL_OK;
 8002ac2:	2000      	movs	r0, #0
 8002ac4:	e7f2      	b.n	8002aac <USB_EPStopXfer+0x20>
      USBx_INEP(ep->num)->DIEPCTL |= (USB_OTG_DIEPCTL_SNAK);
 8002ac6:	f8d3 4900 	ldr.w	r4, [r3, #2304]	@ 0x900
 8002aca:	f044 6400 	orr.w	r4, r4, #134217728	@ 0x8000000
 8002ace:	f8c3 4900 	str.w	r4, [r3, #2304]	@ 0x900
      USBx_INEP(ep->num)->DIEPCTL |= (USB_OTG_DIEPCTL_EPDIS);
 8002ad2:	780b      	ldrb	r3, [r1, #0]
 8002ad4:	eb02 1343 	add.w	r3, r2, r3, lsl #5
 8002ad8:	f8d3 4900 	ldr.w	r4, [r3, #2304]	@ 0x900
 8002adc:	f044 4480 	orr.w	r4, r4, #1073741824	@ 0x40000000
 8002ae0:	f8c3 4900 	str.w	r4, [r3, #2304]	@ 0x900
        count++;
 8002ae4:	9b01      	ldr	r3, [sp, #4]
 8002ae6:	3301      	adds	r3, #1
 8002ae8:	9301      	str	r3, [sp, #4]
        if (count > 10000U)
 8002aea:	9c01      	ldr	r4, [sp, #4]
 8002aec:	f242 7310 	movw	r3, #10000	@ 0x2710
 8002af0:	429c      	cmp	r4, r3
 8002af2:	d8db      	bhi.n	8002aac <USB_EPStopXfer+0x20>
      } while (((USBx_INEP(ep->num)->DIEPCTL) & USB_OTG_DIEPCTL_EPENA) ==  USB_OTG_DIEPCTL_EPENA);
 8002af4:	780b      	ldrb	r3, [r1, #0]
 8002af6:	eb02 1343 	add.w	r3, r2, r3, lsl #5
 8002afa:	f8d3 3900 	ldr.w	r3, [r3, #2304]	@ 0x900
 8002afe:	2b00      	cmp	r3, #0
 8002b00:	dbf0      	blt.n	8002ae4 <USB_EPStopXfer+0x58>
  HAL_StatusTypeDef ret = HAL_OK;
 8002b02:	2000      	movs	r0, #0
 8002b04:	e7d2      	b.n	8002aac <USB_EPStopXfer+0x20>
      USBx_OUTEP(ep->num)->DOEPCTL |= (USB_OTG_DOEPCTL_SNAK);
 8002b06:	f8d3 0b00 	ldr.w	r0, [r3, #2816]	@ 0xb00
 8002b0a:	f040 6000 	orr.w	r0, r0, #134217728	@ 0x8000000
 8002b0e:	f8c3 0b00 	str.w	r0, [r3, #2816]	@ 0xb00
      USBx_OUTEP(ep->num)->DOEPCTL |= (USB_OTG_DOEPCTL_EPDIS);
 8002b12:	780b      	ldrb	r3, [r1, #0]
 8002b14:	eb02 1343 	add.w	r3, r2, r3, lsl #5
 8002b18:	f8d3 0b00 	ldr.w	r0, [r3, #2816]	@ 0xb00
 8002b1c:	f040 4080 	orr.w	r0, r0, #1073741824	@ 0x40000000
 8002b20:	f8c3 0b00 	str.w	r0, [r3, #2816]	@ 0xb00
        count++;
 8002b24:	9b01      	ldr	r3, [sp, #4]
 8002b26:	3301      	adds	r3, #1
 8002b28:	9301      	str	r3, [sp, #4]
        if (count > 10000U)
 8002b2a:	9801      	ldr	r0, [sp, #4]
 8002b2c:	f242 7310 	movw	r3, #10000	@ 0x2710
 8002b30:	4298      	cmp	r0, r3
 8002b32:	d808      	bhi.n	8002b46 <USB_EPStopXfer+0xba>
      } while (((USBx_OUTEP(ep->num)->DOEPCTL) & USB_OTG_DOEPCTL_EPENA) ==  USB_OTG_DOEPCTL_EPENA);
 8002b34:	780b      	ldrb	r3, [r1, #0]
 8002b36:	eb02 1343 	add.w	r3, r2, r3, lsl #5
 8002b3a:	f8d3 3b00 	ldr.w	r3, [r3, #2816]	@ 0xb00
 8002b3e:	2b00      	cmp	r3, #0
 8002b40:	dbf0      	blt.n	8002b24 <USB_EPStopXfer+0x98>
  HAL_StatusTypeDef ret = HAL_OK;
 8002b42:	2000      	movs	r0, #0
 8002b44:	e7b2      	b.n	8002aac <USB_EPStopXfer+0x20>
          ret = HAL_ERROR;
 8002b46:	2001      	movs	r0, #1
 8002b48:	e7b0      	b.n	8002aac <USB_EPStopXfer+0x20>

08002b4a <USB_WritePacket>:
{
 8002b4a:	b510      	push	{r4, lr}
 8002b4c:	f89d 4008 	ldrb.w	r4, [sp, #8]
  if (dma == 0U)
 8002b50:	b984      	cbnz	r4, 8002b74 <USB_WritePacket+0x2a>
    count32b = ((uint32_t)len + 3U) / 4U;
 8002b52:	3303      	adds	r3, #3
 8002b54:	ea4f 0e93 	mov.w	lr, r3, lsr #2
    for (i = 0U; i < count32b; i++)
 8002b58:	f04f 0c00 	mov.w	ip, #0
 8002b5c:	e008      	b.n	8002b70 <USB_WritePacket+0x26>
      USBx_DFIFO((uint32_t)ch_ep_num) = __UNALIGNED_UINT32_READ(pSrc);
 8002b5e:	eb00 3302 	add.w	r3, r0, r2, lsl #12
 8002b62:	f503 5380 	add.w	r3, r3, #4096	@ 0x1000
 8002b66:	f851 4b04 	ldr.w	r4, [r1], #4
 8002b6a:	601c      	str	r4, [r3, #0]
    for (i = 0U; i < count32b; i++)
 8002b6c:	f10c 0c01 	add.w	ip, ip, #1
 8002b70:	45f4      	cmp	ip, lr
 8002b72:	d3f4      	bcc.n	8002b5e <USB_WritePacket+0x14>
}
 8002b74:	2000      	movs	r0, #0
 8002b76:	bd10      	pop	{r4, pc}

08002b78 <USB_EPStartXfer>:
{
 8002b78:	b5f0      	push	{r4, r5, r6, r7, lr}
 8002b7a:	b083      	sub	sp, #12
  uint32_t epnum = (uint32_t)ep->num;
 8002b7c:	780c      	ldrb	r4, [r1, #0]
  if (ep->is_in == 1U)
 8002b7e:	784b      	ldrb	r3, [r1, #1]
 8002b80:	2b01      	cmp	r3, #1
 8002b82:	d02d      	beq.n	8002be0 <USB_EPStartXfer+0x68>
    USBx_OUTEP(epnum)->DOEPTSIZ &= ~(USB_OTG_DOEPTSIZ_XFRSIZ);
 8002b84:	eb00 1c44 	add.w	ip, r0, r4, lsl #5
 8002b88:	f50c 6330 	add.w	r3, ip, #2816	@ 0xb00
 8002b8c:	691d      	ldr	r5, [r3, #16]
 8002b8e:	f36f 0512 	bfc	r5, #0, #19
 8002b92:	611d      	str	r5, [r3, #16]
    USBx_OUTEP(epnum)->DOEPTSIZ &= ~(USB_OTG_DOEPTSIZ_PKTCNT);
 8002b94:	691d      	ldr	r5, [r3, #16]
 8002b96:	f36f 45dc 	bfc	r5, #19, #10
 8002b9a:	611d      	str	r5, [r3, #16]
    if (epnum == 0U)
 8002b9c:	2c00      	cmp	r4, #0
 8002b9e:	f040 80ce 	bne.w	8002d3e <USB_EPStartXfer+0x1c6>
      if (ep->xfer_len > 0U)
 8002ba2:	690c      	ldr	r4, [r1, #16]
 8002ba4:	b10c      	cbz	r4, 8002baa <USB_EPStartXfer+0x32>
        ep->xfer_len = ep->maxpacket;
 8002ba6:	688c      	ldr	r4, [r1, #8]
 8002ba8:	610c      	str	r4, [r1, #16]
      ep->xfer_size = ep->maxpacket;
 8002baa:	688c      	ldr	r4, [r1, #8]
 8002bac:	620c      	str	r4, [r1, #32]
      USBx_OUTEP(epnum)->DOEPTSIZ |= (USB_OTG_DOEPTSIZ_XFRSIZ & ep->xfer_size);
 8002bae:	691d      	ldr	r5, [r3, #16]
 8002bb0:	f3c4 0412 	ubfx	r4, r4, #0, #19
 8002bb4:	432c      	orrs	r4, r5
 8002bb6:	611c      	str	r4, [r3, #16]
      USBx_OUTEP(epnum)->DOEPTSIZ |= (USB_OTG_DOEPTSIZ_PKTCNT & (1U << 19));
 8002bb8:	691c      	ldr	r4, [r3, #16]
 8002bba:	f444 2400 	orr.w	r4, r4, #524288	@ 0x80000
 8002bbe:	611c      	str	r4, [r3, #16]
    if (dma == 1U)
 8002bc0:	2a01      	cmp	r2, #1
 8002bc2:	f000 80df 	beq.w	8002d84 <USB_EPStartXfer+0x20c>
    if (ep->type == EP_TYPE_ISOC)
 8002bc6:	790b      	ldrb	r3, [r1, #4]
 8002bc8:	2b01      	cmp	r3, #1
 8002bca:	f000 80e1 	beq.w	8002d90 <USB_EPStartXfer+0x218>
    USBx_OUTEP(epnum)->DOEPCTL |= (USB_OTG_DOEPCTL_CNAK | USB_OTG_DOEPCTL_EPENA);
 8002bce:	f8dc 3b00 	ldr.w	r3, [ip, #2816]	@ 0xb00
 8002bd2:	f043 4304 	orr.w	r3, r3, #2214592512	@ 0x84000000
 8002bd6:	f8cc 3b00 	str.w	r3, [ip, #2816]	@ 0xb00
}
 8002bda:	2000      	movs	r0, #0
 8002bdc:	b003      	add	sp, #12
 8002bde:	bdf0      	pop	{r4, r5, r6, r7, pc}
    if (ep->xfer_len == 0U)
 8002be0:	690b      	ldr	r3, [r1, #16]
 8002be2:	bb73      	cbnz	r3, 8002c42 <USB_EPStartXfer+0xca>
      USBx_INEP(epnum)->DIEPTSIZ &= ~(USB_OTG_DIEPTSIZ_PKTCNT);
 8002be4:	eb00 1344 	add.w	r3, r0, r4, lsl #5
 8002be8:	f8d3 5910 	ldr.w	r5, [r3, #2320]	@ 0x910
 8002bec:	f36f 45dc 	bfc	r5, #19, #10
 8002bf0:	f8c3 5910 	str.w	r5, [r3, #2320]	@ 0x910
      USBx_INEP(epnum)->DIEPTSIZ |= (USB_OTG_DIEPTSIZ_PKTCNT & (1U << 19));
 8002bf4:	f8d3 5910 	ldr.w	r5, [r3, #2320]	@ 0x910
 8002bf8:	f445 2500 	orr.w	r5, r5, #524288	@ 0x80000
 8002bfc:	f8c3 5910 	str.w	r5, [r3, #2320]	@ 0x910
      USBx_INEP(epnum)->DIEPTSIZ &= ~(USB_OTG_DIEPTSIZ_XFRSIZ);
 8002c00:	f8d3 5910 	ldr.w	r5, [r3, #2320]	@ 0x910
 8002c04:	f36f 0512 	bfc	r5, #0, #19
 8002c08:	f8c3 5910 	str.w	r5, [r3, #2320]	@ 0x910
    if (dma == 1U)
 8002c0c:	2a01      	cmp	r2, #1
 8002c0e:	d054      	beq.n	8002cba <USB_EPStartXfer+0x142>
      USBx_INEP(epnum)->DIEPCTL |= (USB_OTG_DIEPCTL_CNAK | USB_OTG_DIEPCTL_EPENA);
 8002c10:	eb00 1444 	add.w	r4, r0, r4, lsl #5
 8002c14:	f8d4 3900 	ldr.w	r3, [r4, #2304]	@ 0x900
 8002c18:	f043 4304 	orr.w	r3, r3, #2214592512	@ 0x84000000
 8002c1c:	f8c4 3900 	str.w	r3, [r4, #2304]	@ 0x900
      if (ep->type != EP_TYPE_ISOC)
 8002c20:	790b      	ldrb	r3, [r1, #4]
 8002c22:	2b01      	cmp	r3, #1
 8002c24:	d072      	beq.n	8002d0c <USB_EPStartXfer+0x194>
        if (ep->xfer_len > 0U)
 8002c26:	690b      	ldr	r3, [r1, #16]
 8002c28:	2b00      	cmp	r3, #0
 8002c2a:	d0d6      	beq.n	8002bda <USB_EPStartXfer+0x62>
          USBx_DEVICE->DIEPEMPMSK |= 1UL << (ep->num & EP_ADDR_MSK);
 8002c2c:	f8d0 3834 	ldr.w	r3, [r0, #2100]	@ 0x834
 8002c30:	7809      	ldrb	r1, [r1, #0]
 8002c32:	f001 010f 	and.w	r1, r1, #15
 8002c36:	2201      	movs	r2, #1
 8002c38:	408a      	lsls	r2, r1
 8002c3a:	4313      	orrs	r3, r2
 8002c3c:	f8c0 3834 	str.w	r3, [r0, #2100]	@ 0x834
 8002c40:	e7cb      	b.n	8002bda <USB_EPStartXfer+0x62>
      USBx_INEP(epnum)->DIEPTSIZ &= ~(USB_OTG_DIEPTSIZ_XFRSIZ);
 8002c42:	eb00 1344 	add.w	r3, r0, r4, lsl #5
 8002c46:	f503 6310 	add.w	r3, r3, #2304	@ 0x900
 8002c4a:	691d      	ldr	r5, [r3, #16]
 8002c4c:	f36f 0512 	bfc	r5, #0, #19
 8002c50:	611d      	str	r5, [r3, #16]
      USBx_INEP(epnum)->DIEPTSIZ &= ~(USB_OTG_DIEPTSIZ_PKTCNT);
 8002c52:	691d      	ldr	r5, [r3, #16]
 8002c54:	f36f 45dc 	bfc	r5, #19, #10
 8002c58:	611d      	str	r5, [r3, #16]
      if (epnum == 0U)
 8002c5a:	b984      	cbnz	r4, 8002c7e <USB_EPStartXfer+0x106>
        if (ep->xfer_len > ep->maxpacket)
 8002c5c:	690e      	ldr	r6, [r1, #16]
 8002c5e:	688d      	ldr	r5, [r1, #8]
 8002c60:	42ae      	cmp	r6, r5
 8002c62:	d900      	bls.n	8002c66 <USB_EPStartXfer+0xee>
          ep->xfer_len = ep->maxpacket;
 8002c64:	610d      	str	r5, [r1, #16]
        USBx_INEP(epnum)->DIEPTSIZ |= (USB_OTG_DIEPTSIZ_PKTCNT & (1U << 19));
 8002c66:	691d      	ldr	r5, [r3, #16]
 8002c68:	f445 2500 	orr.w	r5, r5, #524288	@ 0x80000
 8002c6c:	611d      	str	r5, [r3, #16]
      USBx_INEP(epnum)->DIEPTSIZ |= (USB_OTG_DIEPTSIZ_XFRSIZ & ep->xfer_len);
 8002c6e:	691d      	ldr	r5, [r3, #16]
 8002c70:	690e      	ldr	r6, [r1, #16]
 8002c72:	f3c6 0c12 	ubfx	ip, r6, #0, #19
 8002c76:	ea45 050c 	orr.w	r5, r5, ip
 8002c7a:	611d      	str	r5, [r3, #16]
 8002c7c:	e7c6      	b.n	8002c0c <USB_EPStartXfer+0x94>
        pktcnt = (uint16_t)((ep->xfer_len + ep->maxpacket - 1U) / ep->maxpacket);
 8002c7e:	690d      	ldr	r5, [r1, #16]
 8002c80:	688e      	ldr	r6, [r1, #8]
 8002c82:	4435      	add	r5, r6
 8002c84:	3d01      	subs	r5, #1
 8002c86:	fbb5 f5f6 	udiv	r5, r5, r6
        USBx_INEP(epnum)->DIEPTSIZ |= (USB_OTG_DIEPTSIZ_PKTCNT & ((uint32_t)pktcnt << 19));
 8002c8a:	691e      	ldr	r6, [r3, #16]
 8002c8c:	fa1f fc85 	uxth.w	ip, r5
 8002c90:	4f49      	ldr	r7, [pc, #292]	@ (8002db8 <USB_EPStartXfer+0x240>)
 8002c92:	ea07 45c5 	and.w	r5, r7, r5, lsl #19
 8002c96:	4335      	orrs	r5, r6
 8002c98:	611d      	str	r5, [r3, #16]
        if (ep->type == EP_TYPE_ISOC)
 8002c9a:	790d      	ldrb	r5, [r1, #4]
 8002c9c:	2d01      	cmp	r5, #1
 8002c9e:	d1e6      	bne.n	8002c6e <USB_EPStartXfer+0xf6>
          USBx_INEP(epnum)->DIEPTSIZ &= ~(USB_OTG_DIEPTSIZ_MULCNT);
 8002ca0:	691d      	ldr	r5, [r3, #16]
 8002ca2:	f025 45c0 	bic.w	r5, r5, #1610612736	@ 0x60000000
 8002ca6:	611d      	str	r5, [r3, #16]
          USBx_INEP(epnum)->DIEPTSIZ |= (USB_OTG_DIEPTSIZ_MULCNT & ((uint32_t)pktcnt << 29));
 8002ca8:	691d      	ldr	r5, [r3, #16]
 8002caa:	ea4f 7c4c 	mov.w	ip, ip, lsl #29
 8002cae:	f00c 4cc0 	and.w	ip, ip, #1610612736	@ 0x60000000
 8002cb2:	ea45 050c 	orr.w	r5, r5, ip
 8002cb6:	611d      	str	r5, [r3, #16]
 8002cb8:	e7d9      	b.n	8002c6e <USB_EPStartXfer+0xf6>
      if ((uint32_t)ep->dma_addr != 0U)
 8002cba:	69cb      	ldr	r3, [r1, #28]
 8002cbc:	b11b      	cbz	r3, 8002cc6 <USB_EPStartXfer+0x14e>
        USBx_INEP(epnum)->DIEPDMA = (uint32_t)(ep->dma_addr);
 8002cbe:	eb00 1244 	add.w	r2, r0, r4, lsl #5
 8002cc2:	f8c2 3914 	str.w	r3, [r2, #2324]	@ 0x914
      if (ep->type == EP_TYPE_ISOC)
 8002cc6:	790b      	ldrb	r3, [r1, #4]
 8002cc8:	2b01      	cmp	r3, #1
 8002cca:	d008      	beq.n	8002cde <USB_EPStartXfer+0x166>
      USBx_INEP(epnum)->DIEPCTL |= (USB_OTG_DIEPCTL_CNAK | USB_OTG_DIEPCTL_EPENA);
 8002ccc:	eb00 1444 	add.w	r4, r0, r4, lsl #5
 8002cd0:	f8d4 3900 	ldr.w	r3, [r4, #2304]	@ 0x900
 8002cd4:	f043 4304 	orr.w	r3, r3, #2214592512	@ 0x84000000
 8002cd8:	f8c4 3900 	str.w	r3, [r4, #2304]	@ 0x900
 8002cdc:	e77d      	b.n	8002bda <USB_EPStartXfer+0x62>
        if ((USBx_DEVICE->DSTS & (1U << 8)) == 0U)
 8002cde:	f8d0 3808 	ldr.w	r3, [r0, #2056]	@ 0x808
 8002ce2:	f413 7f80 	tst.w	r3, #256	@ 0x100
 8002ce6:	d108      	bne.n	8002cfa <USB_EPStartXfer+0x182>
          USBx_INEP(epnum)->DIEPCTL |= USB_OTG_DIEPCTL_SODDFRM;
 8002ce8:	eb00 1244 	add.w	r2, r0, r4, lsl #5
 8002cec:	f8d2 3900 	ldr.w	r3, [r2, #2304]	@ 0x900
 8002cf0:	f043 5300 	orr.w	r3, r3, #536870912	@ 0x20000000
 8002cf4:	f8c2 3900 	str.w	r3, [r2, #2304]	@ 0x900
 8002cf8:	e7e8      	b.n	8002ccc <USB_EPStartXfer+0x154>
          USBx_INEP(epnum)->DIEPCTL |= USB_OTG_DIEPCTL_SD0PID_SEVNFRM;
 8002cfa:	eb00 1244 	add.w	r2, r0, r4, lsl #5
 8002cfe:	f8d2 3900 	ldr.w	r3, [r2, #2304]	@ 0x900
 8002d02:	f043 5380 	orr.w	r3, r3, #268435456	@ 0x10000000
 8002d06:	f8c2 3900 	str.w	r3, [r2, #2304]	@ 0x900
 8002d0a:	e7df      	b.n	8002ccc <USB_EPStartXfer+0x154>
        if ((USBx_DEVICE->DSTS & (1U << 8)) == 0U)
 8002d0c:	f8d0 3808 	ldr.w	r3, [r0, #2056]	@ 0x808
 8002d10:	f413 7f80 	tst.w	r3, #256	@ 0x100
 8002d14:	d10c      	bne.n	8002d30 <USB_EPStartXfer+0x1b8>
          USBx_INEP(epnum)->DIEPCTL |= USB_OTG_DIEPCTL_SODDFRM;
 8002d16:	f8d4 3900 	ldr.w	r3, [r4, #2304]	@ 0x900
 8002d1a:	f043 5300 	orr.w	r3, r3, #536870912	@ 0x20000000
 8002d1e:	f8c4 3900 	str.w	r3, [r4, #2304]	@ 0x900
        (void)USB_WritePacket(USBx, ep->xfer_buff, ep->num, (uint16_t)ep->xfer_len, dma);
 8002d22:	9200      	str	r2, [sp, #0]
 8002d24:	8a0b      	ldrh	r3, [r1, #16]
 8002d26:	780a      	ldrb	r2, [r1, #0]
 8002d28:	68c9      	ldr	r1, [r1, #12]
 8002d2a:	f7ff ff0e 	bl	8002b4a <USB_WritePacket>
 8002d2e:	e754      	b.n	8002bda <USB_EPStartXfer+0x62>
          USBx_INEP(epnum)->DIEPCTL |= USB_OTG_DIEPCTL_SD0PID_SEVNFRM;
 8002d30:	f8d4 3900 	ldr.w	r3, [r4, #2304]	@ 0x900
 8002d34:	f043 5380 	orr.w	r3, r3, #268435456	@ 0x10000000
 8002d38:	f8c4 3900 	str.w	r3, [r4, #2304]	@ 0x900
 8002d3c:	e7f1      	b.n	8002d22 <USB_EPStartXfer+0x1aa>
      if (ep->xfer_len == 0U)
 8002d3e:	690c      	ldr	r4, [r1, #16]
 8002d40:	b954      	cbnz	r4, 8002d58 <USB_EPStartXfer+0x1e0>
        USBx_OUTEP(epnum)->DOEPTSIZ |= (USB_OTG_DOEPTSIZ_XFRSIZ & ep->maxpacket);
 8002d42:	691c      	ldr	r4, [r3, #16]
 8002d44:	688d      	ldr	r5, [r1, #8]
 8002d46:	f3c5 0512 	ubfx	r5, r5, #0, #19
 8002d4a:	432c      	orrs	r4, r5
 8002d4c:	611c      	str	r4, [r3, #16]
        USBx_OUTEP(epnum)->DOEPTSIZ |= (USB_OTG_DOEPTSIZ_PKTCNT & (1U << 19));
 8002d4e:	691c      	ldr	r4, [r3, #16]
 8002d50:	f444 2400 	orr.w	r4, r4, #524288	@ 0x80000
 8002d54:	611c      	str	r4, [r3, #16]
 8002d56:	e733      	b.n	8002bc0 <USB_EPStartXfer+0x48>
        pktcnt = (uint16_t)((ep->xfer_len + ep->maxpacket - 1U) / ep->maxpacket);
 8002d58:	688d      	ldr	r5, [r1, #8]
 8002d5a:	442c      	add	r4, r5
 8002d5c:	3c01      	subs	r4, #1
 8002d5e:	fbb4 f4f5 	udiv	r4, r4, r5
        ep->xfer_size = ep->maxpacket * pktcnt;
 8002d62:	b2a4      	uxth	r4, r4
 8002d64:	fb04 f505 	mul.w	r5, r4, r5
 8002d68:	620d      	str	r5, [r1, #32]
        USBx_OUTEP(epnum)->DOEPTSIZ |= USB_OTG_DOEPTSIZ_PKTCNT & ((uint32_t)pktcnt << 19);
 8002d6a:	691d      	ldr	r5, [r3, #16]
 8002d6c:	4e12      	ldr	r6, [pc, #72]	@ (8002db8 <USB_EPStartXfer+0x240>)
 8002d6e:	ea06 44c4 	and.w	r4, r6, r4, lsl #19
 8002d72:	432c      	orrs	r4, r5
 8002d74:	611c      	str	r4, [r3, #16]
        USBx_OUTEP(epnum)->DOEPTSIZ |= USB_OTG_DOEPTSIZ_XFRSIZ & ep->xfer_size;
 8002d76:	691c      	ldr	r4, [r3, #16]
 8002d78:	6a0d      	ldr	r5, [r1, #32]
 8002d7a:	f3c5 0512 	ubfx	r5, r5, #0, #19
 8002d7e:	432c      	orrs	r4, r5
 8002d80:	611c      	str	r4, [r3, #16]
 8002d82:	e71d      	b.n	8002bc0 <USB_EPStartXfer+0x48>
      if ((uint32_t)ep->xfer_buff != 0U)
 8002d84:	68ca      	ldr	r2, [r1, #12]
 8002d86:	2a00      	cmp	r2, #0
 8002d88:	f43f af1d 	beq.w	8002bc6 <USB_EPStartXfer+0x4e>
        USBx_OUTEP(epnum)->DOEPDMA = (uint32_t)(ep->xfer_buff);
 8002d8c:	615a      	str	r2, [r3, #20]
 8002d8e:	e71a      	b.n	8002bc6 <USB_EPStartXfer+0x4e>
      if ((USBx_DEVICE->DSTS & (1U << 8)) == 0U)
 8002d90:	f8d0 3808 	ldr.w	r3, [r0, #2056]	@ 0x808
 8002d94:	f413 7f80 	tst.w	r3, #256	@ 0x100
 8002d98:	d106      	bne.n	8002da8 <USB_EPStartXfer+0x230>
        USBx_OUTEP(epnum)->DOEPCTL |= USB_OTG_DOEPCTL_SODDFRM;
 8002d9a:	f8dc 3b00 	ldr.w	r3, [ip, #2816]	@ 0xb00
 8002d9e:	f043 5300 	orr.w	r3, r3, #536870912	@ 0x20000000
 8002da2:	f8cc 3b00 	str.w	r3, [ip, #2816]	@ 0xb00
 8002da6:	e712      	b.n	8002bce <USB_EPStartXfer+0x56>
        USBx_OUTEP(epnum)->DOEPCTL |= USB_OTG_DOEPCTL_SD0PID_SEVNFRM;
 8002da8:	f8dc 3b00 	ldr.w	r3, [ip, #2816]	@ 0xb00
 8002dac:	f043 5380 	orr.w	r3, r3, #268435456	@ 0x10000000
 8002db0:	f8cc 3b00 	str.w	r3, [ip, #2816]	@ 0xb00
 8002db4:	e70b      	b.n	8002bce <USB_EPStartXfer+0x56>
 8002db6:	bf00      	nop
 8002db8:	1ff80000 	.word	0x1ff80000

08002dbc <USB_ReadPacket>:
{
 8002dbc:	b510      	push	{r4, lr}
 8002dbe:	4684      	mov	ip, r0
 8002dc0:	4608      	mov	r0, r1
  uint32_t count32b = (uint32_t)len >> 2U;
 8002dc2:	ea4f 0e92 	mov.w	lr, r2, lsr #2
  uint16_t remaining_bytes = len % 4U;
 8002dc6:	f002 0203 	and.w	r2, r2, #3
  for (i = 0U; i < count32b; i++)
 8002dca:	2300      	movs	r3, #0
 8002dcc:	e005      	b.n	8002dda <USB_ReadPacket+0x1e>
    __UNALIGNED_UINT32_WRITE(pDest, USBx_DFIFO(0U));
 8002dce:	f50c 5180 	add.w	r1, ip, #4096	@ 0x1000
 8002dd2:	6809      	ldr	r1, [r1, #0]
 8002dd4:	f840 1b04 	str.w	r1, [r0], #4
  for (i = 0U; i < count32b; i++)
 8002dd8:	3301      	adds	r3, #1
 8002dda:	4573      	cmp	r3, lr
 8002ddc:	d3f7      	bcc.n	8002dce <USB_ReadPacket+0x12>
  if (remaining_bytes != 0U)
 8002dde:	b17a      	cbz	r2, 8002e00 <USB_ReadPacket+0x44>
    __UNALIGNED_UINT32_WRITE(&pData, USBx_DFIFO(0U));
 8002de0:	f50c 5c80 	add.w	ip, ip, #4096	@ 0x1000
 8002de4:	f8dc 4000 	ldr.w	r4, [ip]
    i = 0U;
 8002de8:	2100      	movs	r1, #0
      *(uint8_t *)pDest = (uint8_t)(pData >> (8U * (uint8_t)(i)));
 8002dea:	b2cb      	uxtb	r3, r1
 8002dec:	00db      	lsls	r3, r3, #3
 8002dee:	fa24 f303 	lsr.w	r3, r4, r3
 8002df2:	f800 3b01 	strb.w	r3, [r0], #1
      i++;
 8002df6:	3101      	adds	r1, #1
      remaining_bytes--;
 8002df8:	3a01      	subs	r2, #1
 8002dfa:	b292      	uxth	r2, r2
    } while (remaining_bytes != 0U);
 8002dfc:	2a00      	cmp	r2, #0
 8002dfe:	d1f4      	bne.n	8002dea <USB_ReadPacket+0x2e>
}
 8002e00:	bd10      	pop	{r4, pc}

08002e02 <USB_EPSetStall>:
  uint32_t epnum = (uint32_t)ep->num;
 8002e02:	780b      	ldrb	r3, [r1, #0]
  if (ep->is_in == 1U)
 8002e04:	784a      	ldrb	r2, [r1, #1]
 8002e06:	2a01      	cmp	r2, #1
 8002e08:	d014      	beq.n	8002e34 <USB_EPSetStall+0x32>
    if (((USBx_OUTEP(epnum)->DOEPCTL & USB_OTG_DOEPCTL_EPENA) == 0U) && (epnum != 0U))
 8002e0a:	eb00 1043 	add.w	r0, r0, r3, lsl #5
 8002e0e:	f8d0 2b00 	ldr.w	r2, [r0, #2816]	@ 0xb00
 8002e12:	2a00      	cmp	r2, #0
 8002e14:	db06      	blt.n	8002e24 <USB_EPSetStall+0x22>
 8002e16:	b12b      	cbz	r3, 8002e24 <USB_EPSetStall+0x22>
      USBx_OUTEP(epnum)->DOEPCTL &= ~(USB_OTG_DOEPCTL_EPDIS);
 8002e18:	f8d0 3b00 	ldr.w	r3, [r0, #2816]	@ 0xb00
 8002e1c:	f023 4380 	bic.w	r3, r3, #1073741824	@ 0x40000000
 8002e20:	f8c0 3b00 	str.w	r3, [r0, #2816]	@ 0xb00
    USBx_OUTEP(epnum)->DOEPCTL |= USB_OTG_DOEPCTL_STALL;
 8002e24:	f8d0 3b00 	ldr.w	r3, [r0, #2816]	@ 0xb00
 8002e28:	f443 1300 	orr.w	r3, r3, #2097152	@ 0x200000
 8002e2c:	f8c0 3b00 	str.w	r3, [r0, #2816]	@ 0xb00
}
 8002e30:	2000      	movs	r0, #0
 8002e32:	4770      	bx	lr
    if (((USBx_INEP(epnum)->DIEPCTL & USB_OTG_DIEPCTL_EPENA) == 0U) && (epnum != 0U))
 8002e34:	eb00 1043 	add.w	r0, r0, r3, lsl #5
 8002e38:	f8d0 2900 	ldr.w	r2, [r0, #2304]	@ 0x900
 8002e3c:	2a00      	cmp	r2, #0
 8002e3e:	db06      	blt.n	8002e4e <USB_EPSetStall+0x4c>
 8002e40:	b12b      	cbz	r3, 8002e4e <USB_EPSetStall+0x4c>
      USBx_INEP(epnum)->DIEPCTL &= ~(USB_OTG_DIEPCTL_EPDIS);
 8002e42:	f8d0 3900 	ldr.w	r3, [r0, #2304]	@ 0x900
 8002e46:	f023 4380 	bic.w	r3, r3, #1073741824	@ 0x40000000
 8002e4a:	f8c0 3900 	str.w	r3, [r0, #2304]	@ 0x900
    USBx_INEP(epnum)->DIEPCTL |= USB_OTG_DIEPCTL_STALL;
 8002e4e:	f8d0 3900 	ldr.w	r3, [r0, #2304]	@ 0x900
 8002e52:	f443 1300 	orr.w	r3, r3, #2097152	@ 0x200000
 8002e56:	f8c0 3900 	str.w	r3, [r0, #2304]	@ 0x900
 8002e5a:	e7e9      	b.n	8002e30 <USB_EPSetStall+0x2e>

08002e5c <USB_EPClearStall>:
  uint32_t epnum = (uint32_t)ep->num;
 8002e5c:	780b      	ldrb	r3, [r1, #0]
  if (ep->is_in == 1U)
 8002e5e:	784a      	ldrb	r2, [r1, #1]
 8002e60:	2a01      	cmp	r2, #1
 8002e62:	d00e      	beq.n	8002e82 <USB_EPClearStall+0x26>
    USBx_OUTEP(epnum)->DOEPCTL &= ~USB_OTG_DOEPCTL_STALL;
 8002e64:	eb00 1043 	add.w	r0, r0, r3, lsl #5
 8002e68:	f8d0 3b00 	ldr.w	r3, [r0, #2816]	@ 0xb00
 8002e6c:	f423 1300 	bic.w	r3, r3, #2097152	@ 0x200000
 8002e70:	f8c0 3b00 	str.w	r3, [r0, #2816]	@ 0xb00
    if ((ep->type == EP_TYPE_INTR) || (ep->type == EP_TYPE_BULK))
 8002e74:	790b      	ldrb	r3, [r1, #4]
 8002e76:	3b02      	subs	r3, #2
 8002e78:	b2db      	uxtb	r3, r3
 8002e7a:	2b01      	cmp	r3, #1
 8002e7c:	d915      	bls.n	8002eaa <USB_EPClearStall+0x4e>
}
 8002e7e:	2000      	movs	r0, #0
 8002e80:	4770      	bx	lr
    USBx_INEP(epnum)->DIEPCTL &= ~USB_OTG_DIEPCTL_STALL;
 8002e82:	eb00 1043 	add.w	r0, r0, r3, lsl #5
 8002e86:	f8d0 3900 	ldr.w	r3, [r0, #2304]	@ 0x900
 8002e8a:	f423 1300 	bic.w	r3, r3, #2097152	@ 0x200000
 8002e8e:	f8c0 3900 	str.w	r3, [r0, #2304]	@ 0x900
    if ((ep->type == EP_TYPE_INTR) || (ep->type == EP_TYPE_BULK))
 8002e92:	790b      	ldrb	r3, [r1, #4]
 8002e94:	3b02      	subs	r3, #2
 8002e96:	b2db      	uxtb	r3, r3
 8002e98:	2b01      	cmp	r3, #1
 8002e9a:	d8f0      	bhi.n	8002e7e <USB_EPClearStall+0x22>
      USBx_INEP(epnum)->DIEPCTL |= USB_OTG_DIEPCTL_SD0PID_SEVNFRM; /* DATA0 */
 8002e9c:	f8d0 3900 	ldr.w	r3, [r0, #2304]	@ 0x900
 8002ea0:	f043 5380 	orr.w	r3, r3, #268435456	@ 0x10000000
 8002ea4:	f8c0 3900 	str.w	r3, [r0, #2304]	@ 0x900
 8002ea8:	e7e9      	b.n	8002e7e <USB_EPClearStall+0x22>
      USBx_OUTEP(epnum)->DOEPCTL |= USB_OTG_DOEPCTL_SD0PID_SEVNFRM; /* DATA0 */
 8002eaa:	f8d0 3b00 	ldr.w	r3, [r0, #2816]	@ 0xb00
 8002eae:	f043 5380 	orr.w	r3, r3, #268435456	@ 0x10000000
 8002eb2:	f8c0 3b00 	str.w	r3, [r0, #2816]	@ 0xb00
 8002eb6:	e7e2      	b.n	8002e7e <USB_EPClearStall+0x22>

08002eb8 <USB_SetDevAddress>:
  USBx_DEVICE->DCFG &= ~(USB_OTG_DCFG_DAD);
 8002eb8:	f8d0 3800 	ldr.w	r3, [r0, #2048]	@ 0x800
 8002ebc:	f423 63fe 	bic.w	r3, r3, #2032	@ 0x7f0
 8002ec0:	f8c0 3800 	str.w	r3, [r0, #2048]	@ 0x800
  USBx_DEVICE->DCFG |= ((uint32_t)address << 4) & USB_OTG_DCFG_DAD;
 8002ec4:	f8d0 3800 	ldr.w	r3, [r0, #2048]	@ 0x800
 8002ec8:	0109      	lsls	r1, r1, #4
 8002eca:	f401 61fe 	and.w	r1, r1, #2032	@ 0x7f0
 8002ece:	430b      	orrs	r3, r1
 8002ed0:	f8c0 3800 	str.w	r3, [r0, #2048]	@ 0x800
}
 8002ed4:	2000      	movs	r0, #0
 8002ed6:	4770      	bx	lr

08002ed8 <USB_DevConnect>:
  USBx_PCGCCTL &= ~(USB_OTG_PCGCCTL_STOPCLK | USB_OTG_PCGCCTL_GATECLK);
 8002ed8:	f8d0 3e00 	ldr.w	r3, [r0, #3584]	@ 0xe00
 8002edc:	f023 0303 	bic.w	r3, r3, #3
 8002ee0:	f8c0 3e00 	str.w	r3, [r0, #3584]	@ 0xe00
  USBx_DEVICE->DCTL &= ~USB_OTG_DCTL_SDIS;
 8002ee4:	f8d0 3804 	ldr.w	r3, [r0, #2052]	@ 0x804
 8002ee8:	f023 0302 	bic.w	r3, r3, #2
 8002eec:	f8c0 3804 	str.w	r3, [r0, #2052]	@ 0x804
}
 8002ef0:	2000      	movs	r0, #0
 8002ef2:	4770      	bx	lr

08002ef4 <USB_DevDisconnect>:
  USBx_PCGCCTL &= ~(USB_OTG_PCGCCTL_STOPCLK | USB_OTG_PCGCCTL_GATECLK);
 8002ef4:	f8d0 3e00 	ldr.w	r3, [r0, #3584]	@ 0xe00
 8002ef8:	f023 0303 	bic.w	r3, r3, #3
 8002efc:	f8c0 3e00 	str.w	r3, [r0, #3584]	@ 0xe00
  USBx_DEVICE->DCTL |= USB_OTG_DCTL_SDIS;
 8002f00:	f8d0 3804 	ldr.w	r3, [r0, #2052]	@ 0x804
 8002f04:	f043 0302 	orr.w	r3, r3, #2
 8002f08:	f8c0 3804 	str.w	r3, [r0, #2052]	@ 0x804
}
 8002f0c:	2000      	movs	r0, #0
 8002f0e:	4770      	bx	lr

08002f10 <USB_ReadInterrupts>:
  tmpreg = USBx->GINTSTS;
 8002f10:	6942      	ldr	r2, [r0, #20]
  tmpreg &= USBx->GINTMSK;
 8002f12:	6980      	ldr	r0, [r0, #24]
}
 8002f14:	4010      	ands	r0, r2
 8002f16:	4770      	bx	lr

08002f18 <USB_ReadDevAllOutEpInterrupt>:
  tmpreg  = USBx_DEVICE->DAINT;
 8002f18:	f8d0 3818 	ldr.w	r3, [r0, #2072]	@ 0x818
 8002f1c:	f500 6000 	add.w	r0, r0, #2048	@ 0x800
  tmpreg &= USBx_DEVICE->DAINTMSK;
 8002f20:	69c0      	ldr	r0, [r0, #28]
 8002f22:	4018      	ands	r0, r3
}
 8002f24:	0c00      	lsrs	r0, r0, #16
 8002f26:	4770      	bx	lr

08002f28 <USB_ReadDevAllInEpInterrupt>:
  tmpreg  = USBx_DEVICE->DAINT;
 8002f28:	f8d0 3818 	ldr.w	r3, [r0, #2072]	@ 0x818
 8002f2c:	f500 6000 	add.w	r0, r0, #2048	@ 0x800
  tmpreg &= USBx_DEVICE->DAINTMSK;
 8002f30:	69c0      	ldr	r0, [r0, #28]
 8002f32:	4018      	ands	r0, r3
}
 8002f34:	b280      	uxth	r0, r0
 8002f36:	4770      	bx	lr

08002f38 <USB_ReadDevOutEPInterrupt>:
  tmpreg  = USBx_OUTEP((uint32_t)epnum)->DOEPINT;
 8002f38:	eb00 1141 	add.w	r1, r0, r1, lsl #5
 8002f3c:	f8d1 2b08 	ldr.w	r2, [r1, #2824]	@ 0xb08
  tmpreg &= USBx_DEVICE->DOEPMSK;
 8002f40:	f500 6000 	add.w	r0, r0, #2048	@ 0x800
 8002f44:	6940      	ldr	r0, [r0, #20]
}
 8002f46:	4010      	ands	r0, r2
 8002f48:	4770      	bx	lr

08002f4a <USB_ReadDevInEPInterrupt>:
  msk = USBx_DEVICE->DIEPMSK;
 8002f4a:	f8d0 2810 	ldr.w	r2, [r0, #2064]	@ 0x810
  emp = USBx_DEVICE->DIEPEMPMSK;
 8002f4e:	f8d0 3834 	ldr.w	r3, [r0, #2100]	@ 0x834
  msk |= ((emp >> (epnum & EP_ADDR_MSK)) & 0x1U) << 7;
 8002f52:	f001 0c0f 	and.w	ip, r1, #15
 8002f56:	fa23 f30c 	lsr.w	r3, r3, ip
 8002f5a:	01db      	lsls	r3, r3, #7
 8002f5c:	b2db      	uxtb	r3, r3
 8002f5e:	4313      	orrs	r3, r2
  tmpreg = USBx_INEP((uint32_t)epnum)->DIEPINT & msk;
 8002f60:	eb00 1041 	add.w	r0, r0, r1, lsl #5
 8002f64:	f500 6010 	add.w	r0, r0, #2304	@ 0x900
 8002f68:	6880      	ldr	r0, [r0, #8]
}
 8002f6a:	4018      	ands	r0, r3
 8002f6c:	4770      	bx	lr

08002f6e <USB_GetMode>:
  return ((USBx->GINTSTS) & 0x1U);
 8002f6e:	6940      	ldr	r0, [r0, #20]
}
 8002f70:	f000 0001 	and.w	r0, r0, #1
 8002f74:	4770      	bx	lr

08002f76 <USB_SetCurrentMode>:
{
 8002f76:	b538      	push	{r3, r4, r5, lr}
 8002f78:	4605      	mov	r5, r0
  USBx->GUSBCFG &= ~(USB_OTG_GUSBCFG_FHMOD | USB_OTG_GUSBCFG_FDMOD);
 8002f7a:	68c3      	ldr	r3, [r0, #12]
 8002f7c:	f023 43c0 	bic.w	r3, r3, #1610612736	@ 0x60000000
 8002f80:	60c3      	str	r3, [r0, #12]
  if (mode == USB_HOST_MODE)
 8002f82:	2901      	cmp	r1, #1
 8002f84:	d013      	beq.n	8002fae <USB_SetCurrentMode+0x38>
  else if (mode == USB_DEVICE_MODE)
 8002f86:	bb19      	cbnz	r1, 8002fd0 <USB_SetCurrentMode+0x5a>
    USBx->GUSBCFG |= USB_OTG_GUSBCFG_FDMOD;
 8002f88:	68c3      	ldr	r3, [r0, #12]
 8002f8a:	f043 4380 	orr.w	r3, r3, #1073741824	@ 0x40000000
 8002f8e:	60c3      	str	r3, [r0, #12]
  uint32_t ms = 0U;
 8002f90:	2400      	movs	r4, #0
      HAL_Delay(10U);
 8002f92:	200a      	movs	r0, #10
 8002f94:	f7fd fd76 	bl	8000a84 <HAL_Delay>
      ms += 10U;
 8002f98:	340a      	adds	r4, #10
    } while ((USB_GetMode(USBx) != (uint32_t)USB_DEVICE_MODE) && (ms < HAL_USB_CURRENT_MODE_MAX_DELAY_MS));
 8002f9a:	4628      	mov	r0, r5
 8002f9c:	f7ff ffe7 	bl	8002f6e <USB_GetMode>
 8002fa0:	b108      	cbz	r0, 8002fa6 <USB_SetCurrentMode+0x30>
 8002fa2:	2cc7      	cmp	r4, #199	@ 0xc7
 8002fa4:	d9f5      	bls.n	8002f92 <USB_SetCurrentMode+0x1c>
  if (ms == HAL_USB_CURRENT_MODE_MAX_DELAY_MS)
 8002fa6:	2cc8      	cmp	r4, #200	@ 0xc8
 8002fa8:	d014      	beq.n	8002fd4 <USB_SetCurrentMode+0x5e>
  return HAL_OK;
 8002faa:	2000      	movs	r0, #0
}
 8002fac:	bd38      	pop	{r3, r4, r5, pc}
    USBx->GUSBCFG |= USB_OTG_GUSBCFG_FHMOD;
 8002fae:	68c3      	ldr	r3, [r0, #12]
 8002fb0:	f043 5300 	orr.w	r3, r3, #536870912	@ 0x20000000
 8002fb4:	60c3      	str	r3, [r0, #12]
  uint32_t ms = 0U;
 8002fb6:	2400      	movs	r4, #0
      HAL_Delay(10U);
 8002fb8:	200a      	movs	r0, #10
 8002fba:	f7fd fd63 	bl	8000a84 <HAL_Delay>
      ms += 10U;
 8002fbe:	340a      	adds	r4, #10
    } while ((USB_GetMode(USBx) != (uint32_t)USB_HOST_MODE) && (ms < HAL_USB_CURRENT_MODE_MAX_DELAY_MS));
 8002fc0:	4628      	mov	r0, r5
 8002fc2:	f7ff ffd4 	bl	8002f6e <USB_GetMode>
 8002fc6:	2801      	cmp	r0, #1
 8002fc8:	d0ed      	beq.n	8002fa6 <USB_SetCurrentMode+0x30>
 8002fca:	2cc7      	cmp	r4, #199	@ 0xc7
 8002fcc:	d9f4      	bls.n	8002fb8 <USB_SetCurrentMode+0x42>
 8002fce:	e7ea      	b.n	8002fa6 <USB_SetCurrentMode+0x30>
    return HAL_ERROR;
 8002fd0:	2001      	movs	r0, #1
 8002fd2:	e7eb      	b.n	8002fac <USB_SetCurrentMode+0x36>
    return HAL_ERROR;
 8002fd4:	2001      	movs	r0, #1
 8002fd6:	e7e9      	b.n	8002fac <USB_SetCurrentMode+0x36>

08002fd8 <USB_ActivateSetup>:
  USBx_INEP(0U)->DIEPCTL &= ~USB_OTG_DIEPCTL_MPSIZ;
 8002fd8:	f8d0 3900 	ldr.w	r3, [r0, #2304]	@ 0x900
 8002fdc:	f36f 030a 	bfc	r3, #0, #11
 8002fe0:	f8c0 3900 	str.w	r3, [r0, #2304]	@ 0x900
  USBx_DEVICE->DCTL |= USB_OTG_DCTL_CGINAK;
 8002fe4:	f8d0 3804 	ldr.w	r3, [r0, #2052]	@ 0x804
 8002fe8:	f443 7380 	orr.w	r3, r3, #256	@ 0x100
 8002fec:	f8c0 3804 	str.w	r3, [r0, #2052]	@ 0x804
}
 8002ff0:	2000      	movs	r0, #0
 8002ff2:	4770      	bx	lr

08002ff4 <USB_EP0_OutStart>:
{
 8002ff4:	b410      	push	{r4}
  uint32_t gSNPSiD = *(__IO const uint32_t *)(&USBx->CID + 0x1U);
 8002ff6:	6c04      	ldr	r4, [r0, #64]	@ 0x40
  if (gSNPSiD > USB_OTG_CORE_ID_300A)
 8002ff8:	4b15      	ldr	r3, [pc, #84]	@ (8003050 <USB_EP0_OutStart+0x5c>)
 8002ffa:	429c      	cmp	r4, r3
 8002ffc:	d903      	bls.n	8003006 <USB_EP0_OutStart+0x12>
    if ((USBx_OUTEP(0U)->DOEPCTL & USB_OTG_DOEPCTL_EPENA) == USB_OTG_DOEPCTL_EPENA)
 8002ffe:	f8d0 3b00 	ldr.w	r3, [r0, #2816]	@ 0xb00
 8003002:	2b00      	cmp	r3, #0
 8003004:	db16      	blt.n	8003034 <USB_EP0_OutStart+0x40>
  USBx_OUTEP(0U)->DOEPTSIZ = 0U;
 8003006:	2400      	movs	r4, #0
 8003008:	f8c0 4b10 	str.w	r4, [r0, #2832]	@ 0xb10
  USBx_OUTEP(0U)->DOEPTSIZ |= (USB_OTG_DOEPTSIZ_PKTCNT & (1U << 19));
 800300c:	f8d0 4b10 	ldr.w	r4, [r0, #2832]	@ 0xb10
 8003010:	f444 2400 	orr.w	r4, r4, #524288	@ 0x80000
 8003014:	f8c0 4b10 	str.w	r4, [r0, #2832]	@ 0xb10
  USBx_OUTEP(0U)->DOEPTSIZ |= (3U * 8U);
 8003018:	f8d0 4b10 	ldr.w	r4, [r0, #2832]	@ 0xb10
 800301c:	f044 0418 	orr.w	r4, r4, #24
 8003020:	f8c0 4b10 	str.w	r4, [r0, #2832]	@ 0xb10
  USBx_OUTEP(0U)->DOEPTSIZ |=  USB_OTG_DOEPTSIZ_STUPCNT;
 8003024:	f8d0 4b10 	ldr.w	r4, [r0, #2832]	@ 0xb10
 8003028:	f044 44c0 	orr.w	r4, r4, #1610612736	@ 0x60000000
 800302c:	f8c0 4b10 	str.w	r4, [r0, #2832]	@ 0xb10
  if (dma == 1U)
 8003030:	2901      	cmp	r1, #1
 8003032:	d003      	beq.n	800303c <USB_EP0_OutStart+0x48>
}
 8003034:	2000      	movs	r0, #0
 8003036:	f85d 4b04 	ldr.w	r4, [sp], #4
 800303a:	4770      	bx	lr
    USBx_OUTEP(0U)->DOEPDMA = (uint32_t)psetup;
 800303c:	f8c0 2b14 	str.w	r2, [r0, #2836]	@ 0xb14
    USBx_OUTEP(0U)->DOEPCTL |= USB_OTG_DOEPCTL_EPENA | USB_OTG_DOEPCTL_USBAEP;
 8003040:	f8d0 3b00 	ldr.w	r3, [r0, #2816]	@ 0xb00
 8003044:	f043 2380 	orr.w	r3, r3, #2147516416	@ 0x80008000
 8003048:	f8c0 3b00 	str.w	r3, [r0, #2816]	@ 0xb00
 800304c:	e7f2      	b.n	8003034 <USB_EP0_OutStart+0x40>
 800304e:	bf00      	nop
 8003050:	4f54300a 	.word	0x4f54300a

08003054 <SystemInit>:
  */
void SystemInit(void)
{
  /* FPU settings ------------------------------------------------------------*/
  #if (__FPU_PRESENT == 1) && (__FPU_USED == 1)
    SCB->CPACR |= ((3UL << 10*2)|(3UL << 11*2));  /* set CP10 and CP11 Full Access */
 8003054:	4a03      	ldr	r2, [pc, #12]	@ (8003064 <SystemInit+0x10>)
 8003056:	f8d2 3088 	ldr.w	r3, [r2, #136]	@ 0x88
 800305a:	f443 0370 	orr.w	r3, r3, #15728640	@ 0xf00000
 800305e:	f8c2 3088 	str.w	r3, [r2, #136]	@ 0x88

  /* Configure the Vector Table location -------------------------------------*/
#if defined(USER_VECT_TAB_ADDRESS)
  SCB->VTOR = VECT_TAB_BASE_ADDRESS | VECT_TAB_OFFSET; /* Vector Table Relocation in Internal SRAM */
#endif /* USER_VECT_TAB_ADDRESS */
}
 8003062:	4770      	bx	lr
 8003064:	e000ed00 	.word	0xe000ed00

08003068 <MX_USART1_UART_Init>:
UART_HandleTypeDef huart3;

/* USART1 init function */

void MX_USART1_UART_Init(void)
{
 8003068:	b508      	push	{r3, lr}
  /* USER CODE END USART1_Init 0 */

  /* USER CODE BEGIN USART1_Init 1 */

  /* USER CODE END USART1_Init 1 */
  huart1.Instance = USART1;
 800306a:	480a      	ldr	r0, [pc, #40]	@ (8003094 <MX_USART1_UART_Init+0x2c>)
 800306c:	4b0a      	ldr	r3, [pc, #40]	@ (8003098 <MX_USART1_UART_Init+0x30>)
 800306e:	6003      	str	r3, [r0, #0]
  huart1.Init.BaudRate = 115200;
 8003070:	f44f 33e1 	mov.w	r3, #115200	@ 0x1c200
 8003074:	6043      	str	r3, [r0, #4]
  huart1.Init.WordLength = UART_WORDLENGTH_8B;
 8003076:	2300      	movs	r3, #0
 8003078:	6083      	str	r3, [r0, #8]
  huart1.Init.StopBits = UART_STOPBITS_1;
 800307a:	60c3      	str	r3, [r0, #12]
  huart1.Init.Parity = UART_PARITY_NONE;
 800307c:	6103      	str	r3, [r0, #16]
  huart1.Init.Mode = UART_MODE_TX_RX;
 800307e:	220c      	movs	r2, #12
 8003080:	6142      	str	r2, [r0, #20]
  huart1.Init.HwFlowCtl = UART_HWCONTROL_NONE;
 8003082:	6183      	str	r3, [r0, #24]
  huart1.Init.OverSampling = UART_OVERSAMPLING_16;
 8003084:	61c3      	str	r3, [r0, #28]
  if (HAL_UART_Init(&huart1) != HAL_OK)
 8003086:	f7ff f9e1 	bl	800244c <HAL_UART_Init>
 800308a:	b900      	cbnz	r0, 800308e <MX_USART1_UART_Init+0x26>
  }
  /* USER CODE BEGIN USART1_Init 2 */

  /* USER CODE END USART1_Init 2 */

}
 800308c:	bd08      	pop	{r3, pc}
    Error_Handler();
 800308e:	f7fd fb37 	bl	8000700 <Error_Handler>
}
 8003092:	e7fb      	b.n	800308c <MX_USART1_UART_Init+0x24>
 8003094:	20000304 	.word	0x20000304
 8003098:	40011000 	.word	0x40011000

0800309c <MX_USART2_UART_Init>:
/* USART2 init function */

void MX_USART2_UART_Init(void)
{
 800309c:	b508      	push	{r3, lr}
  /* USER CODE END USART2_Init 0 */

  /* USER CODE BEGIN USART2_Init 1 */

  /* USER CODE END USART2_Init 1 */
  huart2.Instance = USART2;
 800309e:	480a      	ldr	r0, [pc, #40]	@ (80030c8 <MX_USART2_UART_Init+0x2c>)
 80030a0:	4b0a      	ldr	r3, [pc, #40]	@ (80030cc <MX_USART2_UART_Init+0x30>)
 80030a2:	6003      	str	r3, [r0, #0]
  huart2.Init.BaudRate = 115200;
 80030a4:	f44f 33e1 	mov.w	r3, #115200	@ 0x1c200
 80030a8:	6043      	str	r3, [r0, #4]
  huart2.Init.WordLength = UART_WORDLENGTH_8B;
 80030aa:	2300      	movs	r3, #0
 80030ac:	6083      	str	r3, [r0, #8]
  huart2.Init.StopBits = UART_STOPBITS_1;
 80030ae:	60c3      	str	r3, [r0, #12]
  huart2.Init.Parity = UART_PARITY_NONE;
 80030b0:	6103      	str	r3, [r0, #16]
  huart2.Init.Mode = UART_MODE_TX_RX;
 80030b2:	220c      	movs	r2, #12
 80030b4:	6142      	str	r2, [r0, #20]
  huart2.Init.HwFlowCtl = UART_HWCONTROL_NONE;
 80030b6:	6183      	str	r3, [r0, #24]
  huart2.Init.OverSampling = UART_OVERSAMPLING_16;
 80030b8:	61c3      	str	r3, [r0, #28]
  if (HAL_UART_Init(&huart2) != HAL_OK)
 80030ba:	f7ff f9c7 	bl	800244c <HAL_UART_Init>
 80030be:	b900      	cbnz	r0, 80030c2 <MX_USART2_UART_Init+0x26>
  }
  /* USER CODE BEGIN USART2_Init 2 */

  /* USER CODE END USART2_Init 2 */

}
 80030c0:	bd08      	pop	{r3, pc}
    Error_Handler();
 80030c2:	f7fd fb1d 	bl	8000700 <Error_Handler>
}
 80030c6:	e7fb      	b.n	80030c0 <MX_USART2_UART_Init+0x24>
 80030c8:	200002bc 	.word	0x200002bc
 80030cc:	40004400 	.word	0x40004400

080030d0 <MX_USART3_UART_Init>:
/* USART3 init function */

void MX_USART3_UART_Init(void)
{
 80030d0:	b508      	push	{r3, lr}
  /* USER CODE END USART3_Init 0 */

  /* USER CODE BEGIN USART3_Init 1 */

  /* USER CODE END USART3_Init 1 */
  huart3.Instance = USART3;
 80030d2:	480a      	ldr	r0, [pc, #40]	@ (80030fc <MX_USART3_UART_Init+0x2c>)
 80030d4:	4b0a      	ldr	r3, [pc, #40]	@ (8003100 <MX_USART3_UART_Init+0x30>)
 80030d6:	6003      	str	r3, [r0, #0]
  huart3.Init.BaudRate = 115200;
 80030d8:	f44f 33e1 	mov.w	r3, #115200	@ 0x1c200
 80030dc:	6043      	str	r3, [r0, #4]
  huart3.Init.WordLength = UART_WORDLENGTH_8B;
 80030de:	2300      	movs	r3, #0
 80030e0:	6083      	str	r3, [r0, #8]
  huart3.Init.StopBits = UART_STOPBITS_1;
 80030e2:	60c3      	str	r3, [r0, #12]
  huart3.Init.Parity = UART_PARITY_NONE;
 80030e4:	6103      	str	r3, [r0, #16]
  huart3.Init.Mode = UART_MODE_TX_RX;
 80030e6:	220c      	movs	r2, #12
 80030e8:	6142      	str	r2, [r0, #20]
  huart3.Init.HwFlowCtl = UART_HWCONTROL_NONE;
 80030ea:	6183      	str	r3, [r0, #24]
  huart3.Init.OverSampling = UART_OVERSAMPLING_16;
 80030ec:	61c3      	str	r3, [r0, #28]
  if (HAL_UART_Init(&huart3) != HAL_OK)
 80030ee:	f7ff f9ad 	bl	800244c <HAL_UART_Init>
 80030f2:	b900      	cbnz	r0, 80030f6 <MX_USART3_UART_Init+0x26>
  }
  /* USER CODE BEGIN USART3_Init 2 */

  /* USER CODE END USART3_Init 2 */

}
 80030f4:	bd08      	pop	{r3, pc}
    Error_Handler();
 80030f6:	f7fd fb03 	bl	8000700 <Error_Handler>
}
 80030fa:	e7fb      	b.n	80030f4 <MX_USART3_UART_Init+0x24>
 80030fc:	20000274 	.word	0x20000274
 8003100:	40004800 	.word	0x40004800

08003104 <HAL_UART_MspInit>:

void HAL_UART_MspInit(UART_HandleTypeDef* uartHandle)
{
 8003104:	b500      	push	{lr}
 8003106:	b08d      	sub	sp, #52	@ 0x34

  GPIO_InitTypeDef GPIO_InitStruct = {0};
 8003108:	2300      	movs	r3, #0
 800310a:	9307      	str	r3, [sp, #28]
 800310c:	9308      	str	r3, [sp, #32]
 800310e:	9309      	str	r3, [sp, #36]	@ 0x24
 8003110:	930a      	str	r3, [sp, #40]	@ 0x28
 8003112:	930b      	str	r3, [sp, #44]	@ 0x2c
  if(uartHandle->Instance==USART1)
 8003114:	6803      	ldr	r3, [r0, #0]
 8003116:	4a3b      	ldr	r2, [pc, #236]	@ (8003204 <HAL_UART_MspInit+0x100>)
 8003118:	4293      	cmp	r3, r2
 800311a:	d008      	beq.n	800312e <HAL_UART_MspInit+0x2a>

  /* USER CODE BEGIN USART1_MspInit 1 */

  /* USER CODE END USART1_MspInit 1 */
  }
  else if(uartHandle->Instance==USART2)
 800311c:	4a3a      	ldr	r2, [pc, #232]	@ (8003208 <HAL_UART_MspInit+0x104>)
 800311e:	4293      	cmp	r3, r2
 8003120:	d029      	beq.n	8003176 <HAL_UART_MspInit+0x72>

  /* USER CODE BEGIN USART2_MspInit 1 */

  /* USER CODE END USART2_MspInit 1 */
  }
  else if(uartHandle->Instance==USART3)
 8003122:	4a3a      	ldr	r2, [pc, #232]	@ (800320c <HAL_UART_MspInit+0x108>)
 8003124:	4293      	cmp	r3, r2
 8003126:	d049      	beq.n	80031bc <HAL_UART_MspInit+0xb8>

  /* USER CODE BEGIN USART3_MspInit 1 */

  /* USER CODE END USART3_MspInit 1 */
  }
}
 8003128:	b00d      	add	sp, #52	@ 0x34
 800312a:	f85d fb04 	ldr.w	pc, [sp], #4
    __HAL_RCC_USART1_CLK_ENABLE();
 800312e:	2100      	movs	r1, #0
 8003130:	9101      	str	r1, [sp, #4]
 8003132:	4b37      	ldr	r3, [pc, #220]	@ (8003210 <HAL_UART_MspInit+0x10c>)
 8003134:	6c5a      	ldr	r2, [r3, #68]	@ 0x44
 8003136:	f042 0210 	orr.w	r2, r2, #16
 800313a:	645a      	str	r2, [r3, #68]	@ 0x44
 800313c:	6c5a      	ldr	r2, [r3, #68]	@ 0x44
 800313e:	f002 0210 	and.w	r2, r2, #16
 8003142:	9201      	str	r2, [sp, #4]
 8003144:	9a01      	ldr	r2, [sp, #4]
    __HAL_RCC_GPIOA_CLK_ENABLE();
 8003146:	9102      	str	r1, [sp, #8]
 8003148:	6b1a      	ldr	r2, [r3, #48]	@ 0x30
 800314a:	f042 0201 	orr.w	r2, r2, #1
 800314e:	631a      	str	r2, [r3, #48]	@ 0x30
 8003150:	6b1b      	ldr	r3, [r3, #48]	@ 0x30
 8003152:	f003 0301 	and.w	r3, r3, #1
 8003156:	9302      	str	r3, [sp, #8]
 8003158:	9b02      	ldr	r3, [sp, #8]
    GPIO_InitStruct.Pin = GPIO_PIN_9|GPIO_PIN_10;
 800315a:	f44f 63c0 	mov.w	r3, #1536	@ 0x600
 800315e:	9307      	str	r3, [sp, #28]
    GPIO_InitStruct.Mode = GPIO_MODE_AF_PP;
 8003160:	2302      	movs	r3, #2
 8003162:	9308      	str	r3, [sp, #32]
    GPIO_InitStruct.Speed = GPIO_SPEED_FREQ_VERY_HIGH;
 8003164:	2303      	movs	r3, #3
 8003166:	930a      	str	r3, [sp, #40]	@ 0x28
    GPIO_InitStruct.Alternate = GPIO_AF7_USART1;
 8003168:	2307      	movs	r3, #7
 800316a:	930b      	str	r3, [sp, #44]	@ 0x2c
    HAL_GPIO_Init(GPIOA, &GPIO_InitStruct);
 800316c:	a907      	add	r1, sp, #28
 800316e:	4829      	ldr	r0, [pc, #164]	@ (8003214 <HAL_UART_MspInit+0x110>)
 8003170:	f7fd fd18 	bl	8000ba4 <HAL_GPIO_Init>
 8003174:	e7d8      	b.n	8003128 <HAL_UART_MspInit+0x24>
    __HAL_RCC_USART2_CLK_ENABLE();
 8003176:	2100      	movs	r1, #0
 8003178:	9103      	str	r1, [sp, #12]
 800317a:	4b25      	ldr	r3, [pc, #148]	@ (8003210 <HAL_UART_MspInit+0x10c>)
 800317c:	6c1a      	ldr	r2, [r3, #64]	@ 0x40
 800317e:	f442 3200 	orr.w	r2, r2, #131072	@ 0x20000
 8003182:	641a      	str	r2, [r3, #64]	@ 0x40
 8003184:	6c1a      	ldr	r2, [r3, #64]	@ 0x40
 8003186:	f402 3200 	and.w	r2, r2, #131072	@ 0x20000
 800318a:	9203      	str	r2, [sp, #12]
 800318c:	9a03      	ldr	r2, [sp, #12]
    __HAL_RCC_GPIOA_CLK_ENABLE();
 800318e:	9104      	str	r1, [sp, #16]
 8003190:	6b1a      	ldr	r2, [r3, #48]	@ 0x30
 8003192:	f042 0201 	orr.w	r2, r2, #1
 8003196:	631a      	str	r2, [r3, #48]	@ 0x30
 8003198:	6b1b      	ldr	r3, [r3, #48]	@ 0x30
 800319a:	f003 0301 	and.w	r3, r3, #1
 800319e:	9304      	str	r3, [sp, #16]
 80031a0:	9b04      	ldr	r3, [sp, #16]
    GPIO_InitStruct.Pin = GPIO_PIN_2|GPIO_PIN_3;
 80031a2:	230c      	movs	r3, #12
 80031a4:	9307      	str	r3, [sp, #28]
    GPIO_InitStruct.Mode = GPIO_MODE_AF_PP;
 80031a6:	2302      	movs	r3, #2
 80031a8:	9308      	str	r3, [sp, #32]
    GPIO_InitStruct.Speed = GPIO_SPEED_FREQ_VERY_HIGH;
 80031aa:	2303      	movs	r3, #3
 80031ac:	930a      	str	r3, [sp, #40]	@ 0x28
    GPIO_InitStruct.Alternate = GPIO_AF7_USART2;
 80031ae:	2307      	movs	r3, #7
 80031b0:	930b      	str	r3, [sp, #44]	@ 0x2c
    HAL_GPIO_Init(GPIOA, &GPIO_InitStruct);
 80031b2:	a907      	add	r1, sp, #28
 80031b4:	4817      	ldr	r0, [pc, #92]	@ (8003214 <HAL_UART_MspInit+0x110>)
 80031b6:	f7fd fcf5 	bl	8000ba4 <HAL_GPIO_Init>
 80031ba:	e7b5      	b.n	8003128 <HAL_UART_MspInit+0x24>
    __HAL_RCC_USART3_CLK_ENABLE();
 80031bc:	2100      	movs	r1, #0
 80031be:	9105      	str	r1, [sp, #20]
 80031c0:	4b13      	ldr	r3, [pc, #76]	@ (8003210 <HAL_UART_MspInit+0x10c>)
 80031c2:	6c1a      	ldr	r2, [r3, #64]	@ 0x40
 80031c4:	f442 2280 	orr.w	r2, r2, #262144	@ 0x40000
 80031c8:	641a      	str	r2, [r3, #64]	@ 0x40
 80031ca:	6c1a      	ldr	r2, [r3, #64]	@ 0x40
 80031cc:	f402 2280 	and.w	r2, r2, #262144	@ 0x40000
 80031d0:	9205      	str	r2, [sp, #20]
 80031d2:	9a05      	ldr	r2, [sp, #20]
    __HAL_RCC_GPIOB_CLK_ENABLE();
 80031d4:	9106      	str	r1, [sp, #24]
 80031d6:	6b1a      	ldr	r2, [r3, #48]	@ 0x30
 80031d8:	f042 0202 	orr.w	r2, r2, #2
 80031dc:	631a      	str	r2, [r3, #48]	@ 0x30
 80031de:	6b1b      	ldr	r3, [r3, #48]	@ 0x30
 80031e0:	f003 0302 	and.w	r3, r3, #2
 80031e4:	9306      	str	r3, [sp, #24]
 80031e6:	9b06      	ldr	r3, [sp, #24]
    GPIO_InitStruct.Pin = GPIO_PIN_10|GPIO_PIN_11;
 80031e8:	f44f 6340 	mov.w	r3, #3072	@ 0xc00
 80031ec:	9307      	str	r3, [sp, #28]
    GPIO_InitStruct.Mode = GPIO_MODE_AF_PP;
 80031ee:	2302      	movs	r3, #2
 80031f0:	9308      	str	r3, [sp, #32]
    GPIO_InitStruct.Speed = GPIO_SPEED_FREQ_VERY_HIGH;
 80031f2:	2303      	movs	r3, #3
 80031f4:	930a      	str	r3, [sp, #40]	@ 0x28
    GPIO_InitStruct.Alternate = GPIO_AF7_USART3;
 80031f6:	2307      	movs	r3, #7
 80031f8:	930b      	str	r3, [sp, #44]	@ 0x2c
    HAL_GPIO_Init(GPIOB, &GPIO_InitStruct);
 80031fa:	a907      	add	r1, sp, #28
 80031fc:	4806      	ldr	r0, [pc, #24]	@ (8003218 <HAL_UART_MspInit+0x114>)
 80031fe:	f7fd fcd1 	bl	8000ba4 <HAL_GPIO_Init>
}
 8003202:	e791      	b.n	8003128 <HAL_UART_MspInit+0x24>
 8003204:	40011000 	.word	0x40011000
 8003208:	40004400 	.word	0x40004400
 800320c:	40004800 	.word	0x40004800
 8003210:	40023800 	.word	0x40023800
 8003214:	40020000 	.word	0x40020000
 8003218:	40020400 	.word	0x40020400

0800321c <MX_USB_DEVICE_Init>:
/**
  * Init USB device Library, add supported class and start the library
  * @retval None
  */
void MX_USB_DEVICE_Init(void)
{
 800321c:	b508      	push	{r3, lr}
  /* USER CODE BEGIN USB_DEVICE_Init_PreTreatment */

  /* USER CODE END USB_DEVICE_Init_PreTreatment */

  /* Init Device Library, add supported class and start the library. */
  if (USBD_Init(&hUsbDeviceFS, &FS_Desc, DEVICE_FS) != USBD_OK)
 800321e:	2200      	movs	r2, #0
 8003220:	490f      	ldr	r1, [pc, #60]	@ (8003260 <MX_USB_DEVICE_Init+0x44>)
 8003222:	4810      	ldr	r0, [pc, #64]	@ (8003264 <MX_USB_DEVICE_Init+0x48>)
 8003224:	f000 fc04 	bl	8003a30 <USBD_Init>
 8003228:	b970      	cbnz	r0, 8003248 <MX_USB_DEVICE_Init+0x2c>
  {
    Error_Handler();
  }
  if (USBD_RegisterClass(&hUsbDeviceFS, &USBD_CDC) != USBD_OK)
 800322a:	490f      	ldr	r1, [pc, #60]	@ (8003268 <MX_USB_DEVICE_Init+0x4c>)
 800322c:	480d      	ldr	r0, [pc, #52]	@ (8003264 <MX_USB_DEVICE_Init+0x48>)
 800322e:	f000 fc16 	bl	8003a5e <USBD_RegisterClass>
 8003232:	b960      	cbnz	r0, 800324e <MX_USB_DEVICE_Init+0x32>
  {
    Error_Handler();
  }
  if (USBD_CDC_RegisterInterface(&hUsbDeviceFS, &USBD_Interface_fops_FS) != USBD_OK)
 8003234:	490d      	ldr	r1, [pc, #52]	@ (800326c <MX_USB_DEVICE_Init+0x50>)
 8003236:	480b      	ldr	r0, [pc, #44]	@ (8003264 <MX_USB_DEVICE_Init+0x48>)
 8003238:	f000 fa3c 	bl	80036b4 <USBD_CDC_RegisterInterface>
 800323c:	b950      	cbnz	r0, 8003254 <MX_USB_DEVICE_Init+0x38>
  {
    Error_Handler();
  }
  if (USBD_Start(&hUsbDeviceFS) != USBD_OK)
 800323e:	4809      	ldr	r0, [pc, #36]	@ (8003264 <MX_USB_DEVICE_Init+0x48>)
 8003240:	f000 fc27 	bl	8003a92 <USBD_Start>
 8003244:	b948      	cbnz	r0, 800325a <MX_USB_DEVICE_Init+0x3e>
  }

  /* USER CODE BEGIN USB_DEVICE_Init_PostTreatment */

  /* USER CODE END USB_DEVICE_Init_PostTreatment */
}
 8003246:	bd08      	pop	{r3, pc}
    Error_Handler();
 8003248:	f7fd fa5a 	bl	8000700 <Error_Handler>
 800324c:	e7ed      	b.n	800322a <MX_USB_DEVICE_Init+0xe>
    Error_Handler();
 800324e:	f7fd fa57 	bl	8000700 <Error_Handler>
 8003252:	e7ef      	b.n	8003234 <MX_USB_DEVICE_Init+0x18>
    Error_Handler();
 8003254:	f7fd fa54 	bl	8000700 <Error_Handler>
 8003258:	e7f1      	b.n	800323e <MX_USB_DEVICE_Init+0x22>
    Error_Handler();
 800325a:	f7fd fa51 	bl	8000700 <Error_Handler>
}
 800325e:	e7f2      	b.n	8003246 <MX_USB_DEVICE_Init+0x2a>
 8003260:	200000dc 	.word	0x200000dc
 8003264:	2000034c 	.word	0x2000034c
 8003268:	20000050 	.word	0x20000050
 800326c:	20000094 	.word	0x20000094

08003270 <USBD_CDC_EP0_RxReady>:
  *         Handle EP0 Rx Ready event
  * @param  pdev: device instance
  * @retval status
  */
static uint8_t USBD_CDC_EP0_RxReady(USBD_HandleTypeDef *pdev)
{
 8003270:	b510      	push	{r4, lr}
  USBD_CDC_HandleTypeDef *hcdc = (USBD_CDC_HandleTypeDef *)pdev->pClassDataCmsit[pdev->classId];
 8003272:	f8d0 32d4 	ldr.w	r3, [r0, #724]	@ 0x2d4
 8003276:	f103 02b0 	add.w	r2, r3, #176	@ 0xb0
 800327a:	f850 4022 	ldr.w	r4, [r0, r2, lsl #2]

  if (hcdc == NULL)
 800327e:	b18c      	cbz	r4, 80032a4 <USBD_CDC_EP0_RxReady+0x34>
  {
    return (uint8_t)USBD_FAIL;
  }

  if ((pdev->pUserData[pdev->classId] != NULL) && (hcdc->CmdOpCode != 0xFFU))
 8003280:	eb00 0082 	add.w	r0, r0, r2, lsl #2
 8003284:	6843      	ldr	r3, [r0, #4]
 8003286:	b17b      	cbz	r3, 80032a8 <USBD_CDC_EP0_RxReady+0x38>
 8003288:	f894 0200 	ldrb.w	r0, [r4, #512]	@ 0x200
 800328c:	28ff      	cmp	r0, #255	@ 0xff
 800328e:	d00d      	beq.n	80032ac <USBD_CDC_EP0_RxReady+0x3c>
  {
    ((USBD_CDC_ItfTypeDef *)pdev->pUserData[pdev->classId])->Control(hcdc->CmdOpCode,
 8003290:	689b      	ldr	r3, [r3, #8]
 8003292:	f894 2201 	ldrb.w	r2, [r4, #513]	@ 0x201
 8003296:	4621      	mov	r1, r4
 8003298:	4798      	blx	r3
                                                                     (uint8_t *)hcdc->data,
                                                                     (uint16_t)hcdc->CmdLength);
    hcdc->CmdOpCode = 0xFFU;
 800329a:	23ff      	movs	r3, #255	@ 0xff
 800329c:	f884 3200 	strb.w	r3, [r4, #512]	@ 0x200
  }

  return (uint8_t)USBD_OK;
 80032a0:	2000      	movs	r0, #0
}
 80032a2:	bd10      	pop	{r4, pc}
    return (uint8_t)USBD_FAIL;
 80032a4:	2003      	movs	r0, #3
 80032a6:	e7fc      	b.n	80032a2 <USBD_CDC_EP0_RxReady+0x32>
  return (uint8_t)USBD_OK;
 80032a8:	2000      	movs	r0, #0
 80032aa:	e7fa      	b.n	80032a2 <USBD_CDC_EP0_RxReady+0x32>
 80032ac:	2000      	movs	r0, #0
 80032ae:	e7f8      	b.n	80032a2 <USBD_CDC_EP0_RxReady+0x32>

080032b0 <USBD_CDC_GetDeviceQualifierDescriptor>:
  * @param  length : pointer data length
  * @retval pointer to descriptor buffer
  */
uint8_t *USBD_CDC_GetDeviceQualifierDescriptor(uint16_t *length)
{
  *length = (uint16_t)sizeof(USBD_CDC_DeviceQualifierDesc);
 80032b0:	230a      	movs	r3, #10
 80032b2:	8003      	strh	r3, [r0, #0]

  return USBD_CDC_DeviceQualifierDesc;
}
 80032b4:	4800      	ldr	r0, [pc, #0]	@ (80032b8 <USBD_CDC_GetDeviceQualifierDescriptor+0x8>)
 80032b6:	4770      	bx	lr
 80032b8:	20000088 	.word	0x20000088

080032bc <USBD_CDC_GetOtherSpeedCfgDesc>:
{
 80032bc:	b5f8      	push	{r3, r4, r5, r6, r7, lr}
 80032be:	4606      	mov	r6, r0
  USBD_EpDescTypeDef *pEpCmdDesc = USBD_GetEpDesc(USBD_CDC_CfgDesc, CDC_CMD_EP);
 80032c0:	4f0f      	ldr	r7, [pc, #60]	@ (8003300 <USBD_CDC_GetOtherSpeedCfgDesc+0x44>)
 80032c2:	2182      	movs	r1, #130	@ 0x82
 80032c4:	4638      	mov	r0, r7
 80032c6:	f000 fda5 	bl	8003e14 <USBD_GetEpDesc>
 80032ca:	4605      	mov	r5, r0
  USBD_EpDescTypeDef *pEpOutDesc = USBD_GetEpDesc(USBD_CDC_CfgDesc, CDC_OUT_EP);
 80032cc:	2101      	movs	r1, #1
 80032ce:	4638      	mov	r0, r7
 80032d0:	f000 fda0 	bl	8003e14 <USBD_GetEpDesc>
 80032d4:	4604      	mov	r4, r0
  USBD_EpDescTypeDef *pEpInDesc = USBD_GetEpDesc(USBD_CDC_CfgDesc, CDC_IN_EP);
 80032d6:	2181      	movs	r1, #129	@ 0x81
 80032d8:	4638      	mov	r0, r7
 80032da:	f000 fd9b 	bl	8003e14 <USBD_GetEpDesc>
  if (pEpCmdDesc != NULL)
 80032de:	b10d      	cbz	r5, 80032e4 <USBD_CDC_GetOtherSpeedCfgDesc+0x28>
    pEpCmdDesc->bInterval = CDC_FS_BINTERVAL;
 80032e0:	2210      	movs	r2, #16
 80032e2:	71aa      	strb	r2, [r5, #6]
  if (pEpOutDesc != NULL)
 80032e4:	b11c      	cbz	r4, 80032ee <USBD_CDC_GetOtherSpeedCfgDesc+0x32>
    pEpOutDesc->wMaxPacketSize = CDC_DATA_FS_MAX_PACKET_SIZE;
 80032e6:	2240      	movs	r2, #64	@ 0x40
 80032e8:	7122      	strb	r2, [r4, #4]
 80032ea:	2200      	movs	r2, #0
 80032ec:	7162      	strb	r2, [r4, #5]
  if (pEpInDesc != NULL)
 80032ee:	b118      	cbz	r0, 80032f8 <USBD_CDC_GetOtherSpeedCfgDesc+0x3c>
    pEpInDesc->wMaxPacketSize = CDC_DATA_FS_MAX_PACKET_SIZE;
 80032f0:	2240      	movs	r2, #64	@ 0x40
 80032f2:	7102      	strb	r2, [r0, #4]
 80032f4:	2200      	movs	r2, #0
 80032f6:	7142      	strb	r2, [r0, #5]
  *length = (uint16_t)sizeof(USBD_CDC_CfgDesc);
 80032f8:	2343      	movs	r3, #67	@ 0x43
 80032fa:	8033      	strh	r3, [r6, #0]
}
 80032fc:	4800      	ldr	r0, [pc, #0]	@ (8003300 <USBD_CDC_GetOtherSpeedCfgDesc+0x44>)
 80032fe:	bdf8      	pop	{r3, r4, r5, r6, r7, pc}
 8003300:	2000000c 	.word	0x2000000c

08003304 <USBD_CDC_GetFSCfgDesc>:
{
 8003304:	b5f8      	push	{r3, r4, r5, r6, r7, lr}
 8003306:	4606      	mov	r6, r0
  USBD_EpDescTypeDef *pEpCmdDesc = USBD_GetEpDesc(USBD_CDC_CfgDesc, CDC_CMD_EP);
 8003308:	4f0f      	ldr	r7, [pc, #60]	@ (8003348 <USBD_CDC_GetFSCfgDesc+0x44>)
 800330a:	2182      	movs	r1, #130	@ 0x82
 800330c:	4638      	mov	r0, r7
 800330e:	f000 fd81 	bl	8003e14 <USBD_GetEpDesc>
 8003312:	4605      	mov	r5, r0
  USBD_EpDescTypeDef *pEpOutDesc = USBD_GetEpDesc(USBD_CDC_CfgDesc, CDC_OUT_EP);
 8003314:	2101      	movs	r1, #1
 8003316:	4638      	mov	r0, r7
 8003318:	f000 fd7c 	bl	8003e14 <USBD_GetEpDesc>
 800331c:	4604      	mov	r4, r0
  USBD_EpDescTypeDef *pEpInDesc = USBD_GetEpDesc(USBD_CDC_CfgDesc, CDC_IN_EP);
 800331e:	2181      	movs	r1, #129	@ 0x81
 8003320:	4638      	mov	r0, r7
 8003322:	f000 fd77 	bl	8003e14 <USBD_GetEpDesc>
  if (pEpCmdDesc != NULL)
 8003326:	b10d      	cbz	r5, 800332c <USBD_CDC_GetFSCfgDesc+0x28>
    pEpCmdDesc->bInterval = CDC_FS_BINTERVAL;
 8003328:	2210      	movs	r2, #16
 800332a:	71aa      	strb	r2, [r5, #6]
  if (pEpOutDesc != NULL)
 800332c:	b11c      	cbz	r4, 8003336 <USBD_CDC_GetFSCfgDesc+0x32>
    pEpOutDesc->wMaxPacketSize = CDC_DATA_FS_MAX_PACKET_SIZE;
 800332e:	2240      	movs	r2, #64	@ 0x40
 8003330:	7122      	strb	r2, [r4, #4]
 8003332:	2200      	movs	r2, #0
 8003334:	7162      	strb	r2, [r4, #5]
  if (pEpInDesc != NULL)
 8003336:	b118      	cbz	r0, 8003340 <USBD_CDC_GetFSCfgDesc+0x3c>
    pEpInDesc->wMaxPacketSize = CDC_DATA_FS_MAX_PACKET_SIZE;
 8003338:	2240      	movs	r2, #64	@ 0x40
 800333a:	7102      	strb	r2, [r0, #4]
 800333c:	2200      	movs	r2, #0
 800333e:	7142      	strb	r2, [r0, #5]
  *length = (uint16_t)sizeof(USBD_CDC_CfgDesc);
 8003340:	2343      	movs	r3, #67	@ 0x43
 8003342:	8033      	strh	r3, [r6, #0]
}
 8003344:	4800      	ldr	r0, [pc, #0]	@ (8003348 <USBD_CDC_GetFSCfgDesc+0x44>)
 8003346:	bdf8      	pop	{r3, r4, r5, r6, r7, pc}
 8003348:	2000000c 	.word	0x2000000c

0800334c <USBD_CDC_GetHSCfgDesc>:
{
 800334c:	b5f8      	push	{r3, r4, r5, r6, r7, lr}
 800334e:	4606      	mov	r6, r0
  USBD_EpDescTypeDef *pEpCmdDesc = USBD_GetEpDesc(USBD_CDC_CfgDesc, CDC_CMD_EP);
 8003350:	4f0f      	ldr	r7, [pc, #60]	@ (8003390 <USBD_CDC_GetHSCfgDesc+0x44>)
 8003352:	2182      	movs	r1, #130	@ 0x82
 8003354:	4638      	mov	r0, r7
 8003356:	f000 fd5d 	bl	8003e14 <USBD_GetEpDesc>
 800335a:	4605      	mov	r5, r0
  USBD_EpDescTypeDef *pEpOutDesc = USBD_GetEpDesc(USBD_CDC_CfgDesc, CDC_OUT_EP);
 800335c:	2101      	movs	r1, #1
 800335e:	4638      	mov	r0, r7
 8003360:	f000 fd58 	bl	8003e14 <USBD_GetEpDesc>
 8003364:	4604      	mov	r4, r0
  USBD_EpDescTypeDef *pEpInDesc = USBD_GetEpDesc(USBD_CDC_CfgDesc, CDC_IN_EP);
 8003366:	2181      	movs	r1, #129	@ 0x81
 8003368:	4638      	mov	r0, r7
 800336a:	f000 fd53 	bl	8003e14 <USBD_GetEpDesc>
  if (pEpCmdDesc != NULL)
 800336e:	b10d      	cbz	r5, 8003374 <USBD_CDC_GetHSCfgDesc+0x28>
    pEpCmdDesc->bInterval = CDC_HS_BINTERVAL;
 8003370:	2210      	movs	r2, #16
 8003372:	71aa      	strb	r2, [r5, #6]
  if (pEpOutDesc != NULL)
 8003374:	b11c      	cbz	r4, 800337e <USBD_CDC_GetHSCfgDesc+0x32>
    pEpOutDesc->wMaxPacketSize = CDC_DATA_HS_MAX_PACKET_SIZE;
 8003376:	2200      	movs	r2, #0
 8003378:	7122      	strb	r2, [r4, #4]
 800337a:	2202      	movs	r2, #2
 800337c:	7162      	strb	r2, [r4, #5]
  if (pEpInDesc != NULL)
 800337e:	b118      	cbz	r0, 8003388 <USBD_CDC_GetHSCfgDesc+0x3c>
    pEpInDesc->wMaxPacketSize = CDC_DATA_HS_MAX_PACKET_SIZE;
 8003380:	2200      	movs	r2, #0
 8003382:	7102      	strb	r2, [r0, #4]
 8003384:	2202      	movs	r2, #2
 8003386:	7142      	strb	r2, [r0, #5]
  *length = (uint16_t)sizeof(USBD_CDC_CfgDesc);
 8003388:	2343      	movs	r3, #67	@ 0x43
 800338a:	8033      	strh	r3, [r6, #0]
}
 800338c:	4800      	ldr	r0, [pc, #0]	@ (8003390 <USBD_CDC_GetHSCfgDesc+0x44>)
 800338e:	bdf8      	pop	{r3, r4, r5, r6, r7, pc}
 8003390:	2000000c 	.word	0x2000000c

08003394 <USBD_CDC_DataOut>:
{
 8003394:	b538      	push	{r3, r4, r5, lr}
  USBD_CDC_HandleTypeDef *hcdc = (USBD_CDC_HandleTypeDef *)pdev->pClassDataCmsit[pdev->classId];
 8003396:	f8d0 32d4 	ldr.w	r3, [r0, #724]	@ 0x2d4
 800339a:	33b0      	adds	r3, #176	@ 0xb0
 800339c:	f850 5023 	ldr.w	r5, [r0, r3, lsl #2]
  if (pdev->pClassDataCmsit[pdev->classId] == NULL)
 80033a0:	b195      	cbz	r5, 80033c8 <USBD_CDC_DataOut+0x34>
 80033a2:	4604      	mov	r4, r0
  hcdc->RxLength = USBD_LL_GetRxDataSize(pdev, epnum);
 80033a4:	f000 faec 	bl	8003980 <USBD_LL_GetRxDataSize>
 80033a8:	f8c5 020c 	str.w	r0, [r5, #524]	@ 0x20c
  ((USBD_CDC_ItfTypeDef *)pdev->pUserData[pdev->classId])->Receive(hcdc->RxBuffer, &hcdc->RxLength);
 80033ac:	f8d4 32d4 	ldr.w	r3, [r4, #724]	@ 0x2d4
 80033b0:	33b0      	adds	r3, #176	@ 0xb0
 80033b2:	eb04 0483 	add.w	r4, r4, r3, lsl #2
 80033b6:	6863      	ldr	r3, [r4, #4]
 80033b8:	68db      	ldr	r3, [r3, #12]
 80033ba:	f505 7103 	add.w	r1, r5, #524	@ 0x20c
 80033be:	f8d5 0204 	ldr.w	r0, [r5, #516]	@ 0x204
 80033c2:	4798      	blx	r3
  return (uint8_t)USBD_OK;
 80033c4:	2000      	movs	r0, #0
}
 80033c6:	bd38      	pop	{r3, r4, r5, pc}
    return (uint8_t)USBD_FAIL;
 80033c8:	2003      	movs	r0, #3
 80033ca:	e7fc      	b.n	80033c6 <USBD_CDC_DataOut+0x32>

080033cc <USBD_CDC_DataIn>:
{
 80033cc:	b538      	push	{r3, r4, r5, lr}
  PCD_HandleTypeDef *hpcd = (PCD_HandleTypeDef *)pdev->pData;
 80033ce:	f8d0 52c8 	ldr.w	r5, [r0, #712]	@ 0x2c8
  if (pdev->pClassDataCmsit[pdev->classId] == NULL)
 80033d2:	f8d0 32d4 	ldr.w	r3, [r0, #724]	@ 0x2d4
 80033d6:	33b0      	adds	r3, #176	@ 0xb0
 80033d8:	f850 4023 	ldr.w	r4, [r0, r3, lsl #2]
 80033dc:	b384      	cbz	r4, 8003440 <USBD_CDC_DataIn+0x74>
  if ((pdev->ep_in[epnum & 0xFU].total_length > 0U) &&
 80033de:	f001 030f 	and.w	r3, r1, #15
 80033e2:	eb03 0283 	add.w	r2, r3, r3, lsl #2
 80033e6:	eb00 0282 	add.w	r2, r0, r2, lsl #2
 80033ea:	6952      	ldr	r2, [r2, #20]
 80033ec:	b14a      	cbz	r2, 8003402 <USBD_CDC_DataIn+0x36>
      ((pdev->ep_in[epnum & 0xFU].total_length % hpcd->IN_ep[epnum & 0xFU].maxpacket) == 0U))
 80033ee:	eb03 0cc3 	add.w	ip, r3, r3, lsl #3
 80033f2:	eb05 058c 	add.w	r5, r5, ip, lsl #2
 80033f6:	69ed      	ldr	r5, [r5, #28]
 80033f8:	fbb2 fcf5 	udiv	ip, r2, r5
 80033fc:	fb05 221c 	mls	r2, r5, ip, r2
  if ((pdev->ep_in[epnum & 0xFU].total_length > 0U) &&
 8003400:	b192      	cbz	r2, 8003428 <USBD_CDC_DataIn+0x5c>
    hcdc->TxState = 0U;
 8003402:	2300      	movs	r3, #0
 8003404:	f8c4 3214 	str.w	r3, [r4, #532]	@ 0x214
    if (((USBD_CDC_ItfTypeDef *)pdev->pUserData[pdev->classId])->TransmitCplt != NULL)
 8003408:	f8d0 32d4 	ldr.w	r3, [r0, #724]	@ 0x2d4
 800340c:	33b0      	adds	r3, #176	@ 0xb0
 800340e:	eb00 0083 	add.w	r0, r0, r3, lsl #2
 8003412:	6843      	ldr	r3, [r0, #4]
 8003414:	691b      	ldr	r3, [r3, #16]
 8003416:	b1ab      	cbz	r3, 8003444 <USBD_CDC_DataIn+0x78>
      ((USBD_CDC_ItfTypeDef *)pdev->pUserData[pdev->classId])->TransmitCplt(hcdc->TxBuffer, &hcdc->TxLength, epnum);
 8003418:	460a      	mov	r2, r1
 800341a:	f504 7104 	add.w	r1, r4, #528	@ 0x210
 800341e:	f8d4 0208 	ldr.w	r0, [r4, #520]	@ 0x208
 8003422:	4798      	blx	r3
  return (uint8_t)USBD_OK;
 8003424:	2000      	movs	r0, #0
}
 8003426:	bd38      	pop	{r3, r4, r5, pc}
    pdev->ep_in[epnum & 0xFU].total_length = 0U;
 8003428:	eb03 0383 	add.w	r3, r3, r3, lsl #2
 800342c:	eb00 0383 	add.w	r3, r0, r3, lsl #2
 8003430:	2400      	movs	r4, #0
 8003432:	615c      	str	r4, [r3, #20]
    (void)USBD_LL_Transmit(pdev, epnum, NULL, 0U);
 8003434:	4623      	mov	r3, r4
 8003436:	4622      	mov	r2, r4
 8003438:	f000 faea 	bl	8003a10 <USBD_LL_Transmit>
  return (uint8_t)USBD_OK;
 800343c:	4620      	mov	r0, r4
    (void)USBD_LL_Transmit(pdev, epnum, NULL, 0U);
 800343e:	e7f2      	b.n	8003426 <USBD_CDC_DataIn+0x5a>
    return (uint8_t)USBD_FAIL;
 8003440:	2003      	movs	r0, #3
 8003442:	e7f0      	b.n	8003426 <USBD_CDC_DataIn+0x5a>
  return (uint8_t)USBD_OK;
 8003444:	2000      	movs	r0, #0
 8003446:	e7ee      	b.n	8003426 <USBD_CDC_DataIn+0x5a>

08003448 <USBD_CDC_Setup>:
{
 8003448:	b5f0      	push	{r4, r5, r6, r7, lr}
 800344a:	b083      	sub	sp, #12
  USBD_CDC_HandleTypeDef *hcdc = (USBD_CDC_HandleTypeDef *)pdev->pClassDataCmsit[pdev->classId];
 800344c:	f8d0 32d4 	ldr.w	r3, [r0, #724]	@ 0x2d4
 8003450:	f103 02b0 	add.w	r2, r3, #176	@ 0xb0
 8003454:	f850 7022 	ldr.w	r7, [r0, r2, lsl #2]
  uint8_t ifalt = 0U;
 8003458:	2200      	movs	r2, #0
 800345a:	f88d 2007 	strb.w	r2, [sp, #7]
  uint16_t status_info = 0U;
 800345e:	f8ad 2004 	strh.w	r2, [sp, #4]
  if (hcdc == NULL)
 8003462:	2f00      	cmp	r7, #0
 8003464:	d07b      	beq.n	800355e <USBD_CDC_Setup+0x116>
 8003466:	4604      	mov	r4, r0
 8003468:	460d      	mov	r5, r1
  switch (req->bmRequest & USB_REQ_TYPE_MASK)
 800346a:	7809      	ldrb	r1, [r1, #0]
 800346c:	f011 0660 	ands.w	r6, r1, #96	@ 0x60
 8003470:	d034      	beq.n	80034dc <USBD_CDC_Setup+0x94>
 8003472:	2e20      	cmp	r6, #32
 8003474:	d16c      	bne.n	8003550 <USBD_CDC_Setup+0x108>
      if (req->wLength != 0U)
 8003476:	88ea      	ldrh	r2, [r5, #6]
 8003478:	b32a      	cbz	r2, 80034c6 <USBD_CDC_Setup+0x7e>
        if ((req->bmRequest & 0x80U) != 0U)
 800347a:	f011 0f80 	tst.w	r1, #128	@ 0x80
 800347e:	d107      	bne.n	8003490 <USBD_CDC_Setup+0x48>
          hcdc->CmdOpCode = req->bRequest;
 8003480:	786b      	ldrb	r3, [r5, #1]
 8003482:	f887 3200 	strb.w	r3, [r7, #512]	@ 0x200
          hcdc->CmdLength = (uint8_t)MIN(req->wLength, USB_MAX_EP0_SIZE);
 8003486:	88ea      	ldrh	r2, [r5, #6]
 8003488:	2a3f      	cmp	r2, #63	@ 0x3f
 800348a:	d813      	bhi.n	80034b4 <USBD_CDC_Setup+0x6c>
 800348c:	b2d2      	uxtb	r2, r2
 800348e:	e012      	b.n	80034b6 <USBD_CDC_Setup+0x6e>
          ((USBD_CDC_ItfTypeDef *)pdev->pUserData[pdev->classId])->Control(req->bRequest,
 8003490:	33b0      	adds	r3, #176	@ 0xb0
 8003492:	eb00 0383 	add.w	r3, r0, r3, lsl #2
 8003496:	685b      	ldr	r3, [r3, #4]
 8003498:	689b      	ldr	r3, [r3, #8]
 800349a:	4639      	mov	r1, r7
 800349c:	7868      	ldrb	r0, [r5, #1]
 800349e:	4798      	blx	r3
          len = MIN(CDC_REQ_MAX_DATA_SIZE, req->wLength);
 80034a0:	88ea      	ldrh	r2, [r5, #6]
          (void)USBD_CtlSendData(pdev, (uint8_t *)hcdc->data, len);
 80034a2:	2a07      	cmp	r2, #7
 80034a4:	bf28      	it	cs
 80034a6:	2207      	movcs	r2, #7
 80034a8:	4639      	mov	r1, r7
 80034aa:	4620      	mov	r0, r4
 80034ac:	f001 f904 	bl	80046b8 <USBD_CtlSendData>
  USBD_StatusTypeDef ret = USBD_OK;
 80034b0:	2600      	movs	r6, #0
 80034b2:	e051      	b.n	8003558 <USBD_CDC_Setup+0x110>
          hcdc->CmdLength = (uint8_t)MIN(req->wLength, USB_MAX_EP0_SIZE);
 80034b4:	2240      	movs	r2, #64	@ 0x40
 80034b6:	f887 2201 	strb.w	r2, [r7, #513]	@ 0x201
          (void)USBD_CtlPrepareRx(pdev, (uint8_t *)hcdc->data, hcdc->CmdLength);
 80034ba:	4639      	mov	r1, r7
 80034bc:	4620      	mov	r0, r4
 80034be:	f001 f911 	bl	80046e4 <USBD_CtlPrepareRx>
  USBD_StatusTypeDef ret = USBD_OK;
 80034c2:	2600      	movs	r6, #0
 80034c4:	e048      	b.n	8003558 <USBD_CDC_Setup+0x110>
        ((USBD_CDC_ItfTypeDef *)pdev->pUserData[pdev->classId])->Control(req->bRequest,
 80034c6:	33b0      	adds	r3, #176	@ 0xb0
 80034c8:	eb00 0383 	add.w	r3, r0, r3, lsl #2
 80034cc:	685b      	ldr	r3, [r3, #4]
 80034ce:	689b      	ldr	r3, [r3, #8]
 80034d0:	2200      	movs	r2, #0
 80034d2:	4629      	mov	r1, r5
 80034d4:	7868      	ldrb	r0, [r5, #1]
 80034d6:	4798      	blx	r3
  USBD_StatusTypeDef ret = USBD_OK;
 80034d8:	2600      	movs	r6, #0
 80034da:	e03d      	b.n	8003558 <USBD_CDC_Setup+0x110>
      switch (req->bRequest)
 80034dc:	786f      	ldrb	r7, [r5, #1]
 80034de:	2f0b      	cmp	r7, #11
 80034e0:	d831      	bhi.n	8003546 <USBD_CDC_Setup+0xfe>
 80034e2:	e8df f007 	tbb	[pc, r7]
 80034e6:	3906      	.short	0x3906
 80034e8:	30303030 	.word	0x30303030
 80034ec:	30303030 	.word	0x30303030
 80034f0:	2616      	.short	0x2616
          if (pdev->dev_state == USBD_STATE_CONFIGURED)
 80034f2:	f890 329c 	ldrb.w	r3, [r0, #668]	@ 0x29c
 80034f6:	b2db      	uxtb	r3, r3
 80034f8:	2b03      	cmp	r3, #3
 80034fa:	d004      	beq.n	8003506 <USBD_CDC_Setup+0xbe>
            USBD_CtlError(pdev, req);
 80034fc:	4629      	mov	r1, r5
 80034fe:	f000 fcc6 	bl	8003e8e <USBD_CtlError>
            ret = USBD_FAIL;
 8003502:	2603      	movs	r6, #3
 8003504:	e028      	b.n	8003558 <USBD_CDC_Setup+0x110>
            (void)USBD_CtlSendData(pdev, (uint8_t *)&status_info, 2U);
 8003506:	2202      	movs	r2, #2
 8003508:	a901      	add	r1, sp, #4
 800350a:	f001 f8d5 	bl	80046b8 <USBD_CtlSendData>
  USBD_StatusTypeDef ret = USBD_OK;
 800350e:	463e      	mov	r6, r7
 8003510:	e022      	b.n	8003558 <USBD_CDC_Setup+0x110>
          if (pdev->dev_state == USBD_STATE_CONFIGURED)
 8003512:	f890 329c 	ldrb.w	r3, [r0, #668]	@ 0x29c
 8003516:	b2db      	uxtb	r3, r3
 8003518:	2b03      	cmp	r3, #3
 800351a:	d004      	beq.n	8003526 <USBD_CDC_Setup+0xde>
            USBD_CtlError(pdev, req);
 800351c:	4629      	mov	r1, r5
 800351e:	f000 fcb6 	bl	8003e8e <USBD_CtlError>
            ret = USBD_FAIL;
 8003522:	2603      	movs	r6, #3
 8003524:	e018      	b.n	8003558 <USBD_CDC_Setup+0x110>
            (void)USBD_CtlSendData(pdev, &ifalt, 1U);
 8003526:	2201      	movs	r2, #1
 8003528:	f10d 0107 	add.w	r1, sp, #7
 800352c:	f001 f8c4 	bl	80046b8 <USBD_CtlSendData>
 8003530:	e012      	b.n	8003558 <USBD_CDC_Setup+0x110>
          if (pdev->dev_state != USBD_STATE_CONFIGURED)
 8003532:	f890 329c 	ldrb.w	r3, [r0, #668]	@ 0x29c
 8003536:	b2db      	uxtb	r3, r3
 8003538:	2b03      	cmp	r3, #3
 800353a:	d00d      	beq.n	8003558 <USBD_CDC_Setup+0x110>
            USBD_CtlError(pdev, req);
 800353c:	4629      	mov	r1, r5
 800353e:	f000 fca6 	bl	8003e8e <USBD_CtlError>
            ret = USBD_FAIL;
 8003542:	2603      	movs	r6, #3
 8003544:	e008      	b.n	8003558 <USBD_CDC_Setup+0x110>
          USBD_CtlError(pdev, req);
 8003546:	4629      	mov	r1, r5
 8003548:	f000 fca1 	bl	8003e8e <USBD_CtlError>
          ret = USBD_FAIL;
 800354c:	2603      	movs	r6, #3
          break;
 800354e:	e003      	b.n	8003558 <USBD_CDC_Setup+0x110>
      USBD_CtlError(pdev, req);
 8003550:	4629      	mov	r1, r5
 8003552:	f000 fc9c 	bl	8003e8e <USBD_CtlError>
      ret = USBD_FAIL;
 8003556:	2603      	movs	r6, #3
}
 8003558:	4630      	mov	r0, r6
 800355a:	b003      	add	sp, #12
 800355c:	bdf0      	pop	{r4, r5, r6, r7, pc}
    return (uint8_t)USBD_FAIL;
 800355e:	2603      	movs	r6, #3
 8003560:	e7fa      	b.n	8003558 <USBD_CDC_Setup+0x110>

08003562 <USBD_CDC_DeInit>:
{
 8003562:	b538      	push	{r3, r4, r5, lr}
 8003564:	4604      	mov	r4, r0
  (void)USBD_LL_CloseEP(pdev, CDCInEpAdd);
 8003566:	2181      	movs	r1, #129	@ 0x81
 8003568:	f000 fa32 	bl	80039d0 <USBD_LL_CloseEP>
  pdev->ep_in[CDCInEpAdd & 0xFU].is_used = 0U;
 800356c:	2500      	movs	r5, #0
 800356e:	f884 5037 	strb.w	r5, [r4, #55]	@ 0x37
  (void)USBD_LL_CloseEP(pdev, CDCOutEpAdd);
 8003572:	2101      	movs	r1, #1
 8003574:	4620      	mov	r0, r4
 8003576:	f000 fa2b 	bl	80039d0 <USBD_LL_CloseEP>
  pdev->ep_out[CDCOutEpAdd & 0xFU].is_used = 0U;
 800357a:	f884 5177 	strb.w	r5, [r4, #375]	@ 0x177
  (void)USBD_LL_CloseEP(pdev, CDCCmdEpAdd);
 800357e:	2182      	movs	r1, #130	@ 0x82
 8003580:	4620      	mov	r0, r4
 8003582:	f000 fa25 	bl	80039d0 <USBD_LL_CloseEP>
  pdev->ep_in[CDCCmdEpAdd & 0xFU].is_used = 0U;
 8003586:	f884 504b 	strb.w	r5, [r4, #75]	@ 0x4b
  pdev->ep_in[CDCCmdEpAdd & 0xFU].bInterval = 0U;
 800358a:	6465      	str	r5, [r4, #68]	@ 0x44
  if (pdev->pClassDataCmsit[pdev->classId] != NULL)
 800358c:	f8d4 32d4 	ldr.w	r3, [r4, #724]	@ 0x2d4
 8003590:	f103 02b0 	add.w	r2, r3, #176	@ 0xb0
 8003594:	f854 2022 	ldr.w	r2, [r4, r2, lsl #2]
 8003598:	b19a      	cbz	r2, 80035c2 <USBD_CDC_DeInit+0x60>
    ((USBD_CDC_ItfTypeDef *)pdev->pUserData[pdev->classId])->DeInit();
 800359a:	33b0      	adds	r3, #176	@ 0xb0
 800359c:	eb04 0383 	add.w	r3, r4, r3, lsl #2
 80035a0:	685b      	ldr	r3, [r3, #4]
 80035a2:	685b      	ldr	r3, [r3, #4]
 80035a4:	4798      	blx	r3
    (void)USBD_free(pdev->pClassDataCmsit[pdev->classId]);
 80035a6:	f8d4 32d4 	ldr.w	r3, [r4, #724]	@ 0x2d4
 80035aa:	33b0      	adds	r3, #176	@ 0xb0
 80035ac:	f854 0023 	ldr.w	r0, [r4, r3, lsl #2]
 80035b0:	f000 f9f0 	bl	8003994 <USBD_static_free>
    pdev->pClassDataCmsit[pdev->classId] = NULL;
 80035b4:	f8d4 32d4 	ldr.w	r3, [r4, #724]	@ 0x2d4
 80035b8:	33b0      	adds	r3, #176	@ 0xb0
 80035ba:	f844 5023 	str.w	r5, [r4, r3, lsl #2]
    pdev->pClassData = NULL;
 80035be:	f8c4 52bc 	str.w	r5, [r4, #700]	@ 0x2bc
}
 80035c2:	2000      	movs	r0, #0
 80035c4:	bd38      	pop	{r3, r4, r5, pc}

080035c6 <USBD_CDC_Init>:
{
 80035c6:	b570      	push	{r4, r5, r6, lr}
 80035c8:	4604      	mov	r4, r0
  hcdc = (USBD_CDC_HandleTypeDef *)USBD_malloc(sizeof(USBD_CDC_HandleTypeDef));
 80035ca:	f44f 7007 	mov.w	r0, #540	@ 0x21c
 80035ce:	f000 f9dd 	bl	800398c <USBD_static_malloc>
  if (hcdc == NULL)
 80035d2:	2800      	cmp	r0, #0
 80035d4:	d049      	beq.n	800366a <USBD_CDC_Init+0xa4>
 80035d6:	4605      	mov	r5, r0
  (void)USBD_memset(hcdc, 0, sizeof(USBD_CDC_HandleTypeDef));
 80035d8:	f44f 7207 	mov.w	r2, #540	@ 0x21c
 80035dc:	2100      	movs	r1, #0
 80035de:	f7fc fe3f 	bl	8000260 <memset>
  pdev->pClassDataCmsit[pdev->classId] = (void *)hcdc;
 80035e2:	f8d4 32d4 	ldr.w	r3, [r4, #724]	@ 0x2d4
 80035e6:	33b0      	adds	r3, #176	@ 0xb0
 80035e8:	f844 5023 	str.w	r5, [r4, r3, lsl #2]
  pdev->pClassData = pdev->pClassDataCmsit[pdev->classId];
 80035ec:	f8c4 52bc 	str.w	r5, [r4, #700]	@ 0x2bc
  if (pdev->dev_speed == USBD_SPEED_HIGH)
 80035f0:	7c23      	ldrb	r3, [r4, #16]
 80035f2:	2b00      	cmp	r3, #0
 80035f4:	d141      	bne.n	800367a <USBD_CDC_Init+0xb4>
    (void)USBD_LL_OpenEP(pdev, CDCInEpAdd, USBD_EP_TYPE_BULK,
 80035f6:	f44f 7300 	mov.w	r3, #512	@ 0x200
 80035fa:	2202      	movs	r2, #2
 80035fc:	2181      	movs	r1, #129	@ 0x81
 80035fe:	4620      	mov	r0, r4
 8003600:	f000 f9db 	bl	80039ba <USBD_LL_OpenEP>
    pdev->ep_in[CDCInEpAdd & 0xFU].is_used = 1U;
 8003604:	2601      	movs	r6, #1
 8003606:	f884 6037 	strb.w	r6, [r4, #55]	@ 0x37
    (void)USBD_LL_OpenEP(pdev, CDCOutEpAdd, USBD_EP_TYPE_BULK,
 800360a:	f44f 7300 	mov.w	r3, #512	@ 0x200
 800360e:	2202      	movs	r2, #2
 8003610:	4631      	mov	r1, r6
 8003612:	4620      	mov	r0, r4
 8003614:	f000 f9d1 	bl	80039ba <USBD_LL_OpenEP>
    pdev->ep_out[CDCOutEpAdd & 0xFU].is_used = 1U;
 8003618:	f884 6177 	strb.w	r6, [r4, #375]	@ 0x177
    pdev->ep_in[CDCCmdEpAdd & 0xFU].bInterval = CDC_HS_BINTERVAL;
 800361c:	2310      	movs	r3, #16
 800361e:	6463      	str	r3, [r4, #68]	@ 0x44
  (void)USBD_LL_OpenEP(pdev, CDCCmdEpAdd, USBD_EP_TYPE_INTR, CDC_CMD_PACKET_SIZE);
 8003620:	2308      	movs	r3, #8
 8003622:	2203      	movs	r2, #3
 8003624:	2182      	movs	r1, #130	@ 0x82
 8003626:	4620      	mov	r0, r4
 8003628:	f000 f9c7 	bl	80039ba <USBD_LL_OpenEP>
  pdev->ep_in[CDCCmdEpAdd & 0xFU].is_used = 1U;
 800362c:	2301      	movs	r3, #1
 800362e:	f884 304b 	strb.w	r3, [r4, #75]	@ 0x4b
  hcdc->RxBuffer = NULL;
 8003632:	2600      	movs	r6, #0
 8003634:	f8c5 6204 	str.w	r6, [r5, #516]	@ 0x204
  ((USBD_CDC_ItfTypeDef *)pdev->pUserData[pdev->classId])->Init();
 8003638:	f8d4 32d4 	ldr.w	r3, [r4, #724]	@ 0x2d4
 800363c:	33b0      	adds	r3, #176	@ 0xb0
 800363e:	eb04 0383 	add.w	r3, r4, r3, lsl #2
 8003642:	685b      	ldr	r3, [r3, #4]
 8003644:	681b      	ldr	r3, [r3, #0]
 8003646:	4798      	blx	r3
  hcdc->TxState = 0U;
 8003648:	f8c5 6214 	str.w	r6, [r5, #532]	@ 0x214
  hcdc->RxState = 0U;
 800364c:	f8c5 6218 	str.w	r6, [r5, #536]	@ 0x218
  if (hcdc->RxBuffer == NULL)
 8003650:	f8d5 2204 	ldr.w	r2, [r5, #516]	@ 0x204
 8003654:	b362      	cbz	r2, 80036b0 <USBD_CDC_Init+0xea>
  if (pdev->dev_speed == USBD_SPEED_HIGH)
 8003656:	7c25      	ldrb	r5, [r4, #16]
 8003658:	bb1d      	cbnz	r5, 80036a2 <USBD_CDC_Init+0xdc>
    (void)USBD_LL_PrepareReceive(pdev, CDCOutEpAdd, hcdc->RxBuffer,
 800365a:	f44f 7300 	mov.w	r3, #512	@ 0x200
 800365e:	2101      	movs	r1, #1
 8003660:	4620      	mov	r0, r4
 8003662:	f000 f9dd 	bl	8003a20 <USBD_LL_PrepareReceive>
}
 8003666:	4628      	mov	r0, r5
 8003668:	bd70      	pop	{r4, r5, r6, pc}
    pdev->pClassDataCmsit[pdev->classId] = NULL;
 800366a:	f8d4 32d4 	ldr.w	r3, [r4, #724]	@ 0x2d4
 800366e:	33b0      	adds	r3, #176	@ 0xb0
 8003670:	2200      	movs	r2, #0
 8003672:	f844 2023 	str.w	r2, [r4, r3, lsl #2]
    return (uint8_t)USBD_EMEM;
 8003676:	2502      	movs	r5, #2
 8003678:	e7f5      	b.n	8003666 <USBD_CDC_Init+0xa0>
    (void)USBD_LL_OpenEP(pdev, CDCInEpAdd, USBD_EP_TYPE_BULK,
 800367a:	2340      	movs	r3, #64	@ 0x40
 800367c:	2202      	movs	r2, #2
 800367e:	2181      	movs	r1, #129	@ 0x81
 8003680:	4620      	mov	r0, r4
 8003682:	f000 f99a 	bl	80039ba <USBD_LL_OpenEP>
    pdev->ep_in[CDCInEpAdd & 0xFU].is_used = 1U;
 8003686:	2601      	movs	r6, #1
 8003688:	f884 6037 	strb.w	r6, [r4, #55]	@ 0x37
    (void)USBD_LL_OpenEP(pdev, CDCOutEpAdd, USBD_EP_TYPE_BULK,
 800368c:	2340      	movs	r3, #64	@ 0x40
 800368e:	2202      	movs	r2, #2
 8003690:	4631      	mov	r1, r6
 8003692:	4620      	mov	r0, r4
 8003694:	f000 f991 	bl	80039ba <USBD_LL_OpenEP>
    pdev->ep_out[CDCOutEpAdd & 0xFU].is_used = 1U;
 8003698:	f884 6177 	strb.w	r6, [r4, #375]	@ 0x177
    pdev->ep_in[CDCCmdEpAdd & 0xFU].bInterval = CDC_FS_BINTERVAL;
 800369c:	2310      	movs	r3, #16
 800369e:	6463      	str	r3, [r4, #68]	@ 0x44
 80036a0:	e7be      	b.n	8003620 <USBD_CDC_Init+0x5a>
    (void)USBD_LL_PrepareReceive(pdev, CDCOutEpAdd, hcdc->RxBuffer,
 80036a2:	2340      	movs	r3, #64	@ 0x40
 80036a4:	2101      	movs	r1, #1
 80036a6:	4620      	mov	r0, r4
 80036a8:	f000 f9ba 	bl	8003a20 <USBD_LL_PrepareReceive>
  return (uint8_t)USBD_OK;
 80036ac:	2500      	movs	r5, #0
 80036ae:	e7da      	b.n	8003666 <USBD_CDC_Init+0xa0>
    return (uint8_t)USBD_EMEM;
 80036b0:	2502      	movs	r5, #2
 80036b2:	e7d8      	b.n	8003666 <USBD_CDC_Init+0xa0>

080036b4 <USBD_CDC_RegisterInterface>:
  * @retval status
  */
uint8_t USBD_CDC_RegisterInterface(USBD_HandleTypeDef *pdev,
                                   USBD_CDC_ItfTypeDef *fops)
{
  if (fops == NULL)
 80036b4:	b139      	cbz	r1, 80036c6 <USBD_CDC_RegisterInterface+0x12>
  {
    return (uint8_t)USBD_FAIL;
  }

  pdev->pUserData[pdev->classId] = fops;
 80036b6:	f8d0 32d4 	ldr.w	r3, [r0, #724]	@ 0x2d4
 80036ba:	33b0      	adds	r3, #176	@ 0xb0
 80036bc:	eb00 0083 	add.w	r0, r0, r3, lsl #2
 80036c0:	6041      	str	r1, [r0, #4]

  return (uint8_t)USBD_OK;
 80036c2:	2000      	movs	r0, #0
 80036c4:	4770      	bx	lr
    return (uint8_t)USBD_FAIL;
 80036c6:	2003      	movs	r0, #3
}
 80036c8:	4770      	bx	lr

080036ca <USBD_CDC_SetTxBuffer>:
  USBD_CDC_HandleTypeDef *hcdc = (USBD_CDC_HandleTypeDef *)pdev->pClassDataCmsit[ClassId];
#else
uint8_t USBD_CDC_SetTxBuffer(USBD_HandleTypeDef *pdev,
                             uint8_t *pbuff, uint32_t length)
{
  USBD_CDC_HandleTypeDef *hcdc = (USBD_CDC_HandleTypeDef *)pdev->pClassDataCmsit[pdev->classId];
 80036ca:	f8d0 32d4 	ldr.w	r3, [r0, #724]	@ 0x2d4
 80036ce:	33b0      	adds	r3, #176	@ 0xb0
 80036d0:	f850 3023 	ldr.w	r3, [r0, r3, lsl #2]
#endif /* USE_USBD_COMPOSITE */

  if (hcdc == NULL)
 80036d4:	b12b      	cbz	r3, 80036e2 <USBD_CDC_SetTxBuffer+0x18>
  {
    return (uint8_t)USBD_FAIL;
  }

  hcdc->TxBuffer = pbuff;
 80036d6:	f8c3 1208 	str.w	r1, [r3, #520]	@ 0x208
  hcdc->TxLength = length;
 80036da:	f8c3 2210 	str.w	r2, [r3, #528]	@ 0x210

  return (uint8_t)USBD_OK;
 80036de:	2000      	movs	r0, #0
 80036e0:	4770      	bx	lr
    return (uint8_t)USBD_FAIL;
 80036e2:	2003      	movs	r0, #3
}
 80036e4:	4770      	bx	lr

080036e6 <USBD_CDC_SetRxBuffer>:
  * @param  pbuff: Rx Buffer
  * @retval status
  */
uint8_t USBD_CDC_SetRxBuffer(USBD_HandleTypeDef *pdev, uint8_t *pbuff)
{
  USBD_CDC_HandleTypeDef *hcdc = (USBD_CDC_HandleTypeDef *)pdev->pClassDataCmsit[pdev->classId];
 80036e6:	f8d0 32d4 	ldr.w	r3, [r0, #724]	@ 0x2d4
 80036ea:	33b0      	adds	r3, #176	@ 0xb0
 80036ec:	f850 3023 	ldr.w	r3, [r0, r3, lsl #2]

  if (hcdc == NULL)
 80036f0:	b11b      	cbz	r3, 80036fa <USBD_CDC_SetRxBuffer+0x14>
  {
    return (uint8_t)USBD_FAIL;
  }

  hcdc->RxBuffer = pbuff;
 80036f2:	f8c3 1204 	str.w	r1, [r3, #516]	@ 0x204

  return (uint8_t)USBD_OK;
 80036f6:	2000      	movs	r0, #0
 80036f8:	4770      	bx	lr
    return (uint8_t)USBD_FAIL;
 80036fa:	2003      	movs	r0, #3
}
 80036fc:	4770      	bx	lr

080036fe <USBD_CDC_ReceivePacket>:
  *         prepare OUT Endpoint for reception
  * @param  pdev: device instance
  * @retval status
  */
uint8_t USBD_CDC_ReceivePacket(USBD_HandleTypeDef *pdev)
{
 80036fe:	b510      	push	{r4, lr}
  USBD_CDC_HandleTypeDef *hcdc = (USBD_CDC_HandleTypeDef *)pdev->pClassDataCmsit[pdev->classId];
 8003700:	f8d0 32d4 	ldr.w	r3, [r0, #724]	@ 0x2d4
 8003704:	33b0      	adds	r3, #176	@ 0xb0
 8003706:	f850 2023 	ldr.w	r2, [r0, r3, lsl #2]
#ifdef USE_USBD_COMPOSITE
  /* Get the Endpoints addresses allocated for this class instance */
  CDCOutEpAdd = USBD_CoreGetEPAdd(pdev, USBD_EP_OUT, USBD_EP_TYPE_BULK, (uint8_t)pdev->classId);
#endif /* USE_USBD_COMPOSITE */

  if (pdev->pClassDataCmsit[pdev->classId] == NULL)
 800370a:	b192      	cbz	r2, 8003732 <USBD_CDC_ReceivePacket+0x34>
  {
    return (uint8_t)USBD_FAIL;
  }

  if (pdev->dev_speed == USBD_SPEED_HIGH)
 800370c:	7c04      	ldrb	r4, [r0, #16]
 800370e:	b944      	cbnz	r4, 8003722 <USBD_CDC_ReceivePacket+0x24>
  {
    /* Prepare Out endpoint to receive next packet */
    (void)USBD_LL_PrepareReceive(pdev, CDCOutEpAdd, hcdc->RxBuffer,
 8003710:	f44f 7300 	mov.w	r3, #512	@ 0x200
 8003714:	f8d2 2204 	ldr.w	r2, [r2, #516]	@ 0x204
 8003718:	2101      	movs	r1, #1
 800371a:	f000 f981 	bl	8003a20 <USBD_LL_PrepareReceive>
    (void)USBD_LL_PrepareReceive(pdev, CDCOutEpAdd, hcdc->RxBuffer,
                                 CDC_DATA_FS_OUT_PACKET_SIZE);
  }

  return (uint8_t)USBD_OK;
}
 800371e:	4620      	mov	r0, r4
 8003720:	bd10      	pop	{r4, pc}
    (void)USBD_LL_PrepareReceive(pdev, CDCOutEpAdd, hcdc->RxBuffer,
 8003722:	2340      	movs	r3, #64	@ 0x40
 8003724:	f8d2 2204 	ldr.w	r2, [r2, #516]	@ 0x204
 8003728:	2101      	movs	r1, #1
 800372a:	f000 f979 	bl	8003a20 <USBD_LL_PrepareReceive>
  return (uint8_t)USBD_OK;
 800372e:	2400      	movs	r4, #0
 8003730:	e7f5      	b.n	800371e <USBD_CDC_ReceivePacket+0x20>
    return (uint8_t)USBD_FAIL;
 8003732:	2403      	movs	r4, #3
 8003734:	e7f3      	b.n	800371e <USBD_CDC_ReceivePacket+0x20>

08003736 <CDC_DeInit_FS>:
static int8_t CDC_DeInit_FS(void)
{
  /* USER CODE BEGIN 4 */
  return (USBD_OK);
  /* USER CODE END 4 */
}
 8003736:	2000      	movs	r0, #0
 8003738:	4770      	bx	lr

0800373a <CDC_Control_FS>:
    break;
  }

  return (USBD_OK);
  /* USER CODE END 5 */
}
 800373a:	2000      	movs	r0, #0
 800373c:	4770      	bx	lr

0800373e <CDC_TransmitCplt_FS>:
  UNUSED(Buf);
  UNUSED(Len);
  UNUSED(epnum);
  /* USER CODE END 13 */
  return result;
}
 800373e:	2000      	movs	r0, #0
 8003740:	4770      	bx	lr
	...

08003744 <CDC_Receive_FS>:
{
 8003744:	b510      	push	{r4, lr}
 8003746:	4601      	mov	r1, r0
  USBD_CDC_SetRxBuffer(&hUsbDeviceFS, &Buf[0]);
 8003748:	4c04      	ldr	r4, [pc, #16]	@ (800375c <CDC_Receive_FS+0x18>)
 800374a:	4620      	mov	r0, r4
 800374c:	f7ff ffcb 	bl	80036e6 <USBD_CDC_SetRxBuffer>
  USBD_CDC_ReceivePacket(&hUsbDeviceFS);
 8003750:	4620      	mov	r0, r4
 8003752:	f7ff ffd4 	bl	80036fe <USBD_CDC_ReceivePacket>
}
 8003756:	2000      	movs	r0, #0
 8003758:	bd10      	pop	{r4, pc}
 800375a:	bf00      	nop
 800375c:	2000034c 	.word	0x2000034c

08003760 <CDC_Init_FS>:
{
 8003760:	b510      	push	{r4, lr}
  USBD_CDC_SetTxBuffer(&hUsbDeviceFS, UserTxBufferFS, 0);
 8003762:	4c06      	ldr	r4, [pc, #24]	@ (800377c <CDC_Init_FS+0x1c>)
 8003764:	2200      	movs	r2, #0
 8003766:	4906      	ldr	r1, [pc, #24]	@ (8003780 <CDC_Init_FS+0x20>)
 8003768:	4620      	mov	r0, r4
 800376a:	f7ff ffae 	bl	80036ca <USBD_CDC_SetTxBuffer>
  USBD_CDC_SetRxBuffer(&hUsbDeviceFS, UserRxBufferFS);
 800376e:	4905      	ldr	r1, [pc, #20]	@ (8003784 <CDC_Init_FS+0x24>)
 8003770:	4620      	mov	r0, r4
 8003772:	f7ff ffb8 	bl	80036e6 <USBD_CDC_SetRxBuffer>
}
 8003776:	2000      	movs	r0, #0
 8003778:	bd10      	pop	{r4, pc}
 800377a:	bf00      	nop
 800377c:	2000034c 	.word	0x2000034c
 8003780:	20000628 	.word	0x20000628
 8003784:	20000e28 	.word	0x20000e28

08003788 <HAL_PCD_MspInit>:
                       LL Driver Callbacks (PCD -> USB Device Library)
*******************************************************************************/
/* MSP Init */

void HAL_PCD_MspInit(PCD_HandleTypeDef* pcdHandle)
{
 8003788:	b530      	push	{r4, r5, lr}
 800378a:	b089      	sub	sp, #36	@ 0x24
  GPIO_InitTypeDef GPIO_InitStruct = {0};
 800378c:	2300      	movs	r3, #0
 800378e:	9303      	str	r3, [sp, #12]
 8003790:	9304      	str	r3, [sp, #16]
 8003792:	9305      	str	r3, [sp, #20]
 8003794:	9306      	str	r3, [sp, #24]
 8003796:	9307      	str	r3, [sp, #28]
  if(pcdHandle->Instance==USB_OTG_FS)
 8003798:	6803      	ldr	r3, [r0, #0]
 800379a:	f1b3 4fa0 	cmp.w	r3, #1342177280	@ 0x50000000
 800379e:	d001      	beq.n	80037a4 <HAL_PCD_MspInit+0x1c>
    HAL_NVIC_EnableIRQ(OTG_FS_IRQn);
  /* USER CODE BEGIN USB_OTG_FS_MspInit 1 */

  /* USER CODE END USB_OTG_FS_MspInit 1 */
  }
}
 80037a0:	b009      	add	sp, #36	@ 0x24
 80037a2:	bd30      	pop	{r4, r5, pc}
    __HAL_RCC_GPIOA_CLK_ENABLE();
 80037a4:	2500      	movs	r5, #0
 80037a6:	9501      	str	r5, [sp, #4]
 80037a8:	4c16      	ldr	r4, [pc, #88]	@ (8003804 <HAL_PCD_MspInit+0x7c>)
 80037aa:	6b23      	ldr	r3, [r4, #48]	@ 0x30
 80037ac:	f043 0301 	orr.w	r3, r3, #1
 80037b0:	6323      	str	r3, [r4, #48]	@ 0x30
 80037b2:	6b23      	ldr	r3, [r4, #48]	@ 0x30
 80037b4:	f003 0301 	and.w	r3, r3, #1
 80037b8:	9301      	str	r3, [sp, #4]
 80037ba:	9b01      	ldr	r3, [sp, #4]
    GPIO_InitStruct.Pin = GPIO_PIN_11|GPIO_PIN_12;
 80037bc:	f44f 53c0 	mov.w	r3, #6144	@ 0x1800
 80037c0:	9303      	str	r3, [sp, #12]
    GPIO_InitStruct.Mode = GPIO_MODE_AF_PP;
 80037c2:	2302      	movs	r3, #2
 80037c4:	9304      	str	r3, [sp, #16]
    GPIO_InitStruct.Speed = GPIO_SPEED_FREQ_VERY_HIGH;
 80037c6:	2303      	movs	r3, #3
 80037c8:	9306      	str	r3, [sp, #24]
    GPIO_InitStruct.Alternate = GPIO_AF10_OTG_FS;
 80037ca:	230a      	movs	r3, #10
 80037cc:	9307      	str	r3, [sp, #28]
    HAL_GPIO_Init(GPIOA, &GPIO_InitStruct);
 80037ce:	a903      	add	r1, sp, #12
 80037d0:	480d      	ldr	r0, [pc, #52]	@ (8003808 <HAL_PCD_MspInit+0x80>)
 80037d2:	f7fd f9e7 	bl	8000ba4 <HAL_GPIO_Init>
    __HAL_RCC_USB_OTG_FS_CLK_ENABLE();
 80037d6:	6b63      	ldr	r3, [r4, #52]	@ 0x34
 80037d8:	f043 0380 	orr.w	r3, r3, #128	@ 0x80
 80037dc:	6363      	str	r3, [r4, #52]	@ 0x34
 80037de:	9502      	str	r5, [sp, #8]
 80037e0:	6c63      	ldr	r3, [r4, #68]	@ 0x44
 80037e2:	f443 4380 	orr.w	r3, r3, #16384	@ 0x4000
 80037e6:	6463      	str	r3, [r4, #68]	@ 0x44
 80037e8:	6c63      	ldr	r3, [r4, #68]	@ 0x44
 80037ea:	f403 4380 	and.w	r3, r3, #16384	@ 0x4000
 80037ee:	9302      	str	r3, [sp, #8]
 80037f0:	9b02      	ldr	r3, [sp, #8]
    HAL_NVIC_SetPriority(OTG_FS_IRQn, 0, 0);
 80037f2:	462a      	mov	r2, r5
 80037f4:	4629      	mov	r1, r5
 80037f6:	2043      	movs	r0, #67	@ 0x43
 80037f8:	f7fd f9ac 	bl	8000b54 <HAL_NVIC_SetPriority>
    HAL_NVIC_EnableIRQ(OTG_FS_IRQn);
 80037fc:	2043      	movs	r0, #67	@ 0x43
 80037fe:	f7fd f9b9 	bl	8000b74 <HAL_NVIC_EnableIRQ>
}
 8003802:	e7cd      	b.n	80037a0 <HAL_PCD_MspInit+0x18>
 8003804:	40023800 	.word	0x40023800
 8003808:	40020000 	.word	0x40020000

0800380c <HAL_PCD_SetupStageCallback>:
#if (USE_HAL_PCD_REGISTER_CALLBACKS == 1U)
static void PCD_SetupStageCallback(PCD_HandleTypeDef *hpcd)
#else
void HAL_PCD_SetupStageCallback(PCD_HandleTypeDef *hpcd)
#endif /* USE_HAL_PCD_REGISTER_CALLBACKS */
{
 800380c:	b508      	push	{r3, lr}
  USBD_LL_SetupStage((USBD_HandleTypeDef*)hpcd->pData, (uint8_t *)hpcd->Setup);
 800380e:	f200 419c 	addw	r1, r0, #1180	@ 0x49c
 8003812:	f8d0 04e0 	ldr.w	r0, [r0, #1248]	@ 0x4e0
 8003816:	f000 f952 	bl	8003abe <USBD_LL_SetupStage>
}
 800381a:	bd08      	pop	{r3, pc}

0800381c <HAL_PCD_DataOutStageCallback>:
#if (USE_HAL_PCD_REGISTER_CALLBACKS == 1U)
static void PCD_DataOutStageCallback(PCD_HandleTypeDef *hpcd, uint8_t epnum)
#else
void HAL_PCD_DataOutStageCallback(PCD_HandleTypeDef *hpcd, uint8_t epnum)
#endif /* USE_HAL_PCD_REGISTER_CALLBACKS */
{
 800381c:	b508      	push	{r3, lr}
  USBD_LL_DataOutStage((USBD_HandleTypeDef*)hpcd->pData, epnum, hpcd->OUT_ep[epnum].xfer_buff);
 800381e:	eb01 03c1 	add.w	r3, r1, r1, lsl #3
 8003822:	eb00 0383 	add.w	r3, r0, r3, lsl #2
 8003826:	f8d3 2260 	ldr.w	r2, [r3, #608]	@ 0x260
 800382a:	f8d0 04e0 	ldr.w	r0, [r0, #1248]	@ 0x4e0
 800382e:	f000 fa19 	bl	8003c64 <USBD_LL_DataOutStage>
}
 8003832:	bd08      	pop	{r3, pc}

08003834 <HAL_PCD_DataInStageCallback>:
#if (USE_HAL_PCD_REGISTER_CALLBACKS == 1U)
static void PCD_DataInStageCallback(PCD_HandleTypeDef *hpcd, uint8_t epnum)
#else
void HAL_PCD_DataInStageCallback(PCD_HandleTypeDef *hpcd, uint8_t epnum)
#endif /* USE_HAL_PCD_REGISTER_CALLBACKS */
{
 8003834:	b508      	push	{r3, lr}
  USBD_LL_DataInStage((USBD_HandleTypeDef*)hpcd->pData, epnum, hpcd->IN_ep[epnum].xfer_buff);
 8003836:	eb01 03c1 	add.w	r3, r1, r1, lsl #3
 800383a:	eb00 0383 	add.w	r3, r0, r3, lsl #2
 800383e:	6a1a      	ldr	r2, [r3, #32]
 8003840:	f8d0 04e0 	ldr.w	r0, [r0, #1248]	@ 0x4e0
 8003844:	f000 fa73 	bl	8003d2e <USBD_LL_DataInStage>
}
 8003848:	bd08      	pop	{r3, pc}

0800384a <HAL_PCD_SOFCallback>:
#if (USE_HAL_PCD_REGISTER_CALLBACKS == 1U)
static void PCD_SOFCallback(PCD_HandleTypeDef *hpcd)
#else
void HAL_PCD_SOFCallback(PCD_HandleTypeDef *hpcd)
#endif /* USE_HAL_PCD_REGISTER_CALLBACKS */
{
 800384a:	b508      	push	{r3, lr}
  USBD_LL_SOF((USBD_HandleTypeDef*)hpcd->pData);
 800384c:	f8d0 04e0 	ldr.w	r0, [r0, #1248]	@ 0x4e0
 8003850:	f000 f9b3 	bl	8003bba <USBD_LL_SOF>
}
 8003854:	bd08      	pop	{r3, pc}

08003856 <HAL_PCD_ResetCallback>:
#if (USE_HAL_PCD_REGISTER_CALLBACKS == 1U)
static void PCD_ResetCallback(PCD_HandleTypeDef *hpcd)
#else
void HAL_PCD_ResetCallback(PCD_HandleTypeDef *hpcd)
#endif /* USE_HAL_PCD_REGISTER_CALLBACKS */
{
 8003856:	b510      	push	{r4, lr}
 8003858:	4604      	mov	r4, r0
  USBD_SpeedTypeDef speed = USBD_SPEED_FULL;

  if ( hpcd->Init.speed == PCD_SPEED_HIGH)
 800385a:	79c1      	ldrb	r1, [r0, #7]
 800385c:	b111      	cbz	r1, 8003864 <HAL_PCD_ResetCallback+0xe>
  {
    speed = USBD_SPEED_HIGH;
  }
  else if ( hpcd->Init.speed == PCD_SPEED_FULL)
 800385e:	2902      	cmp	r1, #2
 8003860:	d109      	bne.n	8003876 <HAL_PCD_ResetCallback+0x20>
  {
    speed = USBD_SPEED_FULL;
 8003862:	2101      	movs	r1, #1
  else
  {
    Error_Handler();
  }
    /* Set Speed. */
  USBD_LL_SetSpeed((USBD_HandleTypeDef*)hpcd->pData, speed);
 8003864:	f8d4 04e0 	ldr.w	r0, [r4, #1248]	@ 0x4e0
 8003868:	f000 f988 	bl	8003b7c <USBD_LL_SetSpeed>

  /* Reset Device. */
  USBD_LL_Reset((USBD_HandleTypeDef*)hpcd->pData);
 800386c:	f8d4 04e0 	ldr.w	r0, [r4, #1248]	@ 0x4e0
 8003870:	f000 f951 	bl	8003b16 <USBD_LL_Reset>
}
 8003874:	bd10      	pop	{r4, pc}
    Error_Handler();
 8003876:	f7fc ff43 	bl	8000700 <Error_Handler>
  USBD_SpeedTypeDef speed = USBD_SPEED_FULL;
 800387a:	2101      	movs	r1, #1
 800387c:	e7f2      	b.n	8003864 <HAL_PCD_ResetCallback+0xe>
	...

08003880 <HAL_PCD_SuspendCallback>:
#if (USE_HAL_PCD_REGISTER_CALLBACKS == 1U)
static void PCD_SuspendCallback(PCD_HandleTypeDef *hpcd)
#else
void HAL_PCD_SuspendCallback(PCD_HandleTypeDef *hpcd)
#endif /* USE_HAL_PCD_REGISTER_CALLBACKS */
{
 8003880:	b510      	push	{r4, lr}
 8003882:	4604      	mov	r4, r0
  /* Inform USB library that core enters in suspend Mode. */
  USBD_LL_Suspend((USBD_HandleTypeDef*)hpcd->pData);
 8003884:	f8d0 04e0 	ldr.w	r0, [r0, #1248]	@ 0x4e0
 8003888:	f000 f97b 	bl	8003b82 <USBD_LL_Suspend>
  __HAL_PCD_GATE_PHYCLOCK(hpcd);
 800388c:	6822      	ldr	r2, [r4, #0]
 800388e:	f8d2 3e00 	ldr.w	r3, [r2, #3584]	@ 0xe00
 8003892:	f043 0301 	orr.w	r3, r3, #1
 8003896:	f8c2 3e00 	str.w	r3, [r2, #3584]	@ 0xe00
  /* Enter in STOP mode. */
  /* USER CODE BEGIN 2 */
  if (hpcd->Init.low_power_enable)
 800389a:	7ae3      	ldrb	r3, [r4, #11]
 800389c:	b123      	cbz	r3, 80038a8 <HAL_PCD_SuspendCallback+0x28>
  {
    /* Set SLEEPDEEP bit and SleepOnExit of Cortex System Control Register. */
    SCB->SCR |= (uint32_t)((uint32_t)(SCB_SCR_SLEEPDEEP_Msk | SCB_SCR_SLEEPONEXIT_Msk));
 800389e:	4a03      	ldr	r2, [pc, #12]	@ (80038ac <HAL_PCD_SuspendCallback+0x2c>)
 80038a0:	6913      	ldr	r3, [r2, #16]
 80038a2:	f043 0306 	orr.w	r3, r3, #6
 80038a6:	6113      	str	r3, [r2, #16]
  }
  /* USER CODE END 2 */
}
 80038a8:	bd10      	pop	{r4, pc}
 80038aa:	bf00      	nop
 80038ac:	e000ed00 	.word	0xe000ed00

080038b0 <HAL_PCD_ResumeCallback>:
#if (USE_HAL_PCD_REGISTER_CALLBACKS == 1U)
static void PCD_ResumeCallback(PCD_HandleTypeDef *hpcd)
#else
void HAL_PCD_ResumeCallback(PCD_HandleTypeDef *hpcd)
#endif /* USE_HAL_PCD_REGISTER_CALLBACKS */
{
 80038b0:	b508      	push	{r3, lr}
  /* USER CODE BEGIN 3 */

  /* USER CODE END 3 */
  USBD_LL_Resume((USBD_HandleTypeDef*)hpcd->pData);
 80038b2:	f8d0 04e0 	ldr.w	r0, [r0, #1248]	@ 0x4e0
 80038b6:	f000 f973 	bl	8003ba0 <USBD_LL_Resume>
}
 80038ba:	bd08      	pop	{r3, pc}

080038bc <HAL_PCD_ISOOUTIncompleteCallback>:
#if (USE_HAL_PCD_REGISTER_CALLBACKS == 1U)
static void PCD_ISOOUTIncompleteCallback(PCD_HandleTypeDef *hpcd, uint8_t epnum)
#else
void HAL_PCD_ISOOUTIncompleteCallback(PCD_HandleTypeDef *hpcd, uint8_t epnum)
#endif /* USE_HAL_PCD_REGISTER_CALLBACKS */
{
 80038bc:	b508      	push	{r3, lr}
  USBD_LL_IsoOUTIncomplete((USBD_HandleTypeDef*)hpcd->pData, epnum);
 80038be:	f8d0 04e0 	ldr.w	r0, [r0, #1248]	@ 0x4e0
 80038c2:	f000 f9a2 	bl	8003c0a <USBD_LL_IsoOUTIncomplete>
}
 80038c6:	bd08      	pop	{r3, pc}

080038c8 <HAL_PCD_ISOINIncompleteCallback>:
#if (USE_HAL_PCD_REGISTER_CALLBACKS == 1U)
static void PCD_ISOINIncompleteCallback(PCD_HandleTypeDef *hpcd, uint8_t epnum)
#else
void HAL_PCD_ISOINIncompleteCallback(PCD_HandleTypeDef *hpcd, uint8_t epnum)
#endif /* USE_HAL_PCD_REGISTER_CALLBACKS */
{
 80038c8:	b508      	push	{r3, lr}
  USBD_LL_IsoINIncomplete((USBD_HandleTypeDef*)hpcd->pData, epnum);
 80038ca:	f8d0 04e0 	ldr.w	r0, [r0, #1248]	@ 0x4e0
 80038ce:	f000 f985 	bl	8003bdc <USBD_LL_IsoINIncomplete>
}
 80038d2:	bd08      	pop	{r3, pc}

080038d4 <HAL_PCD_ConnectCallback>:
#if (USE_HAL_PCD_REGISTER_CALLBACKS == 1U)
static void PCD_ConnectCallback(PCD_HandleTypeDef *hpcd)
#else
void HAL_PCD_ConnectCallback(PCD_HandleTypeDef *hpcd)
#endif /* USE_HAL_PCD_REGISTER_CALLBACKS */
{
 80038d4:	b508      	push	{r3, lr}
  USBD_LL_DevConnected((USBD_HandleTypeDef*)hpcd->pData);
 80038d6:	f8d0 04e0 	ldr.w	r0, [r0, #1248]	@ 0x4e0
 80038da:	f000 f9ad 	bl	8003c38 <USBD_LL_DevConnected>
}
 80038de:	bd08      	pop	{r3, pc}

080038e0 <HAL_PCD_DisconnectCallback>:
#if (USE_HAL_PCD_REGISTER_CALLBACKS == 1U)
static void PCD_DisconnectCallback(PCD_HandleTypeDef *hpcd)
#else
void HAL_PCD_DisconnectCallback(PCD_HandleTypeDef *hpcd)
#endif /* USE_HAL_PCD_REGISTER_CALLBACKS */
{
 80038e0:	b508      	push	{r3, lr}
  USBD_LL_DevDisconnected((USBD_HandleTypeDef*)hpcd->pData);
 80038e2:	f8d0 04e0 	ldr.w	r0, [r0, #1248]	@ 0x4e0
 80038e6:	f000 f9a9 	bl	8003c3c <USBD_LL_DevDisconnected>
}
 80038ea:	bd08      	pop	{r3, pc}

080038ec <USBD_LL_Init>:
  * @retval USBD status
  */
USBD_StatusTypeDef USBD_LL_Init(USBD_HandleTypeDef *pdev)
{
  /* Init USB Ip. */
  if (pdev->id == DEVICE_FS) {
 80038ec:	7802      	ldrb	r2, [r0, #0]
 80038ee:	b10a      	cbz	r2, 80038f4 <USBD_LL_Init+0x8>
  HAL_PCDEx_SetRxFiFo(&hpcd_USB_OTG_FS, 0x80);
  HAL_PCDEx_SetTxFiFo(&hpcd_USB_OTG_FS, 0, 0x40);
  HAL_PCDEx_SetTxFiFo(&hpcd_USB_OTG_FS, 1, 0x80);
  }
  return USBD_OK;
}
 80038f0:	2000      	movs	r0, #0
 80038f2:	4770      	bx	lr
{
 80038f4:	b510      	push	{r4, lr}
 80038f6:	4603      	mov	r3, r0
  hpcd_USB_OTG_FS.pData = pdev;
 80038f8:	4815      	ldr	r0, [pc, #84]	@ (8003950 <USBD_LL_Init+0x64>)
 80038fa:	f8c0 34e0 	str.w	r3, [r0, #1248]	@ 0x4e0
  pdev->pData = &hpcd_USB_OTG_FS;
 80038fe:	f8c3 02c8 	str.w	r0, [r3, #712]	@ 0x2c8
  hpcd_USB_OTG_FS.Instance = USB_OTG_FS;
 8003902:	f04f 43a0 	mov.w	r3, #1342177280	@ 0x50000000
 8003906:	6003      	str	r3, [r0, #0]
  hpcd_USB_OTG_FS.Init.dev_endpoints = 4;
 8003908:	2304      	movs	r3, #4
 800390a:	7103      	strb	r3, [r0, #4]
  hpcd_USB_OTG_FS.Init.speed = PCD_SPEED_FULL;
 800390c:	2202      	movs	r2, #2
 800390e:	71c2      	strb	r2, [r0, #7]
  hpcd_USB_OTG_FS.Init.dma_enable = DISABLE;
 8003910:	2300      	movs	r3, #0
 8003912:	7183      	strb	r3, [r0, #6]
  hpcd_USB_OTG_FS.Init.phy_itface = PCD_PHY_EMBEDDED;
 8003914:	7242      	strb	r2, [r0, #9]
  hpcd_USB_OTG_FS.Init.Sof_enable = DISABLE;
 8003916:	7283      	strb	r3, [r0, #10]
  hpcd_USB_OTG_FS.Init.low_power_enable = DISABLE;
 8003918:	72c3      	strb	r3, [r0, #11]
  hpcd_USB_OTG_FS.Init.lpm_enable = DISABLE;
 800391a:	7303      	strb	r3, [r0, #12]
  hpcd_USB_OTG_FS.Init.vbus_sensing_enable = DISABLE;
 800391c:	7383      	strb	r3, [r0, #14]
  hpcd_USB_OTG_FS.Init.use_dedicated_ep1 = DISABLE;
 800391e:	73c3      	strb	r3, [r0, #15]
  if (HAL_PCD_Init(&hpcd_USB_OTG_FS) != HAL_OK)
 8003920:	f7fd fb98 	bl	8001054 <HAL_PCD_Init>
 8003924:	b980      	cbnz	r0, 8003948 <USBD_LL_Init+0x5c>
  HAL_PCDEx_SetRxFiFo(&hpcd_USB_OTG_FS, 0x80);
 8003926:	4c0a      	ldr	r4, [pc, #40]	@ (8003950 <USBD_LL_Init+0x64>)
 8003928:	2180      	movs	r1, #128	@ 0x80
 800392a:	4620      	mov	r0, r4
 800392c:	f7fe f960 	bl	8001bf0 <HAL_PCDEx_SetRxFiFo>
  HAL_PCDEx_SetTxFiFo(&hpcd_USB_OTG_FS, 0, 0x40);
 8003930:	2240      	movs	r2, #64	@ 0x40
 8003932:	2100      	movs	r1, #0
 8003934:	4620      	mov	r0, r4
 8003936:	f7fe f935 	bl	8001ba4 <HAL_PCDEx_SetTxFiFo>
  HAL_PCDEx_SetTxFiFo(&hpcd_USB_OTG_FS, 1, 0x80);
 800393a:	2280      	movs	r2, #128	@ 0x80
 800393c:	2101      	movs	r1, #1
 800393e:	4620      	mov	r0, r4
 8003940:	f7fe f930 	bl	8001ba4 <HAL_PCDEx_SetTxFiFo>
}
 8003944:	2000      	movs	r0, #0
 8003946:	bd10      	pop	{r4, pc}
    Error_Handler( );
 8003948:	f7fc feda 	bl	8000700 <Error_Handler>
 800394c:	e7eb      	b.n	8003926 <USBD_LL_Init+0x3a>
 800394e:	bf00      	nop
 8003950:	20001848 	.word	0x20001848

08003954 <USBD_LL_IsStallEP>:
  * @param  ep_addr: Endpoint number
  * @retval Stall (1: Yes, 0: No)
  */
uint8_t USBD_LL_IsStallEP(USBD_HandleTypeDef *pdev, uint8_t ep_addr)
{
  PCD_HandleTypeDef *hpcd = (PCD_HandleTypeDef*) pdev->pData;
 8003954:	f8d0 32c8 	ldr.w	r3, [r0, #712]	@ 0x2c8

  if((ep_addr & 0x80) == 0x80)
 8003958:	f011 0f80 	tst.w	r1, #128	@ 0x80
 800395c:	d108      	bne.n	8003970 <USBD_LL_IsStallEP+0x1c>
  {
    return hpcd->IN_ep[ep_addr & 0x7F].is_stall;
  }
  else
  {
    return hpcd->OUT_ep[ep_addr & 0x7F].is_stall;
 800395e:	f001 017f 	and.w	r1, r1, #127	@ 0x7f
 8003962:	eb01 01c1 	add.w	r1, r1, r1, lsl #3
 8003966:	eb03 0381 	add.w	r3, r3, r1, lsl #2
 800396a:	f893 0256 	ldrb.w	r0, [r3, #598]	@ 0x256
  }
}
 800396e:	4770      	bx	lr
    return hpcd->IN_ep[ep_addr & 0x7F].is_stall;
 8003970:	f001 017f 	and.w	r1, r1, #127	@ 0x7f
 8003974:	eb01 01c1 	add.w	r1, r1, r1, lsl #3
 8003978:	eb03 0381 	add.w	r3, r3, r1, lsl #2
 800397c:	7d98      	ldrb	r0, [r3, #22]
 800397e:	4770      	bx	lr

08003980 <USBD_LL_GetRxDataSize>:
  * @param  pdev: Device handle
  * @param  ep_addr: Endpoint number
  * @retval Received Data Size
  */
uint32_t USBD_LL_GetRxDataSize(USBD_HandleTypeDef *pdev, uint8_t ep_addr)
{
 8003980:	b508      	push	{r3, lr}
  return HAL_PCD_EP_GetRxCount((PCD_HandleTypeDef*) pdev->pData, ep_addr);
 8003982:	f8d0 02c8 	ldr.w	r0, [r0, #712]	@ 0x2c8
 8003986:	f7fd fd69 	bl	800145c <HAL_PCD_EP_GetRxCount>
}
 800398a:	bd08      	pop	{r3, pc}

0800398c <USBD_static_malloc>:
  */
void *USBD_static_malloc(uint32_t size)
{
  static uint32_t mem[(sizeof(USBD_CDC_HandleTypeDef)/4)+1];/* On 32-bit boundary */
  return mem;
}
 800398c:	4800      	ldr	r0, [pc, #0]	@ (8003990 <USBD_static_malloc+0x4>)
 800398e:	4770      	bx	lr
 8003990:	20001628 	.word	0x20001628

08003994 <USBD_static_free>:
  * @retval None
  */
void USBD_static_free(void *p)
{

}
 8003994:	4770      	bx	lr

08003996 <USBD_Get_USB_Status>:
  */
USBD_StatusTypeDef USBD_Get_USB_Status(HAL_StatusTypeDef hal_status)
{
  USBD_StatusTypeDef usb_status = USBD_OK;

  switch (hal_status)
 8003996:	2803      	cmp	r0, #3
 8003998:	d805      	bhi.n	80039a6 <USBD_Get_USB_Status+0x10>
 800399a:	e8df f000 	tbb	[pc, r0]
 800399e:	0405      	.short	0x0405
 80039a0:	0502      	.short	0x0502
    break;
    case HAL_ERROR :
      usb_status = USBD_FAIL;
    break;
    case HAL_BUSY :
      usb_status = USBD_BUSY;
 80039a2:	2001      	movs	r0, #1
    break;
 80039a4:	4770      	bx	lr
      usb_status = USBD_FAIL;
 80039a6:	2003      	movs	r0, #3
    default :
      usb_status = USBD_FAIL;
    break;
  }
  return usb_status;
}
 80039a8:	4770      	bx	lr

080039aa <USBD_LL_Start>:
{
 80039aa:	b508      	push	{r3, lr}
  hal_status = HAL_PCD_Start(pdev->pData);
 80039ac:	f8d0 02c8 	ldr.w	r0, [r0, #712]	@ 0x2c8
 80039b0:	f7fd fbd1 	bl	8001156 <HAL_PCD_Start>
  usb_status =  USBD_Get_USB_Status(hal_status);
 80039b4:	f7ff ffef 	bl	8003996 <USBD_Get_USB_Status>
}
 80039b8:	bd08      	pop	{r3, pc}

080039ba <USBD_LL_OpenEP>:
{
 80039ba:	b508      	push	{r3, lr}
 80039bc:	4694      	mov	ip, r2
 80039be:	461a      	mov	r2, r3
  hal_status = HAL_PCD_EP_Open(pdev->pData, ep_addr, ep_mps, ep_type);
 80039c0:	4663      	mov	r3, ip
 80039c2:	f8d0 02c8 	ldr.w	r0, [r0, #712]	@ 0x2c8
 80039c6:	f7fd fca6 	bl	8001316 <HAL_PCD_EP_Open>
  usb_status =  USBD_Get_USB_Status(hal_status);
 80039ca:	f7ff ffe4 	bl	8003996 <USBD_Get_USB_Status>
}
 80039ce:	bd08      	pop	{r3, pc}

080039d0 <USBD_LL_CloseEP>:
{
 80039d0:	b508      	push	{r3, lr}
  hal_status = HAL_PCD_EP_Close(pdev->pData, ep_addr);
 80039d2:	f8d0 02c8 	ldr.w	r0, [r0, #712]	@ 0x2c8
 80039d6:	f7fd fce4 	bl	80013a2 <HAL_PCD_EP_Close>
  usb_status =  USBD_Get_USB_Status(hal_status);
 80039da:	f7ff ffdc 	bl	8003996 <USBD_Get_USB_Status>
}
 80039de:	bd08      	pop	{r3, pc}

080039e0 <USBD_LL_StallEP>:
{
 80039e0:	b508      	push	{r3, lr}
  hal_status = HAL_PCD_EP_SetStall(pdev->pData, ep_addr);
 80039e2:	f8d0 02c8 	ldr.w	r0, [r0, #712]	@ 0x2c8
 80039e6:	f7fd fd67 	bl	80014b8 <HAL_PCD_EP_SetStall>
  usb_status =  USBD_Get_USB_Status(hal_status);
 80039ea:	f7ff ffd4 	bl	8003996 <USBD_Get_USB_Status>
}
 80039ee:	bd08      	pop	{r3, pc}

080039f0 <USBD_LL_ClearStallEP>:
{
 80039f0:	b508      	push	{r3, lr}
  hal_status = HAL_PCD_EP_ClrStall(pdev->pData, ep_addr);
 80039f2:	f8d0 02c8 	ldr.w	r0, [r0, #712]	@ 0x2c8
 80039f6:	f7fd fda2 	bl	800153e <HAL_PCD_EP_ClrStall>
  usb_status =  USBD_Get_USB_Status(hal_status);
 80039fa:	f7ff ffcc 	bl	8003996 <USBD_Get_USB_Status>
}
 80039fe:	bd08      	pop	{r3, pc}

08003a00 <USBD_LL_SetUSBAddress>:
{
 8003a00:	b508      	push	{r3, lr}
  hal_status = HAL_PCD_SetAddress(pdev->pData, dev_addr);
 8003a02:	f8d0 02c8 	ldr.w	r0, [r0, #712]	@ 0x2c8
 8003a06:	f7fd fc73 	bl	80012f0 <HAL_PCD_SetAddress>
  usb_status =  USBD_Get_USB_Status(hal_status);
 8003a0a:	f7ff ffc4 	bl	8003996 <USBD_Get_USB_Status>
}
 8003a0e:	bd08      	pop	{r3, pc}

08003a10 <USBD_LL_Transmit>:
{
 8003a10:	b508      	push	{r3, lr}
  hal_status = HAL_PCD_EP_Transmit(pdev->pData, ep_addr, pbuf, size);
 8003a12:	f8d0 02c8 	ldr.w	r0, [r0, #712]	@ 0x2c8
 8003a16:	f7fd fd2a 	bl	800146e <HAL_PCD_EP_Transmit>
  usb_status =  USBD_Get_USB_Status(hal_status);
 8003a1a:	f7ff ffbc 	bl	8003996 <USBD_Get_USB_Status>
}
 8003a1e:	bd08      	pop	{r3, pc}

08003a20 <USBD_LL_PrepareReceive>:
{
 8003a20:	b508      	push	{r3, lr}
  hal_status = HAL_PCD_EP_Receive(pdev->pData, ep_addr, pbuf, size);
 8003a22:	f8d0 02c8 	ldr.w	r0, [r0, #712]	@ 0x2c8
 8003a26:	f7fd fcf4 	bl	8001412 <HAL_PCD_EP_Receive>
  usb_status =  USBD_Get_USB_Status(hal_status);
 8003a2a:	f7ff ffb4 	bl	8003996 <USBD_Get_USB_Status>
}
 8003a2e:	bd08      	pop	{r3, pc}

08003a30 <USBD_Init>:
                             USBD_DescriptorsTypeDef *pdesc, uint8_t id)
{
  USBD_StatusTypeDef ret;

  /* Check whether the USB Host handle is valid */
  if (pdev == NULL)
 8003a30:	b198      	cbz	r0, 8003a5a <USBD_Init+0x2a>
{
 8003a32:	b508      	push	{r3, lr}
 8003a34:	4603      	mov	r3, r0
    pdev->NumClasses = 0;
    pdev->classId = 0;
  }
#else
  /* Unlink previous class*/
  pdev->pClass[0] = NULL;
 8003a36:	2000      	movs	r0, #0
 8003a38:	f8c3 02b8 	str.w	r0, [r3, #696]	@ 0x2b8
  pdev->pUserData[0] = NULL;
 8003a3c:	f8c3 02c4 	str.w	r0, [r3, #708]	@ 0x2c4
#endif /* USE_USBD_COMPOSITE */

  pdev->pConfDesc = NULL;
 8003a40:	f8c3 02d0 	str.w	r0, [r3, #720]	@ 0x2d0

  /* Assign USBD Descriptors */
  if (pdesc != NULL)
 8003a44:	b109      	cbz	r1, 8003a4a <USBD_Init+0x1a>
  {
    pdev->pDesc = pdesc;
 8003a46:	f8c3 12b4 	str.w	r1, [r3, #692]	@ 0x2b4
  }

  /* Set Device initial State */
  pdev->dev_state = USBD_STATE_DEFAULT;
 8003a4a:	2101      	movs	r1, #1
 8003a4c:	f883 129c 	strb.w	r1, [r3, #668]	@ 0x29c
  pdev->id = id;
 8003a50:	701a      	strb	r2, [r3, #0]

  /* Initialize low level driver */
  ret = USBD_LL_Init(pdev);
 8003a52:	4618      	mov	r0, r3
 8003a54:	f7ff ff4a 	bl	80038ec <USBD_LL_Init>

  return ret;
}
 8003a58:	bd08      	pop	{r3, pc}
    return USBD_FAIL;
 8003a5a:	2003      	movs	r0, #3
}
 8003a5c:	4770      	bx	lr

08003a5e <USBD_RegisterClass>:
  * @param  pdev: Device Handle
  * @param  pclass: Class handle
  * @retval USBD Status
  */
USBD_StatusTypeDef USBD_RegisterClass(USBD_HandleTypeDef *pdev, USBD_ClassTypeDef *pclass)
{
 8003a5e:	b510      	push	{r4, lr}
 8003a60:	b082      	sub	sp, #8
  uint16_t len = 0U;
 8003a62:	2300      	movs	r3, #0
 8003a64:	f8ad 3006 	strh.w	r3, [sp, #6]

  if (pclass == NULL)
 8003a68:	b189      	cbz	r1, 8003a8e <USBD_RegisterClass+0x30>
 8003a6a:	4604      	mov	r4, r0
#endif /* (USBD_DEBUG_LEVEL > 1U) */
    return USBD_FAIL;
  }

  /* link the class to the USB Device handle */
  pdev->pClass[0] = pclass;
 8003a6c:	f8c0 12b8 	str.w	r1, [r0, #696]	@ 0x2b8
  if (pdev->pClass[pdev->classId]->GetHSConfigDescriptor != NULL)
  {
    pdev->pConfDesc = (void *)pdev->pClass[pdev->classId]->GetHSConfigDescriptor(&len);
  }
#else /* Default USE_USB_FS */
  if (pdev->pClass[pdev->classId]->GetFSConfigDescriptor != NULL)
 8003a70:	6acb      	ldr	r3, [r1, #44]	@ 0x2c
 8003a72:	b123      	cbz	r3, 8003a7e <USBD_RegisterClass+0x20>
  {
    pdev->pConfDesc = (void *)pdev->pClass[pdev->classId]->GetFSConfigDescriptor(&len);
 8003a74:	f10d 0006 	add.w	r0, sp, #6
 8003a78:	4798      	blx	r3
 8003a7a:	f8c4 02d0 	str.w	r0, [r4, #720]	@ 0x2d0
  }
#endif /* USE_USB_FS */

  /* Increment the NumClasses */
  pdev->NumClasses++;
 8003a7e:	f8d4 32d8 	ldr.w	r3, [r4, #728]	@ 0x2d8
 8003a82:	3301      	adds	r3, #1
 8003a84:	f8c4 32d8 	str.w	r3, [r4, #728]	@ 0x2d8

  return USBD_OK;
 8003a88:	2000      	movs	r0, #0
}
 8003a8a:	b002      	add	sp, #8
 8003a8c:	bd10      	pop	{r4, pc}
    return USBD_FAIL;
 8003a8e:	2003      	movs	r0, #3
 8003a90:	e7fb      	b.n	8003a8a <USBD_RegisterClass+0x2c>

08003a92 <USBD_Start>:
  *         Start the USB Device Core.
  * @param  pdev: Device Handle
  * @retval USBD Status
  */
USBD_StatusTypeDef USBD_Start(USBD_HandleTypeDef *pdev)
{
 8003a92:	b508      	push	{r3, lr}
#ifdef USE_USBD_COMPOSITE
  pdev->classId = 0U;
#endif /* USE_USBD_COMPOSITE */

  /* Start the low level driver  */
  return USBD_LL_Start(pdev);
 8003a94:	f7ff ff89 	bl	80039aa <USBD_LL_Start>
}
 8003a98:	bd08      	pop	{r3, pc}

08003a9a <USBD_SetClassConfig>:
  * @param  cfgidx: configuration index
  * @retval status
  */

USBD_StatusTypeDef USBD_SetClassConfig(USBD_HandleTypeDef *pdev, uint8_t cfgidx)
{
 8003a9a:	b508      	push	{r3, lr}
        }
      }
    }
  }
#else
  if (pdev->pClass[0] != NULL)
 8003a9c:	f8d0 32b8 	ldr.w	r3, [r0, #696]	@ 0x2b8
 8003aa0:	b113      	cbz	r3, 8003aa8 <USBD_SetClassConfig+0xe>
  {
    /* Set configuration and Start the Class */
    ret = (USBD_StatusTypeDef)pdev->pClass[0]->Init(pdev, cfgidx);
 8003aa2:	681b      	ldr	r3, [r3, #0]
 8003aa4:	4798      	blx	r3
  }
#endif /* USE_USBD_COMPOSITE */

  return ret;
}
 8003aa6:	bd08      	pop	{r3, pc}
  USBD_StatusTypeDef ret = USBD_OK;
 8003aa8:	2000      	movs	r0, #0
 8003aaa:	e7fc      	b.n	8003aa6 <USBD_SetClassConfig+0xc>

08003aac <USBD_ClrClassConfig>:
  * @param  pdev: device instance
  * @param  cfgidx: configuration index
  * @retval status
  */
USBD_StatusTypeDef USBD_ClrClassConfig(USBD_HandleTypeDef *pdev, uint8_t cfgidx)
{
 8003aac:	b508      	push	{r3, lr}
      }
    }
  }
#else
  /* Clear configuration  and De-initialize the Class process */
  if (pdev->pClass[0]->DeInit(pdev, cfgidx) != 0U)
 8003aae:	f8d0 32b8 	ldr.w	r3, [r0, #696]	@ 0x2b8
 8003ab2:	685b      	ldr	r3, [r3, #4]
 8003ab4:	4798      	blx	r3
 8003ab6:	b900      	cbnz	r0, 8003aba <USBD_ClrClassConfig+0xe>
    ret = USBD_FAIL;
  }
#endif /* USE_USBD_COMPOSITE */

  return ret;
}
 8003ab8:	bd08      	pop	{r3, pc}
    ret = USBD_FAIL;
 8003aba:	2003      	movs	r0, #3
 8003abc:	e7fc      	b.n	8003ab8 <USBD_ClrClassConfig+0xc>

08003abe <USBD_LL_SetupStage>:
  * @param  pdev: device instance
  * @param  psetup: setup packet buffer pointer
  * @retval status
  */
USBD_StatusTypeDef USBD_LL_SetupStage(USBD_HandleTypeDef *pdev, uint8_t *psetup)
{
 8003abe:	b538      	push	{r3, r4, r5, lr}
 8003ac0:	4604      	mov	r4, r0
  USBD_StatusTypeDef ret;

  USBD_ParseSetupRequest(&pdev->request, psetup);
 8003ac2:	f200 25aa 	addw	r5, r0, #682	@ 0x2aa
 8003ac6:	4628      	mov	r0, r5
 8003ac8:	f000 f9cd 	bl	8003e66 <USBD_ParseSetupRequest>

  pdev->ep0_state = USBD_EP0_SETUP;
 8003acc:	2301      	movs	r3, #1
 8003ace:	f8c4 3294 	str.w	r3, [r4, #660]	@ 0x294

  pdev->ep0_data_len = pdev->request.wLength;
 8003ad2:	f8b4 32b0 	ldrh.w	r3, [r4, #688]	@ 0x2b0
 8003ad6:	f8c4 3298 	str.w	r3, [r4, #664]	@ 0x298

  switch (pdev->request.bmRequest & 0x1FU)
 8003ada:	f894 12aa 	ldrb.w	r1, [r4, #682]	@ 0x2aa
 8003ade:	f001 031f 	and.w	r3, r1, #31
 8003ae2:	2b01      	cmp	r3, #1
 8003ae4:	d007      	beq.n	8003af6 <USBD_LL_SetupStage+0x38>
 8003ae6:	2b02      	cmp	r3, #2
 8003ae8:	d00a      	beq.n	8003b00 <USBD_LL_SetupStage+0x42>
 8003aea:	b973      	cbnz	r3, 8003b0a <USBD_LL_SetupStage+0x4c>
  {
    case USB_REQ_RECIPIENT_DEVICE:
      ret = USBD_StdDevReq(pdev, &pdev->request);
 8003aec:	4629      	mov	r1, r5
 8003aee:	4620      	mov	r0, r4
 8003af0:	f000 fb8e 	bl	8004210 <USBD_StdDevReq>
      ret = USBD_LL_StallEP(pdev, (pdev->request.bmRequest & 0x80U));
      break;
  }

  return ret;
}
 8003af4:	bd38      	pop	{r3, r4, r5, pc}
      ret = USBD_StdItfReq(pdev, &pdev->request);
 8003af6:	4629      	mov	r1, r5
 8003af8:	4620      	mov	r0, r4
 8003afa:	f000 fbc4 	bl	8004286 <USBD_StdItfReq>
      break;
 8003afe:	e7f9      	b.n	8003af4 <USBD_LL_SetupStage+0x36>
      ret = USBD_StdEPReq(pdev, &pdev->request);
 8003b00:	4629      	mov	r1, r5
 8003b02:	4620      	mov	r0, r4
 8003b04:	f000 fc01 	bl	800430a <USBD_StdEPReq>
      break;
 8003b08:	e7f4      	b.n	8003af4 <USBD_LL_SetupStage+0x36>
      ret = USBD_LL_StallEP(pdev, (pdev->request.bmRequest & 0x80U));
 8003b0a:	f001 0180 	and.w	r1, r1, #128	@ 0x80
 8003b0e:	4620      	mov	r0, r4
 8003b10:	f7ff ff66 	bl	80039e0 <USBD_LL_StallEP>
      break;
 8003b14:	e7ee      	b.n	8003af4 <USBD_LL_SetupStage+0x36>

08003b16 <USBD_LL_Reset>:
  *         Handle Reset event
  * @param  pdev: device instance
  * @retval status
  */
USBD_StatusTypeDef USBD_LL_Reset(USBD_HandleTypeDef *pdev)
{
 8003b16:	b5f8      	push	{r3, r4, r5, r6, r7, lr}
 8003b18:	4604      	mov	r4, r0
  USBD_StatusTypeDef ret = USBD_OK;

  /* Upon Reset call user call back */
  pdev->dev_state = USBD_STATE_DEFAULT;
 8003b1a:	2301      	movs	r3, #1
 8003b1c:	f880 329c 	strb.w	r3, [r0, #668]	@ 0x29c
  pdev->ep0_state = USBD_EP0_IDLE;
 8003b20:	2300      	movs	r3, #0
 8003b22:	f8c0 3294 	str.w	r3, [r0, #660]	@ 0x294
  pdev->dev_config = 0U;
 8003b26:	6043      	str	r3, [r0, #4]
  pdev->dev_remote_wakeup = 0U;
 8003b28:	f8c0 32a4 	str.w	r3, [r0, #676]	@ 0x2a4
  pdev->dev_test_mode = 0U;
 8003b2c:	f880 32a0 	strb.w	r3, [r0, #672]	@ 0x2a0
      }
    }
  }
#else

  if (pdev->pClass[0] != NULL)
 8003b30:	f8d0 32b8 	ldr.w	r3, [r0, #696]	@ 0x2b8
 8003b34:	b1e3      	cbz	r3, 8003b70 <USBD_LL_Reset+0x5a>
  {
    if (pdev->pClass[0]->DeInit != NULL)
 8003b36:	685b      	ldr	r3, [r3, #4]
 8003b38:	b1e3      	cbz	r3, 8003b74 <USBD_LL_Reset+0x5e>
    {
      if (pdev->pClass[0]->DeInit(pdev, (uint8_t)pdev->dev_config) != USBD_OK)
 8003b3a:	2100      	movs	r1, #0
 8003b3c:	4798      	blx	r3
 8003b3e:	4607      	mov	r7, r0
 8003b40:	b9d0      	cbnz	r0, 8003b78 <USBD_LL_Reset+0x62>
    }
  }
#endif /* USE_USBD_COMPOSITE */

  /* Open EP0 OUT */
  (void)USBD_LL_OpenEP(pdev, 0x00U, USBD_EP_TYPE_CTRL, USB_MAX_EP0_SIZE);
 8003b42:	2340      	movs	r3, #64	@ 0x40
 8003b44:	2200      	movs	r2, #0
 8003b46:	4611      	mov	r1, r2
 8003b48:	4620      	mov	r0, r4
 8003b4a:	f7ff ff36 	bl	80039ba <USBD_LL_OpenEP>
  pdev->ep_out[0x00U & 0xFU].is_used = 1U;
 8003b4e:	2601      	movs	r6, #1
 8003b50:	f884 6163 	strb.w	r6, [r4, #355]	@ 0x163

  pdev->ep_out[0].maxpacket = USB_MAX_EP0_SIZE;
 8003b54:	2540      	movs	r5, #64	@ 0x40
 8003b56:	f8a4 5160 	strh.w	r5, [r4, #352]	@ 0x160

  /* Open EP0 IN */
  (void)USBD_LL_OpenEP(pdev, 0x80U, USBD_EP_TYPE_CTRL, USB_MAX_EP0_SIZE);
 8003b5a:	462b      	mov	r3, r5
 8003b5c:	2200      	movs	r2, #0
 8003b5e:	2180      	movs	r1, #128	@ 0x80
 8003b60:	4620      	mov	r0, r4
 8003b62:	f7ff ff2a 	bl	80039ba <USBD_LL_OpenEP>
  pdev->ep_in[0x80U & 0xFU].is_used = 1U;
 8003b66:	f884 6023 	strb.w	r6, [r4, #35]	@ 0x23

  pdev->ep_in[0].maxpacket = USB_MAX_EP0_SIZE;
 8003b6a:	8425      	strh	r5, [r4, #32]

  return ret;
}
 8003b6c:	4638      	mov	r0, r7
 8003b6e:	bdf8      	pop	{r3, r4, r5, r6, r7, pc}
  USBD_StatusTypeDef ret = USBD_OK;
 8003b70:	2700      	movs	r7, #0
 8003b72:	e7e6      	b.n	8003b42 <USBD_LL_Reset+0x2c>
 8003b74:	2700      	movs	r7, #0
 8003b76:	e7e4      	b.n	8003b42 <USBD_LL_Reset+0x2c>
        ret = USBD_FAIL;
 8003b78:	2703      	movs	r7, #3
 8003b7a:	e7e2      	b.n	8003b42 <USBD_LL_Reset+0x2c>

08003b7c <USBD_LL_SetSpeed>:
  * @retval status
  */
USBD_StatusTypeDef USBD_LL_SetSpeed(USBD_HandleTypeDef *pdev,
                                    USBD_SpeedTypeDef speed)
{
  pdev->dev_speed = speed;
 8003b7c:	7401      	strb	r1, [r0, #16]

  return USBD_OK;
}
 8003b7e:	2000      	movs	r0, #0
 8003b80:	4770      	bx	lr

08003b82 <USBD_LL_Suspend>:
  * @param  pdev: device instance
  * @retval status
  */
USBD_StatusTypeDef USBD_LL_Suspend(USBD_HandleTypeDef *pdev)
{
  if (pdev->dev_state != USBD_STATE_SUSPENDED)
 8003b82:	f890 329c 	ldrb.w	r3, [r0, #668]	@ 0x29c
 8003b86:	b2db      	uxtb	r3, r3
 8003b88:	2b04      	cmp	r3, #4
 8003b8a:	d004      	beq.n	8003b96 <USBD_LL_Suspend+0x14>
  {
    pdev->dev_old_state = pdev->dev_state;
 8003b8c:	f890 329c 	ldrb.w	r3, [r0, #668]	@ 0x29c
 8003b90:	b2db      	uxtb	r3, r3
 8003b92:	f880 329d 	strb.w	r3, [r0, #669]	@ 0x29d
  }

  pdev->dev_state = USBD_STATE_SUSPENDED;
 8003b96:	2304      	movs	r3, #4
 8003b98:	f880 329c 	strb.w	r3, [r0, #668]	@ 0x29c

  return USBD_OK;
}
 8003b9c:	2000      	movs	r0, #0
 8003b9e:	4770      	bx	lr

08003ba0 <USBD_LL_Resume>:
  * @param  pdev: device instance
  * @retval status
  */
USBD_StatusTypeDef USBD_LL_Resume(USBD_HandleTypeDef *pdev)
{
  if (pdev->dev_state == USBD_STATE_SUSPENDED)
 8003ba0:	f890 329c 	ldrb.w	r3, [r0, #668]	@ 0x29c
 8003ba4:	b2db      	uxtb	r3, r3
 8003ba6:	2b04      	cmp	r3, #4
 8003ba8:	d001      	beq.n	8003bae <USBD_LL_Resume+0xe>
  {
    pdev->dev_state = pdev->dev_old_state;
  }

  return USBD_OK;
}
 8003baa:	2000      	movs	r0, #0
 8003bac:	4770      	bx	lr
    pdev->dev_state = pdev->dev_old_state;
 8003bae:	f890 329d 	ldrb.w	r3, [r0, #669]	@ 0x29d
 8003bb2:	b2db      	uxtb	r3, r3
 8003bb4:	f880 329c 	strb.w	r3, [r0, #668]	@ 0x29c
 8003bb8:	e7f7      	b.n	8003baa <USBD_LL_Resume+0xa>

08003bba <USBD_LL_SOF>:
  *         Handle SOF event
  * @param  pdev: device instance
  * @retval status
  */
USBD_StatusTypeDef USBD_LL_SOF(USBD_HandleTypeDef *pdev)
{
 8003bba:	b508      	push	{r3, lr}
  /* The SOF event can be distributed for all classes that support it */
  if (pdev->dev_state == USBD_STATE_CONFIGURED)
 8003bbc:	f890 329c 	ldrb.w	r3, [r0, #668]	@ 0x29c
 8003bc0:	b2db      	uxtb	r3, r3
 8003bc2:	2b03      	cmp	r3, #3
 8003bc4:	d001      	beq.n	8003bca <USBD_LL_SOF+0x10>
    }
#endif /* USE_USBD_COMPOSITE */
  }

  return USBD_OK;
}
 8003bc6:	2000      	movs	r0, #0
 8003bc8:	bd08      	pop	{r3, pc}
    if (pdev->pClass[0] != NULL)
 8003bca:	f8d0 32b8 	ldr.w	r3, [r0, #696]	@ 0x2b8
 8003bce:	2b00      	cmp	r3, #0
 8003bd0:	d0f9      	beq.n	8003bc6 <USBD_LL_SOF+0xc>
      if (pdev->pClass[0]->SOF != NULL)
 8003bd2:	69db      	ldr	r3, [r3, #28]
 8003bd4:	2b00      	cmp	r3, #0
 8003bd6:	d0f6      	beq.n	8003bc6 <USBD_LL_SOF+0xc>
        (void)pdev->pClass[0]->SOF(pdev);
 8003bd8:	4798      	blx	r3
 8003bda:	e7f4      	b.n	8003bc6 <USBD_LL_SOF+0xc>

08003bdc <USBD_LL_IsoINIncomplete>:
  * @param  epnum: Endpoint number
  * @retval status
  */
USBD_StatusTypeDef USBD_LL_IsoINIncomplete(USBD_HandleTypeDef *pdev,
                                           uint8_t epnum)
{
 8003bdc:	b508      	push	{r3, lr}
  if (pdev->pClass[pdev->classId] == NULL)
 8003bde:	f8d0 32d4 	ldr.w	r3, [r0, #724]	@ 0x2d4
 8003be2:	33ae      	adds	r3, #174	@ 0xae
 8003be4:	f850 2023 	ldr.w	r2, [r0, r3, lsl #2]
 8003be8:	b15a      	cbz	r2, 8003c02 <USBD_LL_IsoINIncomplete+0x26>
  {
    return USBD_FAIL;
  }

  if (pdev->dev_state == USBD_STATE_CONFIGURED)
 8003bea:	f890 329c 	ldrb.w	r3, [r0, #668]	@ 0x29c
 8003bee:	b2db      	uxtb	r3, r3
 8003bf0:	2b03      	cmp	r3, #3
 8003bf2:	d001      	beq.n	8003bf8 <USBD_LL_IsoINIncomplete+0x1c>
    {
      (void)pdev->pClass[pdev->classId]->IsoINIncomplete(pdev, epnum);
    }
  }

  return USBD_OK;
 8003bf4:	2000      	movs	r0, #0
}
 8003bf6:	bd08      	pop	{r3, pc}
    if (pdev->pClass[pdev->classId]->IsoINIncomplete != NULL)
 8003bf8:	6a13      	ldr	r3, [r2, #32]
 8003bfa:	b123      	cbz	r3, 8003c06 <USBD_LL_IsoINIncomplete+0x2a>
      (void)pdev->pClass[pdev->classId]->IsoINIncomplete(pdev, epnum);
 8003bfc:	4798      	blx	r3
  return USBD_OK;
 8003bfe:	2000      	movs	r0, #0
 8003c00:	e7f9      	b.n	8003bf6 <USBD_LL_IsoINIncomplete+0x1a>
    return USBD_FAIL;
 8003c02:	2003      	movs	r0, #3
 8003c04:	e7f7      	b.n	8003bf6 <USBD_LL_IsoINIncomplete+0x1a>
  return USBD_OK;
 8003c06:	2000      	movs	r0, #0
 8003c08:	e7f5      	b.n	8003bf6 <USBD_LL_IsoINIncomplete+0x1a>

08003c0a <USBD_LL_IsoOUTIncomplete>:
  * @param  epnum: Endpoint number
  * @retval status
  */
USBD_StatusTypeDef USBD_LL_IsoOUTIncomplete(USBD_HandleTypeDef *pdev,
                                            uint8_t epnum)
{
 8003c0a:	b508      	push	{r3, lr}
  if (pdev->pClass[pdev->classId] == NULL)
 8003c0c:	f8d0 32d4 	ldr.w	r3, [r0, #724]	@ 0x2d4
 8003c10:	33ae      	adds	r3, #174	@ 0xae
 8003c12:	f850 2023 	ldr.w	r2, [r0, r3, lsl #2]
 8003c16:	b15a      	cbz	r2, 8003c30 <USBD_LL_IsoOUTIncomplete+0x26>
  {
    return USBD_FAIL;
  }

  if (pdev->dev_state == USBD_STATE_CONFIGURED)
 8003c18:	f890 329c 	ldrb.w	r3, [r0, #668]	@ 0x29c
 8003c1c:	b2db      	uxtb	r3, r3
 8003c1e:	2b03      	cmp	r3, #3
 8003c20:	d001      	beq.n	8003c26 <USBD_LL_IsoOUTIncomplete+0x1c>
    {
      (void)pdev->pClass[pdev->classId]->IsoOUTIncomplete(pdev, epnum);
    }
  }

  return USBD_OK;
 8003c22:	2000      	movs	r0, #0
}
 8003c24:	bd08      	pop	{r3, pc}
    if (pdev->pClass[pdev->classId]->IsoOUTIncomplete != NULL)
 8003c26:	6a53      	ldr	r3, [r2, #36]	@ 0x24
 8003c28:	b123      	cbz	r3, 8003c34 <USBD_LL_IsoOUTIncomplete+0x2a>
      (void)pdev->pClass[pdev->classId]->IsoOUTIncomplete(pdev, epnum);
 8003c2a:	4798      	blx	r3
  return USBD_OK;
 8003c2c:	2000      	movs	r0, #0
 8003c2e:	e7f9      	b.n	8003c24 <USBD_LL_IsoOUTIncomplete+0x1a>
    return USBD_FAIL;
 8003c30:	2003      	movs	r0, #3
 8003c32:	e7f7      	b.n	8003c24 <USBD_LL_IsoOUTIncomplete+0x1a>
  return USBD_OK;
 8003c34:	2000      	movs	r0, #0
 8003c36:	e7f5      	b.n	8003c24 <USBD_LL_IsoOUTIncomplete+0x1a>

08003c38 <USBD_LL_DevConnected>:
{
  /* Prevent unused argument compilation warning */
  UNUSED(pdev);

  return USBD_OK;
}
 8003c38:	2000      	movs	r0, #0
 8003c3a:	4770      	bx	lr

08003c3c <USBD_LL_DevDisconnected>:
  *         Handle device disconnection event
  * @param  pdev: device instance
  * @retval status
  */
USBD_StatusTypeDef USBD_LL_DevDisconnected(USBD_HandleTypeDef *pdev)
{
 8003c3c:	b508      	push	{r3, lr}
  USBD_StatusTypeDef   ret = USBD_OK;

  /* Free Class Resources */
  pdev->dev_state = USBD_STATE_DEFAULT;
 8003c3e:	2301      	movs	r3, #1
 8003c40:	f880 329c 	strb.w	r3, [r0, #668]	@ 0x29c
        }
      }
    }
  }
#else
  if (pdev->pClass[0] != NULL)
 8003c44:	f8d0 32b8 	ldr.w	r3, [r0, #696]	@ 0x2b8
 8003c48:	b123      	cbz	r3, 8003c54 <USBD_LL_DevDisconnected+0x18>
  {
    if (pdev->pClass[0]->DeInit(pdev, (uint8_t)pdev->dev_config) != 0U)
 8003c4a:	685b      	ldr	r3, [r3, #4]
 8003c4c:	7901      	ldrb	r1, [r0, #4]
 8003c4e:	4798      	blx	r3
 8003c50:	b910      	cbnz	r0, 8003c58 <USBD_LL_DevDisconnected+0x1c>
    }
  }
#endif /* USE_USBD_COMPOSITE */

  return ret;
}
 8003c52:	bd08      	pop	{r3, pc}
  USBD_StatusTypeDef   ret = USBD_OK;
 8003c54:	2000      	movs	r0, #0
 8003c56:	e7fc      	b.n	8003c52 <USBD_LL_DevDisconnected+0x16>
      ret = USBD_FAIL;
 8003c58:	2003      	movs	r0, #3
 8003c5a:	e7fa      	b.n	8003c52 <USBD_LL_DevDisconnected+0x16>

08003c5c <USBD_CoreFindIF>:
  UNUSED(pdev);
  UNUSED(index);

  return 0x00U;
#endif /* USE_USBD_COMPOSITE */
}
 8003c5c:	2000      	movs	r0, #0
 8003c5e:	4770      	bx	lr

08003c60 <USBD_CoreFindEP>:
  UNUSED(pdev);
  UNUSED(index);

  return 0x00U;
#endif /* USE_USBD_COMPOSITE */
}
 8003c60:	2000      	movs	r0, #0
 8003c62:	4770      	bx	lr

08003c64 <USBD_LL_DataOutStage>:
{
 8003c64:	b538      	push	{r3, r4, r5, lr}
 8003c66:	4604      	mov	r4, r0
  if (epnum == 0U)
 8003c68:	460d      	mov	r5, r1
 8003c6a:	2900      	cmp	r1, #0
 8003c6c:	d145      	bne.n	8003cfa <USBD_LL_DataOutStage+0x96>
    if (pdev->ep0_state == USBD_EP0_DATA_OUT)
 8003c6e:	f8d0 3294 	ldr.w	r3, [r0, #660]	@ 0x294
 8003c72:	2b03      	cmp	r3, #3
 8003c74:	d001      	beq.n	8003c7a <USBD_LL_DataOutStage+0x16>
  return USBD_OK;
 8003c76:	4608      	mov	r0, r1
}
 8003c78:	bd38      	pop	{r3, r4, r5, pc}
      if (pep->rem_length > pep->maxpacket)
 8003c7a:	f8d0 3158 	ldr.w	r3, [r0, #344]	@ 0x158
 8003c7e:	f8b0 2160 	ldrh.w	r2, [r0, #352]	@ 0x160
 8003c82:	4293      	cmp	r3, r2
 8003c84:	d809      	bhi.n	8003c9a <USBD_LL_DataOutStage+0x36>
        switch (pdev->request.bmRequest & 0x1FU)
 8003c86:	f890 32aa 	ldrb.w	r3, [r0, #682]	@ 0x2aa
 8003c8a:	f003 031f 	and.w	r3, r3, #31
 8003c8e:	2b01      	cmp	r3, #1
 8003c90:	d012      	beq.n	8003cb8 <USBD_LL_DataOutStage+0x54>
 8003c92:	2b02      	cmp	r3, #2
 8003c94:	d01f      	beq.n	8003cd6 <USBD_LL_DataOutStage+0x72>
 8003c96:	4608      	mov	r0, r1
 8003c98:	e013      	b.n	8003cc2 <USBD_LL_DataOutStage+0x5e>
        pep->rem_length -= pep->maxpacket;
 8003c9a:	1a9b      	subs	r3, r3, r2
 8003c9c:	f8c0 3158 	str.w	r3, [r0, #344]	@ 0x158
        pep->pbuffer += pep->maxpacket;
 8003ca0:	f8d0 1164 	ldr.w	r1, [r0, #356]	@ 0x164
 8003ca4:	4411      	add	r1, r2
 8003ca6:	f8c0 1164 	str.w	r1, [r0, #356]	@ 0x164
        (void)USBD_CtlContinueRx(pdev, pep->pbuffer, MAX(pep->rem_length, pep->maxpacket));
 8003caa:	429a      	cmp	r2, r3
 8003cac:	bf38      	it	cc
 8003cae:	461a      	movcc	r2, r3
 8003cb0:	f000 fd29 	bl	8004706 <USBD_CtlContinueRx>
  return USBD_OK;
 8003cb4:	4628      	mov	r0, r5
 8003cb6:	e7df      	b.n	8003c78 <USBD_LL_DataOutStage+0x14>
            idx = USBD_CoreFindIF(pdev, LOBYTE(pdev->request.wIndex));
 8003cb8:	f890 12ae 	ldrb.w	r1, [r0, #686]	@ 0x2ae
 8003cbc:	f7ff ffce 	bl	8003c5c <USBD_CoreFindIF>
        if (idx < USBD_MAX_SUPPORTED_CLASS)
 8003cc0:	b920      	cbnz	r0, 8003ccc <USBD_LL_DataOutStage+0x68>
          if (pdev->dev_state == USBD_STATE_CONFIGURED)
 8003cc2:	f894 329c 	ldrb.w	r3, [r4, #668]	@ 0x29c
 8003cc6:	b2db      	uxtb	r3, r3
 8003cc8:	2b03      	cmp	r3, #3
 8003cca:	d009      	beq.n	8003ce0 <USBD_LL_DataOutStage+0x7c>
        (void)USBD_CtlSendStatus(pdev);
 8003ccc:	4620      	mov	r0, r4
 8003cce:	f000 fd22 	bl	8004716 <USBD_CtlSendStatus>
  return USBD_OK;
 8003cd2:	4628      	mov	r0, r5
 8003cd4:	e7d0      	b.n	8003c78 <USBD_LL_DataOutStage+0x14>
            idx = USBD_CoreFindEP(pdev, LOBYTE(pdev->request.wIndex));
 8003cd6:	f890 12ae 	ldrb.w	r1, [r0, #686]	@ 0x2ae
 8003cda:	f7ff ffc1 	bl	8003c60 <USBD_CoreFindEP>
            break;
 8003cde:	e7ef      	b.n	8003cc0 <USBD_LL_DataOutStage+0x5c>
            if (pdev->pClass[idx]->EP0_RxReady != NULL)
 8003ce0:	f100 03ae 	add.w	r3, r0, #174	@ 0xae
 8003ce4:	f854 3023 	ldr.w	r3, [r4, r3, lsl #2]
 8003ce8:	691a      	ldr	r2, [r3, #16]
 8003cea:	2a00      	cmp	r2, #0
 8003cec:	d0ee      	beq.n	8003ccc <USBD_LL_DataOutStage+0x68>
              pdev->classId = idx;
 8003cee:	f8c4 02d4 	str.w	r0, [r4, #724]	@ 0x2d4
              pdev->pClass[idx]->EP0_RxReady(pdev);
 8003cf2:	691b      	ldr	r3, [r3, #16]
 8003cf4:	4620      	mov	r0, r4
 8003cf6:	4798      	blx	r3
 8003cf8:	e7e8      	b.n	8003ccc <USBD_LL_DataOutStage+0x68>
    idx = USBD_CoreFindEP(pdev, (epnum & 0x7FU));
 8003cfa:	f001 017f 	and.w	r1, r1, #127	@ 0x7f
 8003cfe:	f7ff ffaf 	bl	8003c60 <USBD_CoreFindEP>
    if (((uint16_t)idx != 0xFFU) && (idx < USBD_MAX_SUPPORTED_CLASS))
 8003d02:	b990      	cbnz	r0, 8003d2a <USBD_LL_DataOutStage+0xc6>
      if (pdev->dev_state == USBD_STATE_CONFIGURED)
 8003d04:	f894 329c 	ldrb.w	r3, [r4, #668]	@ 0x29c
 8003d08:	b2db      	uxtb	r3, r3
 8003d0a:	2b03      	cmp	r3, #3
 8003d0c:	d1b4      	bne.n	8003c78 <USBD_LL_DataOutStage+0x14>
        if (pdev->pClass[idx]->DataOut != NULL)
 8003d0e:	f100 03ae 	add.w	r3, r0, #174	@ 0xae
 8003d12:	f854 3023 	ldr.w	r3, [r4, r3, lsl #2]
 8003d16:	699a      	ldr	r2, [r3, #24]
 8003d18:	2a00      	cmp	r2, #0
 8003d1a:	d0ad      	beq.n	8003c78 <USBD_LL_DataOutStage+0x14>
          pdev->classId = idx;
 8003d1c:	f8c4 02d4 	str.w	r0, [r4, #724]	@ 0x2d4
          ret = (USBD_StatusTypeDef)pdev->pClass[idx]->DataOut(pdev, epnum);
 8003d20:	699b      	ldr	r3, [r3, #24]
 8003d22:	4629      	mov	r1, r5
 8003d24:	4620      	mov	r0, r4
 8003d26:	4798      	blx	r3
      if (ret != USBD_OK)
 8003d28:	e7a6      	b.n	8003c78 <USBD_LL_DataOutStage+0x14>
  return USBD_OK;
 8003d2a:	2000      	movs	r0, #0
 8003d2c:	e7a4      	b.n	8003c78 <USBD_LL_DataOutStage+0x14>

08003d2e <USBD_LL_DataInStage>:
{
 8003d2e:	b538      	push	{r3, r4, r5, lr}
 8003d30:	4604      	mov	r4, r0
  if (epnum == 0U)
 8003d32:	460d      	mov	r5, r1
 8003d34:	2900      	cmp	r1, #0
 8003d36:	d14c      	bne.n	8003dd2 <USBD_LL_DataInStage+0xa4>
    if (pdev->ep0_state == USBD_EP0_DATA_IN)
 8003d38:	f8d0 3294 	ldr.w	r3, [r0, #660]	@ 0x294
 8003d3c:	2b02      	cmp	r3, #2
 8003d3e:	d007      	beq.n	8003d50 <USBD_LL_DataInStage+0x22>
    if (pdev->dev_test_mode != 0U)
 8003d40:	f894 02a0 	ldrb.w	r0, [r4, #672]	@ 0x2a0
 8003d44:	b118      	cbz	r0, 8003d4e <USBD_LL_DataInStage+0x20>
      pdev->dev_test_mode = 0U;
 8003d46:	2300      	movs	r3, #0
 8003d48:	f884 32a0 	strb.w	r3, [r4, #672]	@ 0x2a0
  return USBD_OK;
 8003d4c:	4628      	mov	r0, r5
}
 8003d4e:	bd38      	pop	{r3, r4, r5, pc}
      if (pep->rem_length > pep->maxpacket)
 8003d50:	6982      	ldr	r2, [r0, #24]
 8003d52:	8c03      	ldrh	r3, [r0, #32]
 8003d54:	429a      	cmp	r2, r3
 8003d56:	d80e      	bhi.n	8003d76 <USBD_LL_DataInStage+0x48>
        if ((pep->maxpacket == pep->rem_length) &&
 8003d58:	429a      	cmp	r2, r3
 8003d5a:	d01a      	beq.n	8003d92 <USBD_LL_DataInStage+0x64>
          if (pdev->dev_state == USBD_STATE_CONFIGURED)
 8003d5c:	f894 329c 	ldrb.w	r3, [r4, #668]	@ 0x29c
 8003d60:	b2db      	uxtb	r3, r3
 8003d62:	2b03      	cmp	r3, #3
 8003d64:	d029      	beq.n	8003dba <USBD_LL_DataInStage+0x8c>
          (void)USBD_LL_StallEP(pdev, 0x80U);
 8003d66:	2180      	movs	r1, #128	@ 0x80
 8003d68:	4620      	mov	r0, r4
 8003d6a:	f7ff fe39 	bl	80039e0 <USBD_LL_StallEP>
          (void)USBD_CtlReceiveStatus(pdev);
 8003d6e:	4620      	mov	r0, r4
 8003d70:	f000 fcdc 	bl	800472c <USBD_CtlReceiveStatus>
 8003d74:	e7e4      	b.n	8003d40 <USBD_LL_DataInStage+0x12>
        pep->rem_length -= pep->maxpacket;
 8003d76:	1ad2      	subs	r2, r2, r3
 8003d78:	6182      	str	r2, [r0, #24]
        pep->pbuffer += pep->maxpacket;
 8003d7a:	6a41      	ldr	r1, [r0, #36]	@ 0x24
 8003d7c:	4419      	add	r1, r3
 8003d7e:	6241      	str	r1, [r0, #36]	@ 0x24
        (void)USBD_CtlContinueSendData(pdev, pep->pbuffer, pep->rem_length);
 8003d80:	f000 fca8 	bl	80046d4 <USBD_CtlContinueSendData>
        (void)USBD_LL_PrepareReceive(pdev, 0U, NULL, 0U);
 8003d84:	2300      	movs	r3, #0
 8003d86:	461a      	mov	r2, r3
 8003d88:	4619      	mov	r1, r3
 8003d8a:	4620      	mov	r0, r4
 8003d8c:	f7ff fe48 	bl	8003a20 <USBD_LL_PrepareReceive>
 8003d90:	e7d6      	b.n	8003d40 <USBD_LL_DataInStage+0x12>
            (pep->total_length >= pep->maxpacket) &&
 8003d92:	6942      	ldr	r2, [r0, #20]
        if ((pep->maxpacket == pep->rem_length) &&
 8003d94:	4293      	cmp	r3, r2
 8003d96:	d8e1      	bhi.n	8003d5c <USBD_LL_DataInStage+0x2e>
            (pep->total_length < pdev->ep0_data_len))
 8003d98:	f8d0 3298 	ldr.w	r3, [r0, #664]	@ 0x298
            (pep->total_length >= pep->maxpacket) &&
 8003d9c:	429a      	cmp	r2, r3
 8003d9e:	d2dd      	bcs.n	8003d5c <USBD_LL_DataInStage+0x2e>
          (void)USBD_CtlContinueSendData(pdev, NULL, 0U);
 8003da0:	2200      	movs	r2, #0
 8003da2:	4611      	mov	r1, r2
 8003da4:	f000 fc96 	bl	80046d4 <USBD_CtlContinueSendData>
          pdev->ep0_data_len = 0U;
 8003da8:	2100      	movs	r1, #0
 8003daa:	f8c4 1298 	str.w	r1, [r4, #664]	@ 0x298
          (void)USBD_LL_PrepareReceive(pdev, 0U, NULL, 0U);
 8003dae:	460b      	mov	r3, r1
 8003db0:	460a      	mov	r2, r1
 8003db2:	4620      	mov	r0, r4
 8003db4:	f7ff fe34 	bl	8003a20 <USBD_LL_PrepareReceive>
 8003db8:	e7c2      	b.n	8003d40 <USBD_LL_DataInStage+0x12>
            if (pdev->pClass[0]->EP0_TxSent != NULL)
 8003dba:	f8d4 32b8 	ldr.w	r3, [r4, #696]	@ 0x2b8
 8003dbe:	68da      	ldr	r2, [r3, #12]
 8003dc0:	2a00      	cmp	r2, #0
 8003dc2:	d0d0      	beq.n	8003d66 <USBD_LL_DataInStage+0x38>
              pdev->classId = 0U;
 8003dc4:	2200      	movs	r2, #0
 8003dc6:	f8c4 22d4 	str.w	r2, [r4, #724]	@ 0x2d4
              pdev->pClass[0]->EP0_TxSent(pdev);
 8003dca:	68db      	ldr	r3, [r3, #12]
 8003dcc:	4620      	mov	r0, r4
 8003dce:	4798      	blx	r3
 8003dd0:	e7c9      	b.n	8003d66 <USBD_LL_DataInStage+0x38>
    idx = USBD_CoreFindEP(pdev, ((uint8_t)epnum | 0x80U));
 8003dd2:	f041 0180 	orr.w	r1, r1, #128	@ 0x80
 8003dd6:	f7ff ff43 	bl	8003c60 <USBD_CoreFindEP>
    if (((uint16_t)idx != 0xFFU) && (idx < USBD_MAX_SUPPORTED_CLASS))
 8003dda:	b990      	cbnz	r0, 8003e02 <USBD_LL_DataInStage+0xd4>
      if (pdev->dev_state == USBD_STATE_CONFIGURED)
 8003ddc:	f894 329c 	ldrb.w	r3, [r4, #668]	@ 0x29c
 8003de0:	b2db      	uxtb	r3, r3
 8003de2:	2b03      	cmp	r3, #3
 8003de4:	d1b3      	bne.n	8003d4e <USBD_LL_DataInStage+0x20>
        if (pdev->pClass[idx]->DataIn != NULL)
 8003de6:	f100 03ae 	add.w	r3, r0, #174	@ 0xae
 8003dea:	f854 3023 	ldr.w	r3, [r4, r3, lsl #2]
 8003dee:	695a      	ldr	r2, [r3, #20]
 8003df0:	2a00      	cmp	r2, #0
 8003df2:	d0ac      	beq.n	8003d4e <USBD_LL_DataInStage+0x20>
          pdev->classId = idx;
 8003df4:	f8c4 02d4 	str.w	r0, [r4, #724]	@ 0x2d4
          ret = (USBD_StatusTypeDef)pdev->pClass[idx]->DataIn(pdev, epnum);
 8003df8:	695b      	ldr	r3, [r3, #20]
 8003dfa:	4629      	mov	r1, r5
 8003dfc:	4620      	mov	r0, r4
 8003dfe:	4798      	blx	r3
          if (ret != USBD_OK)
 8003e00:	e7a5      	b.n	8003d4e <USBD_LL_DataInStage+0x20>
  return USBD_OK;
 8003e02:	2000      	movs	r0, #0
 8003e04:	e7a3      	b.n	8003d4e <USBD_LL_DataInStage+0x20>

08003e06 <USBD_GetNextDesc>:
  */
USBD_DescHeaderTypeDef *USBD_GetNextDesc(uint8_t *pbuf, uint16_t *ptr)
{
  USBD_DescHeaderTypeDef *pnext = (USBD_DescHeaderTypeDef *)(void *)pbuf;

  *ptr += pnext->bLength;
 8003e06:	880b      	ldrh	r3, [r1, #0]
 8003e08:	7802      	ldrb	r2, [r0, #0]
 8003e0a:	4413      	add	r3, r2
 8003e0c:	800b      	strh	r3, [r1, #0]
  pnext = (USBD_DescHeaderTypeDef *)(void *)(pbuf + pnext->bLength);
 8003e0e:	7803      	ldrb	r3, [r0, #0]

  return (pnext);
}
 8003e10:	4418      	add	r0, r3
 8003e12:	4770      	bx	lr

08003e14 <USBD_GetEpDesc>:
  if (desc->wTotalLength > desc->bLength)
 8003e14:	8842      	ldrh	r2, [r0, #2]
 8003e16:	7803      	ldrb	r3, [r0, #0]
 8003e18:	429a      	cmp	r2, r3
 8003e1a:	d918      	bls.n	8003e4e <USBD_GetEpDesc+0x3a>
{
 8003e1c:	b530      	push	{r4, r5, lr}
 8003e1e:	b083      	sub	sp, #12
 8003e20:	4604      	mov	r4, r0
 8003e22:	460d      	mov	r5, r1
    ptr = desc->bLength;
 8003e24:	f8ad 3006 	strh.w	r3, [sp, #6]
    while (ptr < desc->wTotalLength)
 8003e28:	8863      	ldrh	r3, [r4, #2]
 8003e2a:	f8bd 2006 	ldrh.w	r2, [sp, #6]
 8003e2e:	429a      	cmp	r2, r3
 8003e30:	d20a      	bcs.n	8003e48 <USBD_GetEpDesc+0x34>
      pdesc = USBD_GetNextDesc((uint8_t *)pdesc, &ptr);
 8003e32:	f10d 0106 	add.w	r1, sp, #6
 8003e36:	f7ff ffe6 	bl	8003e06 <USBD_GetNextDesc>
      if (pdesc->bDescriptorType == USB_DESC_TYPE_ENDPOINT)
 8003e3a:	7843      	ldrb	r3, [r0, #1]
 8003e3c:	2b05      	cmp	r3, #5
 8003e3e:	d1f3      	bne.n	8003e28 <USBD_GetEpDesc+0x14>
        if (pEpDesc->bEndpointAddress == EpAddr)
 8003e40:	7883      	ldrb	r3, [r0, #2]
 8003e42:	42ab      	cmp	r3, r5
 8003e44:	d1f0      	bne.n	8003e28 <USBD_GetEpDesc+0x14>
 8003e46:	e000      	b.n	8003e4a <USBD_GetEpDesc+0x36>
 8003e48:	2000      	movs	r0, #0
}
 8003e4a:	b003      	add	sp, #12
 8003e4c:	bd30      	pop	{r4, r5, pc}
  USBD_EpDescTypeDef *pEpDesc = NULL;
 8003e4e:	2000      	movs	r0, #0
}
 8003e50:	4770      	bx	lr

08003e52 <USBD_GetLen>:
  *         return the string length
   * @param  buf : pointer to the ascii string buffer
  * @retval string length
  */
static uint8_t USBD_GetLen(uint8_t *buf)
{
 8003e52:	4603      	mov	r3, r0
  uint8_t  len = 0U;
 8003e54:	2000      	movs	r0, #0
  uint8_t *pbuff = buf;

  while (*pbuff != (uint8_t)'\0')
 8003e56:	e002      	b.n	8003e5e <USBD_GetLen+0xc>
  {
    len++;
 8003e58:	3001      	adds	r0, #1
 8003e5a:	b2c0      	uxtb	r0, r0
    pbuff++;
 8003e5c:	3301      	adds	r3, #1
  while (*pbuff != (uint8_t)'\0')
 8003e5e:	781a      	ldrb	r2, [r3, #0]
 8003e60:	2a00      	cmp	r2, #0
 8003e62:	d1f9      	bne.n	8003e58 <USBD_GetLen+0x6>
  }

  return len;
}
 8003e64:	4770      	bx	lr

08003e66 <USBD_ParseSetupRequest>:
  req->bmRequest = *(uint8_t *)(pbuff);
 8003e66:	780b      	ldrb	r3, [r1, #0]
 8003e68:	7003      	strb	r3, [r0, #0]
  req->bRequest = *(uint8_t *)(pbuff);
 8003e6a:	784b      	ldrb	r3, [r1, #1]
 8003e6c:	7043      	strb	r3, [r0, #1]
  uint16_t _SwapVal;
  uint16_t _Byte1;
  uint16_t _Byte2;
  uint8_t *_pbuff = addr;

  _Byte1 = *(uint8_t *)_pbuff;
 8003e6e:	788b      	ldrb	r3, [r1, #2]
  _pbuff++;
  _Byte2 = *(uint8_t *)_pbuff;
 8003e70:	78ca      	ldrb	r2, [r1, #3]

  _SwapVal = (_Byte2 << 8) | _Byte1;
 8003e72:	ea43 2302 	orr.w	r3, r3, r2, lsl #8
  req->wValue = SWAPBYTE(pbuff);
 8003e76:	8043      	strh	r3, [r0, #2]
  _Byte1 = *(uint8_t *)_pbuff;
 8003e78:	790b      	ldrb	r3, [r1, #4]
  _Byte2 = *(uint8_t *)_pbuff;
 8003e7a:	794a      	ldrb	r2, [r1, #5]
  _SwapVal = (_Byte2 << 8) | _Byte1;
 8003e7c:	ea43 2302 	orr.w	r3, r3, r2, lsl #8
  req->wIndex = SWAPBYTE(pbuff);
 8003e80:	8083      	strh	r3, [r0, #4]
  _Byte1 = *(uint8_t *)_pbuff;
 8003e82:	798b      	ldrb	r3, [r1, #6]
  _Byte2 = *(uint8_t *)_pbuff;
 8003e84:	79ca      	ldrb	r2, [r1, #7]
  _SwapVal = (_Byte2 << 8) | _Byte1;
 8003e86:	ea43 2302 	orr.w	r3, r3, r2, lsl #8
  req->wLength = SWAPBYTE(pbuff);
 8003e8a:	80c3      	strh	r3, [r0, #6]
}
 8003e8c:	4770      	bx	lr

08003e8e <USBD_CtlError>:
{
 8003e8e:	b510      	push	{r4, lr}
 8003e90:	4604      	mov	r4, r0
  (void)USBD_LL_StallEP(pdev, 0x80U);
 8003e92:	2180      	movs	r1, #128	@ 0x80
 8003e94:	f7ff fda4 	bl	80039e0 <USBD_LL_StallEP>
  (void)USBD_LL_StallEP(pdev, 0U);
 8003e98:	2100      	movs	r1, #0
 8003e9a:	4620      	mov	r0, r4
 8003e9c:	f7ff fda0 	bl	80039e0 <USBD_LL_StallEP>
}
 8003ea0:	bd10      	pop	{r4, pc}

08003ea2 <USBD_GetDescriptor>:
{
 8003ea2:	b530      	push	{r4, r5, lr}
 8003ea4:	b083      	sub	sp, #12
 8003ea6:	4604      	mov	r4, r0
 8003ea8:	460d      	mov	r5, r1
  uint16_t len = 0U;
 8003eaa:	2300      	movs	r3, #0
 8003eac:	f8ad 3006 	strh.w	r3, [sp, #6]
  switch (req->wValue >> 8)
 8003eb0:	884a      	ldrh	r2, [r1, #2]
 8003eb2:	0a13      	lsrs	r3, r2, #8
 8003eb4:	3b01      	subs	r3, #1
 8003eb6:	2b06      	cmp	r3, #6
 8003eb8:	f200 80ab 	bhi.w	8004012 <USBD_GetDescriptor+0x170>
 8003ebc:	e8df f003 	tbb	[pc, r3]
 8003ec0:	a9331f04 	.word	0xa9331f04
 8003ec4:	8da9      	.short	0x8da9
 8003ec6:	9a          	.byte	0x9a
 8003ec7:	00          	.byte	0x00
      pbuf = pdev->pDesc->GetDeviceDescriptor(pdev->dev_speed, &len);
 8003ec8:	f8d0 32b4 	ldr.w	r3, [r0, #692]	@ 0x2b4
 8003ecc:	681b      	ldr	r3, [r3, #0]
 8003ece:	f10d 0106 	add.w	r1, sp, #6
 8003ed2:	7c00      	ldrb	r0, [r0, #16]
 8003ed4:	4798      	blx	r3
  if (req->wLength != 0U)
 8003ed6:	88ea      	ldrh	r2, [r5, #6]
 8003ed8:	2a00      	cmp	r2, #0
 8003eda:	f000 80a3 	beq.w	8004024 <USBD_GetDescriptor+0x182>
    if (len != 0U)
 8003ede:	f8bd 3006 	ldrh.w	r3, [sp, #6]
 8003ee2:	2b00      	cmp	r3, #0
 8003ee4:	f000 8099 	beq.w	800401a <USBD_GetDescriptor+0x178>
      len = MIN(len, req->wLength);
 8003ee8:	429a      	cmp	r2, r3
 8003eea:	bf28      	it	cs
 8003eec:	461a      	movcs	r2, r3
 8003eee:	f8ad 2006 	strh.w	r2, [sp, #6]
      (void)USBD_CtlSendData(pdev, pbuf, len);
 8003ef2:	4601      	mov	r1, r0
 8003ef4:	4620      	mov	r0, r4
 8003ef6:	f000 fbdf 	bl	80046b8 <USBD_CtlSendData>
}
 8003efa:	b003      	add	sp, #12
 8003efc:	bd30      	pop	{r4, r5, pc}
      if (pdev->dev_speed == USBD_SPEED_HIGH)
 8003efe:	7c03      	ldrb	r3, [r0, #16]
 8003f00:	b943      	cbnz	r3, 8003f14 <USBD_GetDescriptor+0x72>
          pbuf = (uint8_t *)pdev->pClass[0]->GetHSConfigDescriptor(&len);
 8003f02:	f8d0 32b8 	ldr.w	r3, [r0, #696]	@ 0x2b8
 8003f06:	6a9b      	ldr	r3, [r3, #40]	@ 0x28
 8003f08:	f10d 0006 	add.w	r0, sp, #6
 8003f0c:	4798      	blx	r3
        pbuf[1] = USB_DESC_TYPE_CONFIGURATION;
 8003f0e:	2302      	movs	r3, #2
 8003f10:	7043      	strb	r3, [r0, #1]
  if (err != 0U)
 8003f12:	e7e0      	b.n	8003ed6 <USBD_GetDescriptor+0x34>
          pbuf = (uint8_t *)pdev->pClass[0]->GetFSConfigDescriptor(&len);
 8003f14:	f8d0 32b8 	ldr.w	r3, [r0, #696]	@ 0x2b8
 8003f18:	6adb      	ldr	r3, [r3, #44]	@ 0x2c
 8003f1a:	f10d 0006 	add.w	r0, sp, #6
 8003f1e:	4798      	blx	r3
        pbuf[1] = USB_DESC_TYPE_CONFIGURATION;
 8003f20:	2302      	movs	r3, #2
 8003f22:	7043      	strb	r3, [r0, #1]
  if (err != 0U)
 8003f24:	e7d7      	b.n	8003ed6 <USBD_GetDescriptor+0x34>
      switch ((uint8_t)(req->wValue))
 8003f26:	b2d2      	uxtb	r2, r2
 8003f28:	2a05      	cmp	r2, #5
 8003f2a:	d852      	bhi.n	8003fd2 <USBD_GetDescriptor+0x130>
 8003f2c:	e8df f002 	tbb	[pc, r2]
 8003f30:	2a1d1003 	.word	0x2a1d1003
 8003f34:	4437      	.short	0x4437
          if (pdev->pDesc->GetLangIDStrDescriptor != NULL)
 8003f36:	f8d0 32b4 	ldr.w	r3, [r0, #692]	@ 0x2b4
 8003f3a:	685b      	ldr	r3, [r3, #4]
 8003f3c:	b123      	cbz	r3, 8003f48 <USBD_GetDescriptor+0xa6>
            pbuf = pdev->pDesc->GetLangIDStrDescriptor(pdev->dev_speed, &len);
 8003f3e:	f10d 0106 	add.w	r1, sp, #6
 8003f42:	7c00      	ldrb	r0, [r0, #16]
 8003f44:	4798      	blx	r3
  if (err != 0U)
 8003f46:	e7c6      	b.n	8003ed6 <USBD_GetDescriptor+0x34>
            USBD_CtlError(pdev, req);
 8003f48:	4629      	mov	r1, r5
 8003f4a:	f7ff ffa0 	bl	8003e8e <USBD_CtlError>
  if (err != 0U)
 8003f4e:	e7d4      	b.n	8003efa <USBD_GetDescriptor+0x58>
          if (pdev->pDesc->GetManufacturerStrDescriptor != NULL)
 8003f50:	f8d0 32b4 	ldr.w	r3, [r0, #692]	@ 0x2b4
 8003f54:	689b      	ldr	r3, [r3, #8]
 8003f56:	b123      	cbz	r3, 8003f62 <USBD_GetDescriptor+0xc0>
            pbuf = pdev->pDesc->GetManufacturerStrDescriptor(pdev->dev_speed, &len);
 8003f58:	f10d 0106 	add.w	r1, sp, #6
 8003f5c:	7c00      	ldrb	r0, [r0, #16]
 8003f5e:	4798      	blx	r3
  if (err != 0U)
 8003f60:	e7b9      	b.n	8003ed6 <USBD_GetDescriptor+0x34>
            USBD_CtlError(pdev, req);
 8003f62:	4629      	mov	r1, r5
 8003f64:	f7ff ff93 	bl	8003e8e <USBD_CtlError>
  if (err != 0U)
 8003f68:	e7c7      	b.n	8003efa <USBD_GetDescriptor+0x58>
          if (pdev->pDesc->GetProductStrDescriptor != NULL)
 8003f6a:	f8d0 32b4 	ldr.w	r3, [r0, #692]	@ 0x2b4
 8003f6e:	68db      	ldr	r3, [r3, #12]
 8003f70:	b123      	cbz	r3, 8003f7c <USBD_GetDescriptor+0xda>
            pbuf = pdev->pDesc->GetProductStrDescriptor(pdev->dev_speed, &len);
 8003f72:	f10d 0106 	add.w	r1, sp, #6
 8003f76:	7c00      	ldrb	r0, [r0, #16]
 8003f78:	4798      	blx	r3
  if (err != 0U)
 8003f7a:	e7ac      	b.n	8003ed6 <USBD_GetDescriptor+0x34>
            USBD_CtlError(pdev, req);
 8003f7c:	4629      	mov	r1, r5
 8003f7e:	f7ff ff86 	bl	8003e8e <USBD_CtlError>
  if (err != 0U)
 8003f82:	e7ba      	b.n	8003efa <USBD_GetDescriptor+0x58>
          if (pdev->pDesc->GetSerialStrDescriptor != NULL)
 8003f84:	f8d0 32b4 	ldr.w	r3, [r0, #692]	@ 0x2b4
 8003f88:	691b      	ldr	r3, [r3, #16]
 8003f8a:	b123      	cbz	r3, 8003f96 <USBD_GetDescriptor+0xf4>
            pbuf = pdev->pDesc->GetSerialStrDescriptor(pdev->dev_speed, &len);
 8003f8c:	f10d 0106 	add.w	r1, sp, #6
 8003f90:	7c00      	ldrb	r0, [r0, #16]
 8003f92:	4798      	blx	r3
  if (err != 0U)
 8003f94:	e79f      	b.n	8003ed6 <USBD_GetDescriptor+0x34>
            USBD_CtlError(pdev, req);
 8003f96:	4629      	mov	r1, r5
 8003f98:	f7ff ff79 	bl	8003e8e <USBD_CtlError>
  if (err != 0U)
 8003f9c:	e7ad      	b.n	8003efa <USBD_GetDescriptor+0x58>
          if (pdev->pDesc->GetConfigurationStrDescriptor != NULL)
 8003f9e:	f8d0 32b4 	ldr.w	r3, [r0, #692]	@ 0x2b4
 8003fa2:	695b      	ldr	r3, [r3, #20]
 8003fa4:	b123      	cbz	r3, 8003fb0 <USBD_GetDescriptor+0x10e>
            pbuf = pdev->pDesc->GetConfigurationStrDescriptor(pdev->dev_speed, &len);
 8003fa6:	f10d 0106 	add.w	r1, sp, #6
 8003faa:	7c00      	ldrb	r0, [r0, #16]
 8003fac:	4798      	blx	r3
  if (err != 0U)
 8003fae:	e792      	b.n	8003ed6 <USBD_GetDescriptor+0x34>
            USBD_CtlError(pdev, req);
 8003fb0:	4629      	mov	r1, r5
 8003fb2:	f7ff ff6c 	bl	8003e8e <USBD_CtlError>
  if (err != 0U)
 8003fb6:	e7a0      	b.n	8003efa <USBD_GetDescriptor+0x58>
          if (pdev->pDesc->GetInterfaceStrDescriptor != NULL)
 8003fb8:	f8d0 32b4 	ldr.w	r3, [r0, #692]	@ 0x2b4
 8003fbc:	699b      	ldr	r3, [r3, #24]
 8003fbe:	b123      	cbz	r3, 8003fca <USBD_GetDescriptor+0x128>
            pbuf = pdev->pDesc->GetInterfaceStrDescriptor(pdev->dev_speed, &len);
 8003fc0:	f10d 0106 	add.w	r1, sp, #6
 8003fc4:	7c00      	ldrb	r0, [r0, #16]
 8003fc6:	4798      	blx	r3
  if (err != 0U)
 8003fc8:	e785      	b.n	8003ed6 <USBD_GetDescriptor+0x34>
            USBD_CtlError(pdev, req);
 8003fca:	4629      	mov	r1, r5
 8003fcc:	f7ff ff5f 	bl	8003e8e <USBD_CtlError>
  if (err != 0U)
 8003fd0:	e793      	b.n	8003efa <USBD_GetDescriptor+0x58>
          USBD_CtlError(pdev, req);
 8003fd2:	4629      	mov	r1, r5
 8003fd4:	f7ff ff5b 	bl	8003e8e <USBD_CtlError>
  if (err != 0U)
 8003fd8:	e78f      	b.n	8003efa <USBD_GetDescriptor+0x58>
      if (pdev->dev_speed == USBD_SPEED_HIGH)
 8003fda:	7c03      	ldrb	r3, [r0, #16]
 8003fdc:	b933      	cbnz	r3, 8003fec <USBD_GetDescriptor+0x14a>
          pbuf = (uint8_t *)pdev->pClass[0]->GetDeviceQualifierDescriptor(&len);
 8003fde:	f8d0 32b8 	ldr.w	r3, [r0, #696]	@ 0x2b8
 8003fe2:	6b5b      	ldr	r3, [r3, #52]	@ 0x34
 8003fe4:	f10d 0006 	add.w	r0, sp, #6
 8003fe8:	4798      	blx	r3
  if (err != 0U)
 8003fea:	e774      	b.n	8003ed6 <USBD_GetDescriptor+0x34>
        USBD_CtlError(pdev, req);
 8003fec:	4629      	mov	r1, r5
 8003fee:	f7ff ff4e 	bl	8003e8e <USBD_CtlError>
  if (err != 0U)
 8003ff2:	e782      	b.n	8003efa <USBD_GetDescriptor+0x58>
      if (pdev->dev_speed == USBD_SPEED_HIGH)
 8003ff4:	7c03      	ldrb	r3, [r0, #16]
 8003ff6:	b943      	cbnz	r3, 800400a <USBD_GetDescriptor+0x168>
          pbuf = (uint8_t *)pdev->pClass[0]->GetOtherSpeedConfigDescriptor(&len);
 8003ff8:	f8d0 32b8 	ldr.w	r3, [r0, #696]	@ 0x2b8
 8003ffc:	6b1b      	ldr	r3, [r3, #48]	@ 0x30
 8003ffe:	f10d 0006 	add.w	r0, sp, #6
 8004002:	4798      	blx	r3
        pbuf[1] = USB_DESC_TYPE_OTHER_SPEED_CONFIGURATION;
 8004004:	2307      	movs	r3, #7
 8004006:	7043      	strb	r3, [r0, #1]
  if (err != 0U)
 8004008:	e765      	b.n	8003ed6 <USBD_GetDescriptor+0x34>
        USBD_CtlError(pdev, req);
 800400a:	4629      	mov	r1, r5
 800400c:	f7ff ff3f 	bl	8003e8e <USBD_CtlError>
  if (err != 0U)
 8004010:	e773      	b.n	8003efa <USBD_GetDescriptor+0x58>
      USBD_CtlError(pdev, req);
 8004012:	4629      	mov	r1, r5
 8004014:	f7ff ff3b 	bl	8003e8e <USBD_CtlError>
    return;
 8004018:	e76f      	b.n	8003efa <USBD_GetDescriptor+0x58>
      USBD_CtlError(pdev, req);
 800401a:	4629      	mov	r1, r5
 800401c:	4620      	mov	r0, r4
 800401e:	f7ff ff36 	bl	8003e8e <USBD_CtlError>
 8004022:	e76a      	b.n	8003efa <USBD_GetDescriptor+0x58>
    (void)USBD_CtlSendStatus(pdev);
 8004024:	4620      	mov	r0, r4
 8004026:	f000 fb76 	bl	8004716 <USBD_CtlSendStatus>
 800402a:	e766      	b.n	8003efa <USBD_GetDescriptor+0x58>

0800402c <USBD_SetAddress>:
{
 800402c:	b538      	push	{r3, r4, r5, lr}
 800402e:	4604      	mov	r4, r0
  if ((req->wIndex == 0U) && (req->wLength == 0U) && (req->wValue < 128U))
 8004030:	888b      	ldrh	r3, [r1, #4]
 8004032:	b9fb      	cbnz	r3, 8004074 <USBD_SetAddress+0x48>
 8004034:	88cb      	ldrh	r3, [r1, #6]
 8004036:	b9eb      	cbnz	r3, 8004074 <USBD_SetAddress+0x48>
 8004038:	884b      	ldrh	r3, [r1, #2]
 800403a:	2b7f      	cmp	r3, #127	@ 0x7f
 800403c:	d81a      	bhi.n	8004074 <USBD_SetAddress+0x48>
    dev_addr = (uint8_t)(req->wValue) & 0x7FU;
 800403e:	f003 057f 	and.w	r5, r3, #127	@ 0x7f
    if (pdev->dev_state == USBD_STATE_CONFIGURED)
 8004042:	f890 329c 	ldrb.w	r3, [r0, #668]	@ 0x29c
 8004046:	b2db      	uxtb	r3, r3
 8004048:	2b03      	cmp	r3, #3
 800404a:	d00c      	beq.n	8004066 <USBD_SetAddress+0x3a>
      pdev->dev_address = dev_addr;
 800404c:	f880 529e 	strb.w	r5, [r0, #670]	@ 0x29e
      (void)USBD_LL_SetUSBAddress(pdev, dev_addr);
 8004050:	4629      	mov	r1, r5
 8004052:	f7ff fcd5 	bl	8003a00 <USBD_LL_SetUSBAddress>
      (void)USBD_CtlSendStatus(pdev);
 8004056:	4620      	mov	r0, r4
 8004058:	f000 fb5d 	bl	8004716 <USBD_CtlSendStatus>
      if (dev_addr != 0U)
 800405c:	b135      	cbz	r5, 800406c <USBD_SetAddress+0x40>
        pdev->dev_state = USBD_STATE_ADDRESSED;
 800405e:	2302      	movs	r3, #2
 8004060:	f884 329c 	strb.w	r3, [r4, #668]	@ 0x29c
 8004064:	e009      	b.n	800407a <USBD_SetAddress+0x4e>
      USBD_CtlError(pdev, req);
 8004066:	f7ff ff12 	bl	8003e8e <USBD_CtlError>
 800406a:	e006      	b.n	800407a <USBD_SetAddress+0x4e>
        pdev->dev_state = USBD_STATE_DEFAULT;
 800406c:	2301      	movs	r3, #1
 800406e:	f884 329c 	strb.w	r3, [r4, #668]	@ 0x29c
 8004072:	e002      	b.n	800407a <USBD_SetAddress+0x4e>
    USBD_CtlError(pdev, req);
 8004074:	4620      	mov	r0, r4
 8004076:	f7ff ff0a 	bl	8003e8e <USBD_CtlError>
}
 800407a:	bd38      	pop	{r3, r4, r5, pc}

0800407c <USBD_SetConfig>:
{
 800407c:	b570      	push	{r4, r5, r6, lr}
 800407e:	4604      	mov	r4, r0
 8004080:	460e      	mov	r6, r1
  cfgidx = (uint8_t)(req->wValue);
 8004082:	788d      	ldrb	r5, [r1, #2]
 8004084:	4b2f      	ldr	r3, [pc, #188]	@ (8004144 <USBD_SetConfig+0xc8>)
 8004086:	701d      	strb	r5, [r3, #0]
  if (cfgidx > USBD_MAX_NUM_CONFIGURATION)
 8004088:	2d01      	cmp	r5, #1
 800408a:	d810      	bhi.n	80040ae <USBD_SetConfig+0x32>
  switch (pdev->dev_state)
 800408c:	f890 329c 	ldrb.w	r3, [r0, #668]	@ 0x29c
 8004090:	b2db      	uxtb	r3, r3
 8004092:	2b02      	cmp	r3, #2
 8004094:	d00f      	beq.n	80040b6 <USBD_SetConfig+0x3a>
 8004096:	2b03      	cmp	r3, #3
 8004098:	d026      	beq.n	80040e8 <USBD_SetConfig+0x6c>
      USBD_CtlError(pdev, req);
 800409a:	f7ff fef8 	bl	8003e8e <USBD_CtlError>
      (void)USBD_ClrClassConfig(pdev, cfgidx);
 800409e:	4b29      	ldr	r3, [pc, #164]	@ (8004144 <USBD_SetConfig+0xc8>)
 80040a0:	7819      	ldrb	r1, [r3, #0]
 80040a2:	4620      	mov	r0, r4
 80040a4:	f7ff fd02 	bl	8003aac <USBD_ClrClassConfig>
      ret = USBD_FAIL;
 80040a8:	2503      	movs	r5, #3
}
 80040aa:	4628      	mov	r0, r5
 80040ac:	bd70      	pop	{r4, r5, r6, pc}
    USBD_CtlError(pdev, req);
 80040ae:	f7ff feee 	bl	8003e8e <USBD_CtlError>
    return USBD_FAIL;
 80040b2:	2503      	movs	r5, #3
 80040b4:	e7f9      	b.n	80040aa <USBD_SetConfig+0x2e>
      if (cfgidx != 0U)
 80040b6:	b1a5      	cbz	r5, 80040e2 <USBD_SetConfig+0x66>
        pdev->dev_config = cfgidx;
 80040b8:	6045      	str	r5, [r0, #4]
        ret = USBD_SetClassConfig(pdev, cfgidx);
 80040ba:	4629      	mov	r1, r5
 80040bc:	f7ff fced 	bl	8003a9a <USBD_SetClassConfig>
        if (ret != USBD_OK)
 80040c0:	4605      	mov	r5, r0
 80040c2:	b138      	cbz	r0, 80040d4 <USBD_SetConfig+0x58>
          USBD_CtlError(pdev, req);
 80040c4:	4631      	mov	r1, r6
 80040c6:	4620      	mov	r0, r4
 80040c8:	f7ff fee1 	bl	8003e8e <USBD_CtlError>
          pdev->dev_state = USBD_STATE_ADDRESSED;
 80040cc:	2302      	movs	r3, #2
 80040ce:	f884 329c 	strb.w	r3, [r4, #668]	@ 0x29c
 80040d2:	e7ea      	b.n	80040aa <USBD_SetConfig+0x2e>
          (void)USBD_CtlSendStatus(pdev);
 80040d4:	4620      	mov	r0, r4
 80040d6:	f000 fb1e 	bl	8004716 <USBD_CtlSendStatus>
          pdev->dev_state = USBD_STATE_CONFIGURED;
 80040da:	2303      	movs	r3, #3
 80040dc:	f884 329c 	strb.w	r3, [r4, #668]	@ 0x29c
 80040e0:	e7e3      	b.n	80040aa <USBD_SetConfig+0x2e>
        (void)USBD_CtlSendStatus(pdev);
 80040e2:	f000 fb18 	bl	8004716 <USBD_CtlSendStatus>
 80040e6:	e7e0      	b.n	80040aa <USBD_SetConfig+0x2e>
      if (cfgidx == 0U)
 80040e8:	b1cd      	cbz	r5, 800411e <USBD_SetConfig+0xa2>
      else if (cfgidx != pdev->dev_config)
 80040ea:	6841      	ldr	r1, [r0, #4]
 80040ec:	428d      	cmp	r5, r1
 80040ee:	d025      	beq.n	800413c <USBD_SetConfig+0xc0>
        (void)USBD_ClrClassConfig(pdev, (uint8_t)pdev->dev_config);
 80040f0:	b2c9      	uxtb	r1, r1
 80040f2:	f7ff fcdb 	bl	8003aac <USBD_ClrClassConfig>
        pdev->dev_config = cfgidx;
 80040f6:	4b13      	ldr	r3, [pc, #76]	@ (8004144 <USBD_SetConfig+0xc8>)
 80040f8:	7819      	ldrb	r1, [r3, #0]
 80040fa:	6061      	str	r1, [r4, #4]
        ret = USBD_SetClassConfig(pdev, cfgidx);
 80040fc:	4620      	mov	r0, r4
 80040fe:	f7ff fccc 	bl	8003a9a <USBD_SetClassConfig>
        if (ret != USBD_OK)
 8004102:	4605      	mov	r5, r0
 8004104:	b1b0      	cbz	r0, 8004134 <USBD_SetConfig+0xb8>
          USBD_CtlError(pdev, req);
 8004106:	4631      	mov	r1, r6
 8004108:	4620      	mov	r0, r4
 800410a:	f7ff fec0 	bl	8003e8e <USBD_CtlError>
          (void)USBD_ClrClassConfig(pdev, (uint8_t)pdev->dev_config);
 800410e:	7921      	ldrb	r1, [r4, #4]
 8004110:	4620      	mov	r0, r4
 8004112:	f7ff fccb 	bl	8003aac <USBD_ClrClassConfig>
          pdev->dev_state = USBD_STATE_ADDRESSED;
 8004116:	2302      	movs	r3, #2
 8004118:	f884 329c 	strb.w	r3, [r4, #668]	@ 0x29c
 800411c:	e7c5      	b.n	80040aa <USBD_SetConfig+0x2e>
        pdev->dev_state = USBD_STATE_ADDRESSED;
 800411e:	2302      	movs	r3, #2
 8004120:	f880 329c 	strb.w	r3, [r0, #668]	@ 0x29c
        pdev->dev_config = cfgidx;
 8004124:	6045      	str	r5, [r0, #4]
        (void)USBD_ClrClassConfig(pdev, cfgidx);
 8004126:	4629      	mov	r1, r5
 8004128:	f7ff fcc0 	bl	8003aac <USBD_ClrClassConfig>
        (void)USBD_CtlSendStatus(pdev);
 800412c:	4620      	mov	r0, r4
 800412e:	f000 faf2 	bl	8004716 <USBD_CtlSendStatus>
 8004132:	e7ba      	b.n	80040aa <USBD_SetConfig+0x2e>
          (void)USBD_CtlSendStatus(pdev);
 8004134:	4620      	mov	r0, r4
 8004136:	f000 faee 	bl	8004716 <USBD_CtlSendStatus>
 800413a:	e7b6      	b.n	80040aa <USBD_SetConfig+0x2e>
        (void)USBD_CtlSendStatus(pdev);
 800413c:	f000 faeb 	bl	8004716 <USBD_CtlSendStatus>
  USBD_StatusTypeDef ret = USBD_OK;
 8004140:	2500      	movs	r5, #0
 8004142:	e7b2      	b.n	80040aa <USBD_SetConfig+0x2e>
 8004144:	20001d2c 	.word	0x20001d2c

08004148 <USBD_GetConfig>:
{
 8004148:	b508      	push	{r3, lr}
  if (req->wLength != 1U)
 800414a:	88cb      	ldrh	r3, [r1, #6]
 800414c:	2b01      	cmp	r3, #1
 800414e:	d10b      	bne.n	8004168 <USBD_GetConfig+0x20>
    switch (pdev->dev_state)
 8004150:	f890 329c 	ldrb.w	r3, [r0, #668]	@ 0x29c
 8004154:	b2db      	uxtb	r3, r3
 8004156:	2b02      	cmp	r3, #2
 8004158:	d909      	bls.n	800416e <USBD_GetConfig+0x26>
 800415a:	2b03      	cmp	r3, #3
 800415c:	d111      	bne.n	8004182 <USBD_GetConfig+0x3a>
        (void)USBD_CtlSendData(pdev, (uint8_t *)&pdev->dev_config, 1U);
 800415e:	2201      	movs	r2, #1
 8004160:	1d01      	adds	r1, r0, #4
 8004162:	f000 faa9 	bl	80046b8 <USBD_CtlSendData>
        break;
 8004166:	e001      	b.n	800416c <USBD_GetConfig+0x24>
    USBD_CtlError(pdev, req);
 8004168:	f7ff fe91 	bl	8003e8e <USBD_CtlError>
}
 800416c:	bd08      	pop	{r3, pc}
    switch (pdev->dev_state)
 800416e:	b25b      	sxtb	r3, r3
 8004170:	b13b      	cbz	r3, 8004182 <USBD_GetConfig+0x3a>
        pdev->dev_default_config = 0U;
 8004172:	4601      	mov	r1, r0
 8004174:	2300      	movs	r3, #0
 8004176:	f841 3f08 	str.w	r3, [r1, #8]!
        (void)USBD_CtlSendData(pdev, (uint8_t *)&pdev->dev_default_config, 1U);
 800417a:	2201      	movs	r2, #1
 800417c:	f000 fa9c 	bl	80046b8 <USBD_CtlSendData>
        break;
 8004180:	e7f4      	b.n	800416c <USBD_GetConfig+0x24>
        USBD_CtlError(pdev, req);
 8004182:	f7ff fe84 	bl	8003e8e <USBD_CtlError>
}
 8004186:	e7f1      	b.n	800416c <USBD_GetConfig+0x24>

08004188 <USBD_GetStatus>:
{
 8004188:	b508      	push	{r3, lr}
  switch (pdev->dev_state)
 800418a:	f890 329c 	ldrb.w	r3, [r0, #668]	@ 0x29c
 800418e:	3b01      	subs	r3, #1
 8004190:	2b02      	cmp	r3, #2
 8004192:	d812      	bhi.n	80041ba <USBD_GetStatus+0x32>
      if (req->wLength != 0x2U)
 8004194:	88cb      	ldrh	r3, [r1, #6]
 8004196:	2b02      	cmp	r3, #2
 8004198:	d10c      	bne.n	80041b4 <USBD_GetStatus+0x2c>
      pdev->dev_config_status = USB_CONFIG_SELF_POWERED;
 800419a:	2301      	movs	r3, #1
 800419c:	60c3      	str	r3, [r0, #12]
      if (pdev->dev_remote_wakeup != 0U)
 800419e:	f8d0 32a4 	ldr.w	r3, [r0, #676]	@ 0x2a4
 80041a2:	b10b      	cbz	r3, 80041a8 <USBD_GetStatus+0x20>
        pdev->dev_config_status |= USB_CONFIG_REMOTE_WAKEUP;
 80041a4:	2303      	movs	r3, #3
 80041a6:	60c3      	str	r3, [r0, #12]
      (void)USBD_CtlSendData(pdev, (uint8_t *)&pdev->dev_config_status, 2U);
 80041a8:	2202      	movs	r2, #2
 80041aa:	f100 010c 	add.w	r1, r0, #12
 80041ae:	f000 fa83 	bl	80046b8 <USBD_CtlSendData>
}
 80041b2:	bd08      	pop	{r3, pc}
        USBD_CtlError(pdev, req);
 80041b4:	f7ff fe6b 	bl	8003e8e <USBD_CtlError>
        break;
 80041b8:	e7fb      	b.n	80041b2 <USBD_GetStatus+0x2a>
      USBD_CtlError(pdev, req);
 80041ba:	f7ff fe68 	bl	8003e8e <USBD_CtlError>
}
 80041be:	e7f8      	b.n	80041b2 <USBD_GetStatus+0x2a>

080041c0 <USBD_SetFeature>:
{
 80041c0:	b508      	push	{r3, lr}
  if (req->wValue == USB_FEATURE_REMOTE_WAKEUP)
 80041c2:	884b      	ldrh	r3, [r1, #2]
 80041c4:	2b01      	cmp	r3, #1
 80041c6:	d004      	beq.n	80041d2 <USBD_SetFeature+0x12>
  else if (req->wValue == USB_FEATURE_TEST_MODE)
 80041c8:	2b02      	cmp	r3, #2
 80041ca:	d007      	beq.n	80041dc <USBD_SetFeature+0x1c>
    USBD_CtlError(pdev, req);
 80041cc:	f7ff fe5f 	bl	8003e8e <USBD_CtlError>
}
 80041d0:	bd08      	pop	{r3, pc}
    pdev->dev_remote_wakeup = 1U;
 80041d2:	f8c0 32a4 	str.w	r3, [r0, #676]	@ 0x2a4
    (void)USBD_CtlSendStatus(pdev);
 80041d6:	f000 fa9e 	bl	8004716 <USBD_CtlSendStatus>
 80041da:	e7f9      	b.n	80041d0 <USBD_SetFeature+0x10>
    pdev->dev_test_mode = (uint8_t)(req->wIndex >> 8);
 80041dc:	888b      	ldrh	r3, [r1, #4]
 80041de:	0a1b      	lsrs	r3, r3, #8
 80041e0:	f880 32a0 	strb.w	r3, [r0, #672]	@ 0x2a0
    (void)USBD_CtlSendStatus(pdev);
 80041e4:	f000 fa97 	bl	8004716 <USBD_CtlSendStatus>
 80041e8:	e7f2      	b.n	80041d0 <USBD_SetFeature+0x10>

080041ea <USBD_ClrFeature>:
{
 80041ea:	b508      	push	{r3, lr}
  switch (pdev->dev_state)
 80041ec:	f890 329c 	ldrb.w	r3, [r0, #668]	@ 0x29c
 80041f0:	3b01      	subs	r3, #1
 80041f2:	2b02      	cmp	r3, #2
 80041f4:	d809      	bhi.n	800420a <USBD_ClrFeature+0x20>
      if (req->wValue == USB_FEATURE_REMOTE_WAKEUP)
 80041f6:	884b      	ldrh	r3, [r1, #2]
 80041f8:	2b01      	cmp	r3, #1
 80041fa:	d000      	beq.n	80041fe <USBD_ClrFeature+0x14>
}
 80041fc:	bd08      	pop	{r3, pc}
        pdev->dev_remote_wakeup = 0U;
 80041fe:	2300      	movs	r3, #0
 8004200:	f8c0 32a4 	str.w	r3, [r0, #676]	@ 0x2a4
        (void)USBD_CtlSendStatus(pdev);
 8004204:	f000 fa87 	bl	8004716 <USBD_CtlSendStatus>
 8004208:	e7f8      	b.n	80041fc <USBD_ClrFeature+0x12>
      USBD_CtlError(pdev, req);
 800420a:	f7ff fe40 	bl	8003e8e <USBD_CtlError>
}
 800420e:	e7f5      	b.n	80041fc <USBD_ClrFeature+0x12>

08004210 <USBD_StdDevReq>:
{
 8004210:	b538      	push	{r3, r4, r5, lr}
  switch (req->bmRequest & USB_REQ_TYPE_MASK)
 8004212:	780c      	ldrb	r4, [r1, #0]
 8004214:	f004 0460 	and.w	r4, r4, #96	@ 0x60
 8004218:	2c20      	cmp	r4, #32
 800421a:	d006      	beq.n	800422a <USBD_StdDevReq+0x1a>
 800421c:	2c40      	cmp	r4, #64	@ 0x40
 800421e:	d004      	beq.n	800422a <USBD_StdDevReq+0x1a>
 8004220:	b16c      	cbz	r4, 800423e <USBD_StdDevReq+0x2e>
      USBD_CtlError(pdev, req);
 8004222:	f7ff fe34 	bl	8003e8e <USBD_CtlError>
  USBD_StatusTypeDef ret = USBD_OK;
 8004226:	2400      	movs	r4, #0
      break;
 8004228:	e007      	b.n	800423a <USBD_StdDevReq+0x2a>
      ret = (USBD_StatusTypeDef)pdev->pClass[pdev->classId]->Setup(pdev, req);
 800422a:	f8d0 32d4 	ldr.w	r3, [r0, #724]	@ 0x2d4
 800422e:	33ae      	adds	r3, #174	@ 0xae
 8004230:	f850 3023 	ldr.w	r3, [r0, r3, lsl #2]
 8004234:	689b      	ldr	r3, [r3, #8]
 8004236:	4798      	blx	r3
 8004238:	4604      	mov	r4, r0
}
 800423a:	4620      	mov	r0, r4
 800423c:	bd38      	pop	{r3, r4, r5, pc}
      switch (req->bRequest)
 800423e:	784d      	ldrb	r5, [r1, #1]
 8004240:	2d09      	cmp	r5, #9
 8004242:	d81d      	bhi.n	8004280 <USBD_StdDevReq+0x70>
 8004244:	e8df f005 	tbb	[pc, r5]
 8004248:	161c1912 	.word	0x161c1912
 800424c:	1c05081c 	.word	0x1c05081c
 8004250:	0b0f      	.short	0x0b0f
          USBD_GetDescriptor(pdev, req);
 8004252:	f7ff fe26 	bl	8003ea2 <USBD_GetDescriptor>
          break;
 8004256:	e7f0      	b.n	800423a <USBD_StdDevReq+0x2a>
          USBD_SetAddress(pdev, req);
 8004258:	f7ff fee8 	bl	800402c <USBD_SetAddress>
          break;
 800425c:	e7ed      	b.n	800423a <USBD_StdDevReq+0x2a>
          ret = USBD_SetConfig(pdev, req);
 800425e:	f7ff ff0d 	bl	800407c <USBD_SetConfig>
 8004262:	4604      	mov	r4, r0
          break;
 8004264:	e7e9      	b.n	800423a <USBD_StdDevReq+0x2a>
          USBD_GetConfig(pdev, req);
 8004266:	f7ff ff6f 	bl	8004148 <USBD_GetConfig>
          break;
 800426a:	e7e6      	b.n	800423a <USBD_StdDevReq+0x2a>
          USBD_GetStatus(pdev, req);
 800426c:	f7ff ff8c 	bl	8004188 <USBD_GetStatus>
  USBD_StatusTypeDef ret = USBD_OK;
 8004270:	462c      	mov	r4, r5
          break;
 8004272:	e7e2      	b.n	800423a <USBD_StdDevReq+0x2a>
          USBD_SetFeature(pdev, req);
 8004274:	f7ff ffa4 	bl	80041c0 <USBD_SetFeature>
          break;
 8004278:	e7df      	b.n	800423a <USBD_StdDevReq+0x2a>
          USBD_ClrFeature(pdev, req);
 800427a:	f7ff ffb6 	bl	80041ea <USBD_ClrFeature>
          break;
 800427e:	e7dc      	b.n	800423a <USBD_StdDevReq+0x2a>
          USBD_CtlError(pdev, req);
 8004280:	f7ff fe05 	bl	8003e8e <USBD_CtlError>
          break;
 8004284:	e7d9      	b.n	800423a <USBD_StdDevReq+0x2a>

08004286 <USBD_StdItfReq>:
{
 8004286:	b570      	push	{r4, r5, r6, lr}
 8004288:	4605      	mov	r5, r0
 800428a:	460c      	mov	r4, r1
  switch (req->bmRequest & USB_REQ_TYPE_MASK)
 800428c:	780b      	ldrb	r3, [r1, #0]
 800428e:	f003 0360 	and.w	r3, r3, #96	@ 0x60
 8004292:	2b20      	cmp	r3, #32
 8004294:	d007      	beq.n	80042a6 <USBD_StdItfReq+0x20>
 8004296:	2b40      	cmp	r3, #64	@ 0x40
 8004298:	d005      	beq.n	80042a6 <USBD_StdItfReq+0x20>
 800429a:	b123      	cbz	r3, 80042a6 <USBD_StdItfReq+0x20>
      USBD_CtlError(pdev, req);
 800429c:	f7ff fdf7 	bl	8003e8e <USBD_CtlError>
  USBD_StatusTypeDef ret = USBD_OK;
 80042a0:	2600      	movs	r6, #0
}
 80042a2:	4630      	mov	r0, r6
 80042a4:	bd70      	pop	{r4, r5, r6, pc}
      switch (pdev->dev_state)
 80042a6:	f895 329c 	ldrb.w	r3, [r5, #668]	@ 0x29c
 80042aa:	3b01      	subs	r3, #1
 80042ac:	2b02      	cmp	r3, #2
 80042ae:	d826      	bhi.n	80042fe <USBD_StdItfReq+0x78>
          if (LOBYTE(req->wIndex) <= USBD_MAX_NUM_INTERFACES)
 80042b0:	7921      	ldrb	r1, [r4, #4]
 80042b2:	2901      	cmp	r1, #1
 80042b4:	d905      	bls.n	80042c2 <USBD_StdItfReq+0x3c>
            USBD_CtlError(pdev, req);
 80042b6:	4621      	mov	r1, r4
 80042b8:	4628      	mov	r0, r5
 80042ba:	f7ff fde8 	bl	8003e8e <USBD_CtlError>
  USBD_StatusTypeDef ret = USBD_OK;
 80042be:	2600      	movs	r6, #0
 80042c0:	e7ef      	b.n	80042a2 <USBD_StdItfReq+0x1c>
            idx = USBD_CoreFindIF(pdev, LOBYTE(req->wIndex));
 80042c2:	4628      	mov	r0, r5
 80042c4:	f7ff fcca 	bl	8003c5c <USBD_CoreFindIF>
            if (((uint8_t)idx != 0xFFU) && (idx < USBD_MAX_SUPPORTED_CLASS))
 80042c8:	b968      	cbnz	r0, 80042e6 <USBD_StdItfReq+0x60>
              if (pdev->pClass[idx]->Setup != NULL)
 80042ca:	f100 02ae 	add.w	r2, r0, #174	@ 0xae
 80042ce:	f855 2022 	ldr.w	r2, [r5, r2, lsl #2]
 80042d2:	6891      	ldr	r1, [r2, #8]
 80042d4:	b189      	cbz	r1, 80042fa <USBD_StdItfReq+0x74>
                pdev->classId = idx;
 80042d6:	f8c5 02d4 	str.w	r0, [r5, #724]	@ 0x2d4
                ret = (USBD_StatusTypeDef)(pdev->pClass[idx]->Setup(pdev, req));
 80042da:	6893      	ldr	r3, [r2, #8]
 80042dc:	4621      	mov	r1, r4
 80042de:	4628      	mov	r0, r5
 80042e0:	4798      	blx	r3
 80042e2:	4606      	mov	r6, r0
 80042e4:	e000      	b.n	80042e8 <USBD_StdItfReq+0x62>
              ret = USBD_FAIL;
 80042e6:	2603      	movs	r6, #3
            if ((req->wLength == 0U) && (ret == USBD_OK))
 80042e8:	88e3      	ldrh	r3, [r4, #6]
 80042ea:	2b00      	cmp	r3, #0
 80042ec:	d1d9      	bne.n	80042a2 <USBD_StdItfReq+0x1c>
 80042ee:	2e00      	cmp	r6, #0
 80042f0:	d1d7      	bne.n	80042a2 <USBD_StdItfReq+0x1c>
              (void)USBD_CtlSendStatus(pdev);
 80042f2:	4628      	mov	r0, r5
 80042f4:	f000 fa0f 	bl	8004716 <USBD_CtlSendStatus>
 80042f8:	e7d3      	b.n	80042a2 <USBD_StdItfReq+0x1c>
                ret = USBD_FAIL;
 80042fa:	2603      	movs	r6, #3
 80042fc:	e7f4      	b.n	80042e8 <USBD_StdItfReq+0x62>
          USBD_CtlError(pdev, req);
 80042fe:	4621      	mov	r1, r4
 8004300:	4628      	mov	r0, r5
 8004302:	f7ff fdc4 	bl	8003e8e <USBD_CtlError>
  USBD_StatusTypeDef ret = USBD_OK;
 8004306:	2600      	movs	r6, #0
          break;
 8004308:	e7cb      	b.n	80042a2 <USBD_StdItfReq+0x1c>

0800430a <USBD_StdEPReq>:
{
 800430a:	e92d 41f0 	stmdb	sp!, {r4, r5, r6, r7, r8, lr}
 800430e:	4606      	mov	r6, r0
 8004310:	460d      	mov	r5, r1
  ep_addr = LOBYTE(req->wIndex);
 8004312:	888b      	ldrh	r3, [r1, #4]
 8004314:	b2df      	uxtb	r7, r3
  switch (req->bmRequest & USB_REQ_TYPE_MASK)
 8004316:	780c      	ldrb	r4, [r1, #0]
 8004318:	f004 0460 	and.w	r4, r4, #96	@ 0x60
 800431c:	2c20      	cmp	r4, #32
 800431e:	d008      	beq.n	8004332 <USBD_StdEPReq+0x28>
 8004320:	2c40      	cmp	r4, #64	@ 0x40
 8004322:	d006      	beq.n	8004332 <USBD_StdEPReq+0x28>
 8004324:	b1dc      	cbz	r4, 800435e <USBD_StdEPReq+0x54>
      USBD_CtlError(pdev, req);
 8004326:	f7ff fdb2 	bl	8003e8e <USBD_CtlError>
  USBD_StatusTypeDef ret = USBD_OK;
 800432a:	2400      	movs	r4, #0
}
 800432c:	4620      	mov	r0, r4
 800432e:	e8bd 81f0 	ldmia.w	sp!, {r4, r5, r6, r7, r8, pc}
      idx = USBD_CoreFindEP(pdev, ep_addr);
 8004332:	4639      	mov	r1, r7
 8004334:	4630      	mov	r0, r6
 8004336:	f7ff fc93 	bl	8003c60 <USBD_CoreFindEP>
      if (((uint8_t)idx != 0xFFU) && (idx < USBD_MAX_SUPPORTED_CLASS))
 800433a:	4604      	mov	r4, r0
 800433c:	2800      	cmp	r0, #0
 800433e:	f040 80f9 	bne.w	8004534 <USBD_StdEPReq+0x22a>
        pdev->classId = idx;
 8004342:	f8c6 02d4 	str.w	r0, [r6, #724]	@ 0x2d4
        if (pdev->pClass[idx]->Setup != NULL)
 8004346:	f100 03ae 	add.w	r3, r0, #174	@ 0xae
 800434a:	f856 3023 	ldr.w	r3, [r6, r3, lsl #2]
 800434e:	689b      	ldr	r3, [r3, #8]
 8004350:	2b00      	cmp	r3, #0
 8004352:	d0eb      	beq.n	800432c <USBD_StdEPReq+0x22>
          ret = (USBD_StatusTypeDef)pdev->pClass[idx]->Setup(pdev, req);
 8004354:	4629      	mov	r1, r5
 8004356:	4630      	mov	r0, r6
 8004358:	4798      	blx	r3
 800435a:	4604      	mov	r4, r0
 800435c:	e7e6      	b.n	800432c <USBD_StdEPReq+0x22>
      switch (req->bRequest)
 800435e:	f891 8001 	ldrb.w	r8, [r1, #1]
 8004362:	f1b8 0f01 	cmp.w	r8, #1
 8004366:	d031      	beq.n	80043cc <USBD_StdEPReq+0xc2>
 8004368:	f1b8 0f03 	cmp.w	r8, #3
 800436c:	d005      	beq.n	800437a <USBD_StdEPReq+0x70>
 800436e:	f1b8 0f00 	cmp.w	r8, #0
 8004372:	d067      	beq.n	8004444 <USBD_StdEPReq+0x13a>
          USBD_CtlError(pdev, req);
 8004374:	f7ff fd8b 	bl	8003e8e <USBD_CtlError>
          break;
 8004378:	e7d8      	b.n	800432c <USBD_StdEPReq+0x22>
          switch (pdev->dev_state)
 800437a:	f890 329c 	ldrb.w	r3, [r0, #668]	@ 0x29c
 800437e:	b2db      	uxtb	r3, r3
 8004380:	2b02      	cmp	r3, #2
 8004382:	d004      	beq.n	800438e <USBD_StdEPReq+0x84>
 8004384:	2b03      	cmp	r3, #3
 8004386:	d012      	beq.n	80043ae <USBD_StdEPReq+0xa4>
              USBD_CtlError(pdev, req);
 8004388:	f7ff fd81 	bl	8003e8e <USBD_CtlError>
              break;
 800438c:	e7ce      	b.n	800432c <USBD_StdEPReq+0x22>
              if ((ep_addr != 0x00U) && (ep_addr != 0x80U))
 800438e:	b10f      	cbz	r7, 8004394 <USBD_StdEPReq+0x8a>
 8004390:	2f80      	cmp	r7, #128	@ 0x80
 8004392:	d104      	bne.n	800439e <USBD_StdEPReq+0x94>
                USBD_CtlError(pdev, req);
 8004394:	4629      	mov	r1, r5
 8004396:	4630      	mov	r0, r6
 8004398:	f7ff fd79 	bl	8003e8e <USBD_CtlError>
 800439c:	e7c6      	b.n	800432c <USBD_StdEPReq+0x22>
                (void)USBD_LL_StallEP(pdev, ep_addr);
 800439e:	4639      	mov	r1, r7
 80043a0:	f7ff fb1e 	bl	80039e0 <USBD_LL_StallEP>
                (void)USBD_LL_StallEP(pdev, 0x80U);
 80043a4:	2180      	movs	r1, #128	@ 0x80
 80043a6:	4630      	mov	r0, r6
 80043a8:	f7ff fb1a 	bl	80039e0 <USBD_LL_StallEP>
 80043ac:	e7be      	b.n	800432c <USBD_StdEPReq+0x22>
              if (req->wValue == USB_FEATURE_EP_HALT)
 80043ae:	884b      	ldrh	r3, [r1, #2]
 80043b0:	b923      	cbnz	r3, 80043bc <USBD_StdEPReq+0xb2>
                if ((ep_addr != 0x00U) && (ep_addr != 0x80U) && (req->wLength == 0x00U))
 80043b2:	b11f      	cbz	r7, 80043bc <USBD_StdEPReq+0xb2>
 80043b4:	2f80      	cmp	r7, #128	@ 0x80
 80043b6:	d001      	beq.n	80043bc <USBD_StdEPReq+0xb2>
 80043b8:	88cb      	ldrh	r3, [r1, #6]
 80043ba:	b11b      	cbz	r3, 80043c4 <USBD_StdEPReq+0xba>
              (void)USBD_CtlSendStatus(pdev);
 80043bc:	4630      	mov	r0, r6
 80043be:	f000 f9aa 	bl	8004716 <USBD_CtlSendStatus>
              break;
 80043c2:	e7b3      	b.n	800432c <USBD_StdEPReq+0x22>
                  (void)USBD_LL_StallEP(pdev, ep_addr);
 80043c4:	4639      	mov	r1, r7
 80043c6:	f7ff fb0b 	bl	80039e0 <USBD_LL_StallEP>
 80043ca:	e7f7      	b.n	80043bc <USBD_StdEPReq+0xb2>
          switch (pdev->dev_state)
 80043cc:	f890 329c 	ldrb.w	r3, [r0, #668]	@ 0x29c
 80043d0:	b2db      	uxtb	r3, r3
 80043d2:	2b02      	cmp	r3, #2
 80043d4:	d004      	beq.n	80043e0 <USBD_StdEPReq+0xd6>
 80043d6:	2b03      	cmp	r3, #3
 80043d8:	d012      	beq.n	8004400 <USBD_StdEPReq+0xf6>
              USBD_CtlError(pdev, req);
 80043da:	f7ff fd58 	bl	8003e8e <USBD_CtlError>
              break;
 80043de:	e7a5      	b.n	800432c <USBD_StdEPReq+0x22>
              if ((ep_addr != 0x00U) && (ep_addr != 0x80U))
 80043e0:	b10f      	cbz	r7, 80043e6 <USBD_StdEPReq+0xdc>
 80043e2:	2f80      	cmp	r7, #128	@ 0x80
 80043e4:	d104      	bne.n	80043f0 <USBD_StdEPReq+0xe6>
                USBD_CtlError(pdev, req);
 80043e6:	4629      	mov	r1, r5
 80043e8:	4630      	mov	r0, r6
 80043ea:	f7ff fd50 	bl	8003e8e <USBD_CtlError>
 80043ee:	e79d      	b.n	800432c <USBD_StdEPReq+0x22>
                (void)USBD_LL_StallEP(pdev, ep_addr);
 80043f0:	4639      	mov	r1, r7
 80043f2:	f7ff faf5 	bl	80039e0 <USBD_LL_StallEP>
                (void)USBD_LL_StallEP(pdev, 0x80U);
 80043f6:	2180      	movs	r1, #128	@ 0x80
 80043f8:	4630      	mov	r0, r6
 80043fa:	f7ff faf1 	bl	80039e0 <USBD_LL_StallEP>
 80043fe:	e795      	b.n	800432c <USBD_StdEPReq+0x22>
              if (req->wValue == USB_FEATURE_EP_HALT)
 8004400:	884b      	ldrh	r3, [r1, #2]
 8004402:	2b00      	cmp	r3, #0
 8004404:	d192      	bne.n	800432c <USBD_StdEPReq+0x22>
                if ((ep_addr & 0x7FU) != 0x00U)
 8004406:	f017 0f7f 	tst.w	r7, #127	@ 0x7f
 800440a:	d117      	bne.n	800443c <USBD_StdEPReq+0x132>
                (void)USBD_CtlSendStatus(pdev);
 800440c:	4630      	mov	r0, r6
 800440e:	f000 f982 	bl	8004716 <USBD_CtlSendStatus>
                idx = USBD_CoreFindEP(pdev, ep_addr);
 8004412:	4639      	mov	r1, r7
 8004414:	4630      	mov	r0, r6
 8004416:	f7ff fc23 	bl	8003c60 <USBD_CoreFindEP>
                if (((uint8_t)idx != 0xFFU) && (idx < USBD_MAX_SUPPORTED_CLASS))
 800441a:	2800      	cmp	r0, #0
 800441c:	d186      	bne.n	800432c <USBD_StdEPReq+0x22>
                  pdev->classId = idx;
 800441e:	f8c6 02d4 	str.w	r0, [r6, #724]	@ 0x2d4
                  if (pdev->pClass[idx]->Setup != NULL)
 8004422:	f100 02ae 	add.w	r2, r0, #174	@ 0xae
 8004426:	f856 2022 	ldr.w	r2, [r6, r2, lsl #2]
 800442a:	6892      	ldr	r2, [r2, #8]
 800442c:	2a00      	cmp	r2, #0
 800442e:	f000 8083 	beq.w	8004538 <USBD_StdEPReq+0x22e>
                    ret = (USBD_StatusTypeDef)(pdev->pClass[idx]->Setup(pdev, req));
 8004432:	4629      	mov	r1, r5
 8004434:	4630      	mov	r0, r6
 8004436:	4790      	blx	r2
 8004438:	4604      	mov	r4, r0
 800443a:	e777      	b.n	800432c <USBD_StdEPReq+0x22>
                  (void)USBD_LL_ClearStallEP(pdev, ep_addr);
 800443c:	4639      	mov	r1, r7
 800443e:	f7ff fad7 	bl	80039f0 <USBD_LL_ClearStallEP>
 8004442:	e7e3      	b.n	800440c <USBD_StdEPReq+0x102>
          switch (pdev->dev_state)
 8004444:	f890 229c 	ldrb.w	r2, [r0, #668]	@ 0x29c
 8004448:	b2d2      	uxtb	r2, r2
 800444a:	2a02      	cmp	r2, #2
 800444c:	d005      	beq.n	800445a <USBD_StdEPReq+0x150>
 800444e:	2a03      	cmp	r2, #3
 8004450:	d028      	beq.n	80044a4 <USBD_StdEPReq+0x19a>
              USBD_CtlError(pdev, req);
 8004452:	f7ff fd1c 	bl	8003e8e <USBD_CtlError>
  USBD_StatusTypeDef ret = USBD_OK;
 8004456:	4644      	mov	r4, r8
              break;
 8004458:	e768      	b.n	800432c <USBD_StdEPReq+0x22>
              if ((ep_addr != 0x00U) && (ep_addr != 0x80U))
 800445a:	b10f      	cbz	r7, 8004460 <USBD_StdEPReq+0x156>
 800445c:	2f80      	cmp	r7, #128	@ 0x80
 800445e:	d114      	bne.n	800448a <USBD_StdEPReq+0x180>
              pep = ((ep_addr & 0x80U) == 0x80U) ? &pdev->ep_in[ep_addr & 0x7FU] : \
 8004460:	f013 0f80 	tst.w	r3, #128	@ 0x80
 8004464:	d115      	bne.n	8004492 <USBD_StdEPReq+0x188>
                    &pdev->ep_out[ep_addr & 0x7FU];
 8004466:	f007 077f 	and.w	r7, r7, #127	@ 0x7f
              pep = ((ep_addr & 0x80U) == 0x80U) ? &pdev->ep_in[ep_addr & 0x7FU] : \
 800446a:	eb07 0787 	add.w	r7, r7, r7, lsl #2
 800446e:	00b9      	lsls	r1, r7, #2
 8004470:	f501 71a8 	add.w	r1, r1, #336	@ 0x150
 8004474:	4431      	add	r1, r6
 8004476:	3104      	adds	r1, #4
              pep->status = 0x0000U;
 8004478:	2300      	movs	r3, #0
 800447a:	f801 3f0e 	strb.w	r3, [r1, #14]!
              (void)USBD_CtlSendData(pdev, (uint8_t *)&pep->status, 2U);
 800447e:	2202      	movs	r2, #2
 8004480:	4630      	mov	r0, r6
 8004482:	f000 f919 	bl	80046b8 <USBD_CtlSendData>
  USBD_StatusTypeDef ret = USBD_OK;
 8004486:	4644      	mov	r4, r8
              break;
 8004488:	e750      	b.n	800432c <USBD_StdEPReq+0x22>
                USBD_CtlError(pdev, req);
 800448a:	f7ff fd00 	bl	8003e8e <USBD_CtlError>
  USBD_StatusTypeDef ret = USBD_OK;
 800448e:	4644      	mov	r4, r8
                break;
 8004490:	e74c      	b.n	800432c <USBD_StdEPReq+0x22>
              pep = ((ep_addr & 0x80U) == 0x80U) ? &pdev->ep_in[ep_addr & 0x7FU] : \
 8004492:	f007 077f 	and.w	r7, r7, #127	@ 0x7f
 8004496:	eb07 0787 	add.w	r7, r7, r7, lsl #2
 800449a:	00b9      	lsls	r1, r7, #2
 800449c:	3110      	adds	r1, #16
 800449e:	4431      	add	r1, r6
 80044a0:	3104      	adds	r1, #4
 80044a2:	e7e9      	b.n	8004478 <USBD_StdEPReq+0x16e>
              if ((ep_addr & 0x80U) == 0x80U)
 80044a4:	b25b      	sxtb	r3, r3
 80044a6:	2b00      	cmp	r3, #0
 80044a8:	db20      	blt.n	80044ec <USBD_StdEPReq+0x1e2>
                if (pdev->ep_out[ep_addr & 0xFU].is_used == 0U)
 80044aa:	f007 020f 	and.w	r2, r7, #15
 80044ae:	eb02 0282 	add.w	r2, r2, r2, lsl #2
 80044b2:	eb00 0282 	add.w	r2, r0, r2, lsl #2
 80044b6:	f892 4163 	ldrb.w	r4, [r2, #355]	@ 0x163
 80044ba:	b324      	cbz	r4, 8004506 <USBD_StdEPReq+0x1fc>
              pep = ((ep_addr & 0x80U) == 0x80U) ? &pdev->ep_in[ep_addr & 0x7FU] : \
 80044bc:	2b00      	cmp	r3, #0
 80044be:	db25      	blt.n	800450c <USBD_StdEPReq+0x202>
                    &pdev->ep_out[ep_addr & 0x7FU];
 80044c0:	f007 037f 	and.w	r3, r7, #127	@ 0x7f
              pep = ((ep_addr & 0x80U) == 0x80U) ? &pdev->ep_in[ep_addr & 0x7FU] : \
 80044c4:	eb03 0383 	add.w	r3, r3, r3, lsl #2
 80044c8:	009c      	lsls	r4, r3, #2
 80044ca:	f504 74a8 	add.w	r4, r4, #336	@ 0x150
 80044ce:	4434      	add	r4, r6
 80044d0:	3404      	adds	r4, #4
              if ((ep_addr == 0x00U) || (ep_addr == 0x80U))
 80044d2:	b10f      	cbz	r7, 80044d8 <USBD_StdEPReq+0x1ce>
 80044d4:	2f80      	cmp	r7, #128	@ 0x80
 80044d6:	d122      	bne.n	800451e <USBD_StdEPReq+0x214>
                pep->status = 0x0000U;
 80044d8:	2300      	movs	r3, #0
 80044da:	73a3      	strb	r3, [r4, #14]
              (void)USBD_CtlSendData(pdev, (uint8_t *)&pep->status, 2U);
 80044dc:	2202      	movs	r2, #2
 80044de:	f104 010e 	add.w	r1, r4, #14
 80044e2:	4630      	mov	r0, r6
 80044e4:	f000 f8e8 	bl	80046b8 <USBD_CtlSendData>
  USBD_StatusTypeDef ret = USBD_OK;
 80044e8:	4644      	mov	r4, r8
              break;
 80044ea:	e71f      	b.n	800432c <USBD_StdEPReq+0x22>
                if (pdev->ep_in[ep_addr & 0xFU].is_used == 0U)
 80044ec:	f007 020f 	and.w	r2, r7, #15
 80044f0:	eb02 0282 	add.w	r2, r2, r2, lsl #2
 80044f4:	eb00 0282 	add.w	r2, r0, r2, lsl #2
 80044f8:	f892 4023 	ldrb.w	r4, [r2, #35]	@ 0x23
 80044fc:	2c00      	cmp	r4, #0
 80044fe:	d1dd      	bne.n	80044bc <USBD_StdEPReq+0x1b2>
                  USBD_CtlError(pdev, req);
 8004500:	f7ff fcc5 	bl	8003e8e <USBD_CtlError>
                  break;
 8004504:	e712      	b.n	800432c <USBD_StdEPReq+0x22>
                  USBD_CtlError(pdev, req);
 8004506:	f7ff fcc2 	bl	8003e8e <USBD_CtlError>
                  break;
 800450a:	e70f      	b.n	800432c <USBD_StdEPReq+0x22>
              pep = ((ep_addr & 0x80U) == 0x80U) ? &pdev->ep_in[ep_addr & 0x7FU] : \
 800450c:	f007 037f 	and.w	r3, r7, #127	@ 0x7f
 8004510:	eb03 0383 	add.w	r3, r3, r3, lsl #2
 8004514:	009c      	lsls	r4, r3, #2
 8004516:	3410      	adds	r4, #16
 8004518:	4434      	add	r4, r6
 800451a:	3404      	adds	r4, #4
 800451c:	e7d9      	b.n	80044d2 <USBD_StdEPReq+0x1c8>
              else if (USBD_LL_IsStallEP(pdev, ep_addr) != 0U)
 800451e:	4639      	mov	r1, r7
 8004520:	4630      	mov	r0, r6
 8004522:	f7ff fa17 	bl	8003954 <USBD_LL_IsStallEP>
 8004526:	b110      	cbz	r0, 800452e <USBD_StdEPReq+0x224>
                pep->status = 0x0001U;
 8004528:	2301      	movs	r3, #1
 800452a:	73a3      	strb	r3, [r4, #14]
 800452c:	e7d6      	b.n	80044dc <USBD_StdEPReq+0x1d2>
                pep->status = 0x0000U;
 800452e:	2300      	movs	r3, #0
 8004530:	73a3      	strb	r3, [r4, #14]
 8004532:	e7d3      	b.n	80044dc <USBD_StdEPReq+0x1d2>
  USBD_StatusTypeDef ret = USBD_OK;
 8004534:	2400      	movs	r4, #0
 8004536:	e6f9      	b.n	800432c <USBD_StdEPReq+0x22>
 8004538:	4604      	mov	r4, r0
 800453a:	e6f7      	b.n	800432c <USBD_StdEPReq+0x22>

0800453c <USBD_GetString>:
  if (desc == NULL)
 800453c:	b300      	cbz	r0, 8004580 <USBD_GetString+0x44>
{
 800453e:	b570      	push	{r4, r5, r6, lr}
 8004540:	460d      	mov	r5, r1
 8004542:	4616      	mov	r6, r2
 8004544:	4604      	mov	r4, r0
  *len = MIN(USBD_MAX_STR_DESC_SIZ, ((uint16_t)USBD_GetLen(pdesc) * 2U) + 2U);
 8004546:	f7ff fc84 	bl	8003e52 <USBD_GetLen>
 800454a:	3001      	adds	r0, #1
 800454c:	0043      	lsls	r3, r0, #1
 800454e:	f5b3 7f00 	cmp.w	r3, #512	@ 0x200
 8004552:	d806      	bhi.n	8004562 <USBD_GetString+0x26>
 8004554:	b29b      	uxth	r3, r3
 8004556:	8033      	strh	r3, [r6, #0]
  unicode[idx] = *(uint8_t *)len;
 8004558:	702b      	strb	r3, [r5, #0]
  unicode[idx] = USB_DESC_TYPE_STRING;
 800455a:	2303      	movs	r3, #3
 800455c:	706b      	strb	r3, [r5, #1]
  idx++;
 800455e:	2302      	movs	r3, #2
  while (*pdesc != (uint8_t)'\0')
 8004560:	e00a      	b.n	8004578 <USBD_GetString+0x3c>
  *len = MIN(USBD_MAX_STR_DESC_SIZ, ((uint16_t)USBD_GetLen(pdesc) * 2U) + 2U);
 8004562:	f44f 7300 	mov.w	r3, #512	@ 0x200
 8004566:	e7f6      	b.n	8004556 <USBD_GetString+0x1a>
    unicode[idx] = *pdesc;
 8004568:	54ea      	strb	r2, [r5, r3]
    pdesc++;
 800456a:	3401      	adds	r4, #1
    idx++;
 800456c:	1c5a      	adds	r2, r3, #1
 800456e:	b2d2      	uxtb	r2, r2
    unicode[idx] = 0U;
 8004570:	2100      	movs	r1, #0
 8004572:	54a9      	strb	r1, [r5, r2]
    idx++;
 8004574:	3302      	adds	r3, #2
 8004576:	b2db      	uxtb	r3, r3
  while (*pdesc != (uint8_t)'\0')
 8004578:	7822      	ldrb	r2, [r4, #0]
 800457a:	2a00      	cmp	r2, #0
 800457c:	d1f4      	bne.n	8004568 <USBD_GetString+0x2c>
}
 800457e:	bd70      	pop	{r4, r5, r6, pc}
 8004580:	4770      	bx	lr
	...

08004584 <USBD_FS_DeviceDescriptor>:
  * @retval Pointer to descriptor buffer
  */
uint8_t * USBD_FS_DeviceDescriptor(USBD_SpeedTypeDef speed, uint16_t *length)
{
  UNUSED(speed);
  *length = sizeof(USBD_FS_DeviceDesc);
 8004584:	2312      	movs	r3, #18
 8004586:	800b      	strh	r3, [r1, #0]
  return USBD_FS_DeviceDesc;
}
 8004588:	4800      	ldr	r0, [pc, #0]	@ (800458c <USBD_FS_DeviceDescriptor+0x8>)
 800458a:	4770      	bx	lr
 800458c:	200000c8 	.word	0x200000c8

08004590 <USBD_FS_LangIDStrDescriptor>:
  * @retval Pointer to descriptor buffer
  */
uint8_t * USBD_FS_LangIDStrDescriptor(USBD_SpeedTypeDef speed, uint16_t *length)
{
  UNUSED(speed);
  *length = sizeof(USBD_LangIDDesc);
 8004590:	2304      	movs	r3, #4
 8004592:	800b      	strh	r3, [r1, #0]
  return USBD_LangIDDesc;
}
 8004594:	4800      	ldr	r0, [pc, #0]	@ (8004598 <USBD_FS_LangIDStrDescriptor+0x8>)
 8004596:	4770      	bx	lr
 8004598:	200000c4 	.word	0x200000c4

0800459c <IntToUnicode>:
  */
static void IntToUnicode(uint32_t value, uint8_t * pbuf, uint8_t len)
{
  uint8_t idx = 0;

  for (idx = 0; idx < len; idx++)
 800459c:	2300      	movs	r3, #0
 800459e:	4293      	cmp	r3, r2
 80045a0:	d21e      	bcs.n	80045e0 <IntToUnicode+0x44>
{
 80045a2:	b500      	push	{lr}
 80045a4:	e010      	b.n	80045c8 <IntToUnicode+0x2c>
    {
      pbuf[2 * idx] = (value >> 28) + '0';
    }
    else
    {
      pbuf[2 * idx] = (value >> 28) + 'A' - 10;
 80045a6:	f10c 0c37 	add.w	ip, ip, #55	@ 0x37
 80045aa:	f801 c013 	strb.w	ip, [r1, r3, lsl #1]
    }

    value = value << 4;
 80045ae:	0100      	lsls	r0, r0, #4

    pbuf[2 * idx + 1] = 0;
 80045b0:	ea4f 0c43 	mov.w	ip, r3, lsl #1
 80045b4:	f10c 0c01 	add.w	ip, ip, #1
 80045b8:	f04f 0e00 	mov.w	lr, #0
 80045bc:	f801 e00c 	strb.w	lr, [r1, ip]
  for (idx = 0; idx < len; idx++)
 80045c0:	3301      	adds	r3, #1
 80045c2:	b2db      	uxtb	r3, r3
 80045c4:	4293      	cmp	r3, r2
 80045c6:	d209      	bcs.n	80045dc <IntToUnicode+0x40>
    if (((value >> 28)) < 0xA)
 80045c8:	ea4f 7c10 	mov.w	ip, r0, lsr #28
 80045cc:	f1b0 4f20 	cmp.w	r0, #2684354560	@ 0xa0000000
 80045d0:	d2e9      	bcs.n	80045a6 <IntToUnicode+0xa>
      pbuf[2 * idx] = (value >> 28) + '0';
 80045d2:	f10c 0c30 	add.w	ip, ip, #48	@ 0x30
 80045d6:	f801 c013 	strb.w	ip, [r1, r3, lsl #1]
 80045da:	e7e8      	b.n	80045ae <IntToUnicode+0x12>
  }
}
 80045dc:	f85d fb04 	ldr.w	pc, [sp], #4
 80045e0:	4770      	bx	lr
	...

080045e4 <Get_SerialNum>:
{
 80045e4:	b538      	push	{r3, r4, r5, lr}
  deviceserial0 = *(uint32_t *) DEVICE_ID1;
 80045e6:	4b0b      	ldr	r3, [pc, #44]	@ (8004614 <Get_SerialNum+0x30>)
 80045e8:	f8d3 0a10 	ldr.w	r0, [r3, #2576]	@ 0xa10
  deviceserial1 = *(uint32_t *) DEVICE_ID2;
 80045ec:	f8d3 4a14 	ldr.w	r4, [r3, #2580]	@ 0xa14
  deviceserial2 = *(uint32_t *) DEVICE_ID3;
 80045f0:	f8d3 3a18 	ldr.w	r3, [r3, #2584]	@ 0xa18
  if (deviceserial0 != 0)
 80045f4:	18c0      	adds	r0, r0, r3
 80045f6:	d100      	bne.n	80045fa <Get_SerialNum+0x16>
}
 80045f8:	bd38      	pop	{r3, r4, r5, pc}
    IntToUnicode(deviceserial0, &USBD_StringSerial[2], 8);
 80045fa:	4d07      	ldr	r5, [pc, #28]	@ (8004618 <Get_SerialNum+0x34>)
 80045fc:	2208      	movs	r2, #8
 80045fe:	4629      	mov	r1, r5
 8004600:	f7ff ffcc 	bl	800459c <IntToUnicode>
    IntToUnicode(deviceserial1, &USBD_StringSerial[18], 4);
 8004604:	2204      	movs	r2, #4
 8004606:	f105 0110 	add.w	r1, r5, #16
 800460a:	4620      	mov	r0, r4
 800460c:	f7ff ffc6 	bl	800459c <IntToUnicode>
}
 8004610:	e7f2      	b.n	80045f8 <Get_SerialNum+0x14>
 8004612:	bf00      	nop
 8004614:	1fff7000 	.word	0x1fff7000
 8004618:	200000aa 	.word	0x200000aa

0800461c <USBD_FS_SerialStrDescriptor>:
{
 800461c:	b508      	push	{r3, lr}
  *length = USB_SIZ_STRING_SERIAL;
 800461e:	231a      	movs	r3, #26
 8004620:	800b      	strh	r3, [r1, #0]
  Get_SerialNum();
 8004622:	f7ff ffdf 	bl	80045e4 <Get_SerialNum>
}
 8004626:	4801      	ldr	r0, [pc, #4]	@ (800462c <USBD_FS_SerialStrDescriptor+0x10>)
 8004628:	bd08      	pop	{r3, pc}
 800462a:	bf00      	nop
 800462c:	200000a8 	.word	0x200000a8

08004630 <USBD_FS_ProductStrDescriptor>:
{
 8004630:	b508      	push	{r3, lr}
 8004632:	460a      	mov	r2, r1
  if(speed == 0)
 8004634:	b928      	cbnz	r0, 8004642 <USBD_FS_ProductStrDescriptor+0x12>
    USBD_GetString((uint8_t *)USBD_PRODUCT_STRING_FS, USBD_StrDesc, length);
 8004636:	4905      	ldr	r1, [pc, #20]	@ (800464c <USBD_FS_ProductStrDescriptor+0x1c>)
 8004638:	4805      	ldr	r0, [pc, #20]	@ (8004650 <USBD_FS_ProductStrDescriptor+0x20>)
 800463a:	f7ff ff7f 	bl	800453c <USBD_GetString>
}
 800463e:	4803      	ldr	r0, [pc, #12]	@ (800464c <USBD_FS_ProductStrDescriptor+0x1c>)
 8004640:	bd08      	pop	{r3, pc}
    USBD_GetString((uint8_t *)USBD_PRODUCT_STRING_FS, USBD_StrDesc, length);
 8004642:	4902      	ldr	r1, [pc, #8]	@ (800464c <USBD_FS_ProductStrDescriptor+0x1c>)
 8004644:	4802      	ldr	r0, [pc, #8]	@ (8004650 <USBD_FS_ProductStrDescriptor+0x20>)
 8004646:	f7ff ff79 	bl	800453c <USBD_GetString>
 800464a:	e7f8      	b.n	800463e <USBD_FS_ProductStrDescriptor+0xe>
 800464c:	20001d30 	.word	0x20001d30
 8004650:	080047c8 	.word	0x080047c8

08004654 <USBD_FS_ManufacturerStrDescriptor>:
{
 8004654:	b510      	push	{r4, lr}
 8004656:	460a      	mov	r2, r1
  USBD_GetString((uint8_t *)USBD_MANUFACTURER_STRING, USBD_StrDesc, length);
 8004658:	4c03      	ldr	r4, [pc, #12]	@ (8004668 <USBD_FS_ManufacturerStrDescriptor+0x14>)
 800465a:	4621      	mov	r1, r4
 800465c:	4803      	ldr	r0, [pc, #12]	@ (800466c <USBD_FS_ManufacturerStrDescriptor+0x18>)
 800465e:	f7ff ff6d 	bl	800453c <USBD_GetString>
}
 8004662:	4620      	mov	r0, r4
 8004664:	bd10      	pop	{r4, pc}
 8004666:	bf00      	nop
 8004668:	20001d30 	.word	0x20001d30
 800466c:	080047e0 	.word	0x080047e0

08004670 <USBD_FS_ConfigStrDescriptor>:
{
 8004670:	b508      	push	{r3, lr}
 8004672:	460a      	mov	r2, r1
  if(speed == USBD_SPEED_HIGH)
 8004674:	b928      	cbnz	r0, 8004682 <USBD_FS_ConfigStrDescriptor+0x12>
    USBD_GetString((uint8_t *)USBD_CONFIGURATION_STRING_FS, USBD_StrDesc, length);
 8004676:	4905      	ldr	r1, [pc, #20]	@ (800468c <USBD_FS_ConfigStrDescriptor+0x1c>)
 8004678:	4805      	ldr	r0, [pc, #20]	@ (8004690 <USBD_FS_ConfigStrDescriptor+0x20>)
 800467a:	f7ff ff5f 	bl	800453c <USBD_GetString>
}
 800467e:	4803      	ldr	r0, [pc, #12]	@ (800468c <USBD_FS_ConfigStrDescriptor+0x1c>)
 8004680:	bd08      	pop	{r3, pc}
    USBD_GetString((uint8_t *)USBD_CONFIGURATION_STRING_FS, USBD_StrDesc, length);
 8004682:	4902      	ldr	r1, [pc, #8]	@ (800468c <USBD_FS_ConfigStrDescriptor+0x1c>)
 8004684:	4802      	ldr	r0, [pc, #8]	@ (8004690 <USBD_FS_ConfigStrDescriptor+0x20>)
 8004686:	f7ff ff59 	bl	800453c <USBD_GetString>
 800468a:	e7f8      	b.n	800467e <USBD_FS_ConfigStrDescriptor+0xe>
 800468c:	20001d30 	.word	0x20001d30
 8004690:	080047f4 	.word	0x080047f4

08004694 <USBD_FS_InterfaceStrDescriptor>:
{
 8004694:	b508      	push	{r3, lr}
 8004696:	460a      	mov	r2, r1
  if(speed == 0)
 8004698:	b928      	cbnz	r0, 80046a6 <USBD_FS_InterfaceStrDescriptor+0x12>
    USBD_GetString((uint8_t *)USBD_INTERFACE_STRING_FS, USBD_StrDesc, length);
 800469a:	4905      	ldr	r1, [pc, #20]	@ (80046b0 <USBD_FS_InterfaceStrDescriptor+0x1c>)
 800469c:	4805      	ldr	r0, [pc, #20]	@ (80046b4 <USBD_FS_InterfaceStrDescriptor+0x20>)
 800469e:	f7ff ff4d 	bl	800453c <USBD_GetString>
}
 80046a2:	4803      	ldr	r0, [pc, #12]	@ (80046b0 <USBD_FS_InterfaceStrDescriptor+0x1c>)
 80046a4:	bd08      	pop	{r3, pc}
    USBD_GetString((uint8_t *)USBD_INTERFACE_STRING_FS, USBD_StrDesc, length);
 80046a6:	4902      	ldr	r1, [pc, #8]	@ (80046b0 <USBD_FS_InterfaceStrDescriptor+0x1c>)
 80046a8:	4802      	ldr	r0, [pc, #8]	@ (80046b4 <USBD_FS_InterfaceStrDescriptor+0x20>)
 80046aa:	f7ff ff47 	bl	800453c <USBD_GetString>
 80046ae:	e7f8      	b.n	80046a2 <USBD_FS_InterfaceStrDescriptor+0xe>
 80046b0:	20001d30 	.word	0x20001d30
 80046b4:	08004800 	.word	0x08004800

080046b8 <USBD_CtlSendData>:
  * @param  len: length of data to be sent
  * @retval status
  */
USBD_StatusTypeDef USBD_CtlSendData(USBD_HandleTypeDef *pdev,
                                    uint8_t *pbuf, uint32_t len)
{
 80046b8:	b508      	push	{r3, lr}
 80046ba:	4613      	mov	r3, r2
  /* Set EP0 State */
  pdev->ep0_state = USBD_EP0_DATA_IN;
 80046bc:	2202      	movs	r2, #2
 80046be:	f8c0 2294 	str.w	r2, [r0, #660]	@ 0x294
  pdev->ep_in[0].total_length = len;
 80046c2:	6143      	str	r3, [r0, #20]
  pdev->ep_in[0].pbuffer = pbuf;
 80046c4:	6241      	str	r1, [r0, #36]	@ 0x24

#ifdef USBD_AVOID_PACKET_SPLIT_MPS
  pdev->ep_in[0].rem_length = 0U;
#else
  pdev->ep_in[0].rem_length = len;
 80046c6:	6183      	str	r3, [r0, #24]
#endif /* USBD_AVOID_PACKET_SPLIT_MPS */

  /* Start the transfer */
  (void)USBD_LL_Transmit(pdev, 0x00U, pbuf, len);
 80046c8:	460a      	mov	r2, r1
 80046ca:	2100      	movs	r1, #0
 80046cc:	f7ff f9a0 	bl	8003a10 <USBD_LL_Transmit>

  return USBD_OK;
}
 80046d0:	2000      	movs	r0, #0
 80046d2:	bd08      	pop	{r3, pc}

080046d4 <USBD_CtlContinueSendData>:
  * @param  len: length of data to be sent
  * @retval status
  */
USBD_StatusTypeDef USBD_CtlContinueSendData(USBD_HandleTypeDef *pdev,
                                            uint8_t *pbuf, uint32_t len)
{
 80046d4:	b508      	push	{r3, lr}
 80046d6:	4613      	mov	r3, r2
  /* Start the next transfer */
  (void)USBD_LL_Transmit(pdev, 0x00U, pbuf, len);
 80046d8:	460a      	mov	r2, r1
 80046da:	2100      	movs	r1, #0
 80046dc:	f7ff f998 	bl	8003a10 <USBD_LL_Transmit>

  return USBD_OK;
}
 80046e0:	2000      	movs	r0, #0
 80046e2:	bd08      	pop	{r3, pc}

080046e4 <USBD_CtlPrepareRx>:
  * @param  len: length of data to be received
  * @retval status
  */
USBD_StatusTypeDef USBD_CtlPrepareRx(USBD_HandleTypeDef *pdev,
                                     uint8_t *pbuf, uint32_t len)
{
 80046e4:	b508      	push	{r3, lr}
 80046e6:	4613      	mov	r3, r2
  /* Set EP0 State */
  pdev->ep0_state = USBD_EP0_DATA_OUT;
 80046e8:	2203      	movs	r2, #3
 80046ea:	f8c0 2294 	str.w	r2, [r0, #660]	@ 0x294
  pdev->ep_out[0].total_length = len;
 80046ee:	f8c0 3154 	str.w	r3, [r0, #340]	@ 0x154
  pdev->ep_out[0].pbuffer = pbuf;
 80046f2:	f8c0 1164 	str.w	r1, [r0, #356]	@ 0x164

#ifdef USBD_AVOID_PACKET_SPLIT_MPS
  pdev->ep_out[0].rem_length = 0U;
#else
  pdev->ep_out[0].rem_length = len;
 80046f6:	f8c0 3158 	str.w	r3, [r0, #344]	@ 0x158
#endif /* USBD_AVOID_PACKET_SPLIT_MPS */

  /* Start the transfer */
  (void)USBD_LL_PrepareReceive(pdev, 0U, pbuf, len);
 80046fa:	460a      	mov	r2, r1
 80046fc:	2100      	movs	r1, #0
 80046fe:	f7ff f98f 	bl	8003a20 <USBD_LL_PrepareReceive>

  return USBD_OK;
}
 8004702:	2000      	movs	r0, #0
 8004704:	bd08      	pop	{r3, pc}

08004706 <USBD_CtlContinueRx>:
  * @param  len: length of data to be received
  * @retval status
  */
USBD_StatusTypeDef USBD_CtlContinueRx(USBD_HandleTypeDef *pdev,
                                      uint8_t *pbuf, uint32_t len)
{
 8004706:	b508      	push	{r3, lr}
 8004708:	4613      	mov	r3, r2
  (void)USBD_LL_PrepareReceive(pdev, 0U, pbuf, len);
 800470a:	460a      	mov	r2, r1
 800470c:	2100      	movs	r1, #0
 800470e:	f7ff f987 	bl	8003a20 <USBD_LL_PrepareReceive>

  return USBD_OK;
}
 8004712:	2000      	movs	r0, #0
 8004714:	bd08      	pop	{r3, pc}

08004716 <USBD_CtlSendStatus>:
  *         send zero lzngth packet on the ctl pipe
  * @param  pdev: device instance
  * @retval status
  */
USBD_StatusTypeDef USBD_CtlSendStatus(USBD_HandleTypeDef *pdev)
{
 8004716:	b508      	push	{r3, lr}
  /* Set EP0 State */
  pdev->ep0_state = USBD_EP0_STATUS_IN;
 8004718:	2204      	movs	r2, #4
 800471a:	f8c0 2294 	str.w	r2, [r0, #660]	@ 0x294

  /* Start the transfer */
  (void)USBD_LL_Transmit(pdev, 0x00U, NULL, 0U);
 800471e:	2300      	movs	r3, #0
 8004720:	461a      	mov	r2, r3
 8004722:	4619      	mov	r1, r3
 8004724:	f7ff f974 	bl	8003a10 <USBD_LL_Transmit>

  return USBD_OK;
}
 8004728:	2000      	movs	r0, #0
 800472a:	bd08      	pop	{r3, pc}

0800472c <USBD_CtlReceiveStatus>:
  *         receive zero lzngth packet on the ctl pipe
  * @param  pdev: device instance
  * @retval status
  */
USBD_StatusTypeDef USBD_CtlReceiveStatus(USBD_HandleTypeDef *pdev)
{
 800472c:	b508      	push	{r3, lr}
  /* Set EP0 State */
  pdev->ep0_state = USBD_EP0_STATUS_OUT;
 800472e:	2205      	movs	r2, #5
 8004730:	f8c0 2294 	str.w	r2, [r0, #660]	@ 0x294

  /* Start the transfer */
  (void)USBD_LL_PrepareReceive(pdev, 0U, NULL, 0U);
 8004734:	2300      	movs	r3, #0
 8004736:	461a      	mov	r2, r3
 8004738:	4619      	mov	r1, r3
 800473a:	f7ff f971 	bl	8003a20 <USBD_LL_PrepareReceive>

  return USBD_OK;
}
 800473e:	2000      	movs	r0, #0
 8004740:	bd08      	pop	{r3, pc}
	...

08004744 <Reset_Handler>:

    .section  .text.Reset_Handler
  .weak  Reset_Handler
  .type  Reset_Handler, %function
Reset_Handler:  
  ldr   sp, =_estack     /* set stack pointer */
 8004744:	f8df d034 	ldr.w	sp, [pc, #52]	@ 800477c <LoopFillZerobss+0xe>
  
/* Call the clock system initialization function.*/
  bl  SystemInit  
 8004748:	f7fe fc84 	bl	8003054 <SystemInit>

/* Copy the data segment initializers from flash to SRAM */  
  ldr r0, =_sdata
 800474c:	480c      	ldr	r0, [pc, #48]	@ (8004780 <LoopFillZerobss+0x12>)
  ldr r1, =_edata
 800474e:	490d      	ldr	r1, [pc, #52]	@ (8004784 <LoopFillZerobss+0x16>)
  ldr r2, =_sidata
 8004750:	4a0d      	ldr	r2, [pc, #52]	@ (8004788 <LoopFillZerobss+0x1a>)
  movs r3, #0
 8004752:	2300      	movs	r3, #0
  b LoopCopyDataInit
 8004754:	e002      	b.n	800475c <LoopCopyDataInit>

08004756 <CopyDataInit>:

CopyDataInit:
  ldr r4, [r2, r3]
 8004756:	58d4      	ldr	r4, [r2, r3]
  str r4, [r0, r3]
 8004758:	50c4      	str	r4, [r0, r3]
  adds r3, r3, #4
 800475a:	3304      	adds	r3, #4

0800475c <LoopCopyDataInit>:

LoopCopyDataInit:
  adds r4, r0, r3
 800475c:	18c4      	adds	r4, r0, r3
  cmp r4, r1
 800475e:	428c      	cmp	r4, r1
  bcc CopyDataInit
 8004760:	d3f9      	bcc.n	8004756 <CopyDataInit>
  
/* Zero fill the bss segment. */
  ldr r2, =_sbss
 8004762:	4a0a      	ldr	r2, [pc, #40]	@ (800478c <LoopFillZerobss+0x1e>)
  ldr r4, =_ebss
 8004764:	4c0a      	ldr	r4, [pc, #40]	@ (8004790 <LoopFillZerobss+0x22>)
  movs r3, #0
 8004766:	2300      	movs	r3, #0
  b LoopFillZerobss
 8004768:	e001      	b.n	800476e <LoopFillZerobss>

0800476a <FillZerobss>:

FillZerobss:
  str  r3, [r2]
 800476a:	6013      	str	r3, [r2, #0]
  adds r2, r2, #4
 800476c:	3204      	adds	r2, #4

0800476e <LoopFillZerobss>:

LoopFillZerobss:
  cmp r2, r4
 800476e:	42a2      	cmp	r2, r4
  bcc FillZerobss
 8004770:	d3fb      	bcc.n	800476a <FillZerobss>
 
/* Call static constructors */
    bl __libc_init_array
 8004772:	f7fb fd4d 	bl	8000210 <__libc_init_array>
/* Call the application's entry point.*/
  bl  main
 8004776:	f7fc f819 	bl	80007ac <main>
  bx  lr    
 800477a:	4770      	bx	lr
  ldr   sp, =_estack     /* set stack pointer */
 800477c:	20020000 	.word	0x20020000
  ldr r0, =_sdata
 8004780:	20000000 	.word	0x20000000
  ldr r1, =_edata
 8004784:	200000f8 	.word	0x200000f8
  ldr r2, =_sidata
 8004788:	08004820 	.word	0x08004820
  ldr r2, =_sbss
 800478c:	200000f8 	.word	0x200000f8
  ldr r4, =_ebss
 8004790:	20001f30 	.word	0x20001f30

08004794 <ADC_IRQHandler>:
 * @retval None       
*/
    .section  .text.Default_Handler,"ax",%progbits
Default_Handler:
Infinite_Loop:
  b  Infinite_Loop
 8004794:	e7fe      	b.n	8004794 <ADC_IRQHandler>
	...

08004798 <_init>:
 8004798:	b5f8      	push	{r3, r4, r5, r6, r7, lr}
 800479a:	bf00      	nop
 800479c:	bcf8      	pop	{r3, r4, r5, r6, r7}
 800479e:	bc08      	pop	{r3}
 80047a0:	469e      	mov	lr, r3
 80047a2:	4770      	bx	lr

080047a4 <_fini>:
 80047a4:	b5f8      	push	{r3, r4, r5, r6, r7, lr}
 80047a6:	bf00      	nop
 80047a8:	bcf8      	pop	{r3, r4, r5, r6, r7}
 80047aa:	bc08      	pop	{r3}
 80047ac:	469e      	mov	lr, r3
 80047ae:	4770      	bx	lr
